Analysis & Synthesis report for dg_csr_top
Thu Oct  8 00:14:41 2026
Quartus Prime Version 25.1std.0 Build 1129 10/21/2025 SC Lite Edition


---------------------
; Table of Contents ;
---------------------
  1. Legal Notice
  2. Analysis & Synthesis Summary
  3. Analysis & Synthesis Settings
  4. Analysis & Synthesis Default Parameter Settings
  5. Parallel Compilation
  6. Analysis & Synthesis Source Files Read
  7. Analysis & Synthesis Resource Usage Summary
  8. Analysis & Synthesis Resource Utilization by Entity
  9. Analysis & Synthesis RAM Summary
 10. Analysis & Synthesis DSP Block Usage Summary
 11. State Machine - |dg_csr_top|dg_tile_core:core|state
 12. Registers Removed During Synthesis
 13. General Register Statistics
 14. Registers Packed Into Inferred Megafunctions
 15. Multiplexer Restructuring Statistics (Restructuring Performed)
 16. Source assignments for dg_tile_core:core|dg_tile_ram:banks[7].weight_bank|altsyncram:mem_rtl_0|altsyncram_rtr1:auto_generated
 17. Source assignments for dg_tile_core:core|dg_tile_ram:banks[6].weight_bank|altsyncram:mem_rtl_0|altsyncram_rtr1:auto_generated
 18. Source assignments for dg_tile_core:core|dg_tile_ram:banks[5].weight_bank|altsyncram:mem_rtl_0|altsyncram_rtr1:auto_generated
 19. Source assignments for dg_tile_core:core|dg_tile_ram:banks[4].weight_bank|altsyncram:mem_rtl_0|altsyncram_rtr1:auto_generated
 20. Source assignments for dg_tile_core:core|dg_tile_ram:banks[3].weight_bank|altsyncram:mem_rtl_0|altsyncram_rtr1:auto_generated
 21. Source assignments for dg_tile_core:core|dg_tile_ram:banks[2].weight_bank|altsyncram:mem_rtl_0|altsyncram_rtr1:auto_generated
 22. Source assignments for dg_tile_core:core|dg_tile_ram:banks[1].weight_bank|altsyncram:mem_rtl_0|altsyncram_rtr1:auto_generated
 23. Source assignments for dg_tile_core:core|dg_tile_ram:banks[0].weight_bank|altsyncram:mem_rtl_0|altsyncram_rtr1:auto_generated
 24. Source assignments for dg_tile_core:core|dg_tile_ram:input_bank|altsyncram:mem_rtl_0|altsyncram_rtr1:auto_generated
 25. Parameter Settings for User Entity Instance: Top-level Entity: |dg_csr_top
 26. Parameter Settings for User Entity Instance: dg_tile_core:core
 27. Parameter Settings for User Entity Instance: dg_tile_core:core|dg_tile_ram:input_bank
 28. Parameter Settings for User Entity Instance: dg_tile_core:core|dg_tile_ram:banks[0].weight_bank
 29. Parameter Settings for User Entity Instance: dg_tile_core:core|dg_tile_ram:banks[1].weight_bank
 30. Parameter Settings for User Entity Instance: dg_tile_core:core|dg_tile_ram:banks[2].weight_bank
 31. Parameter Settings for User Entity Instance: dg_tile_core:core|dg_tile_ram:banks[3].weight_bank
 32. Parameter Settings for User Entity Instance: dg_tile_core:core|dg_tile_ram:banks[4].weight_bank
 33. Parameter Settings for User Entity Instance: dg_tile_core:core|dg_tile_ram:banks[5].weight_bank
 34. Parameter Settings for User Entity Instance: dg_tile_core:core|dg_tile_ram:banks[6].weight_bank
 35. Parameter Settings for User Entity Instance: dg_tile_core:core|dg_tile_ram:banks[7].weight_bank
 36. Parameter Settings for Inferred Entity Instance: dg_tile_core:core|dg_tile_ram:banks[7].weight_bank|altsyncram:mem_rtl_0
 37. Parameter Settings for Inferred Entity Instance: dg_tile_core:core|dg_tile_ram:banks[6].weight_bank|altsyncram:mem_rtl_0
 38. Parameter Settings for Inferred Entity Instance: dg_tile_core:core|dg_tile_ram:banks[5].weight_bank|altsyncram:mem_rtl_0
 39. Parameter Settings for Inferred Entity Instance: dg_tile_core:core|dg_tile_ram:banks[4].weight_bank|altsyncram:mem_rtl_0
 40. Parameter Settings for Inferred Entity Instance: dg_tile_core:core|dg_tile_ram:banks[3].weight_bank|altsyncram:mem_rtl_0
 41. Parameter Settings for Inferred Entity Instance: dg_tile_core:core|dg_tile_ram:banks[2].weight_bank|altsyncram:mem_rtl_0
 42. Parameter Settings for Inferred Entity Instance: dg_tile_core:core|dg_tile_ram:banks[1].weight_bank|altsyncram:mem_rtl_0
 43. Parameter Settings for Inferred Entity Instance: dg_tile_core:core|dg_tile_ram:banks[0].weight_bank|altsyncram:mem_rtl_0
 44. Parameter Settings for Inferred Entity Instance: dg_tile_core:core|dg_tile_ram:input_bank|altsyncram:mem_rtl_0
 45. altsyncram Parameter Settings by Entity Instance
 46. Port Connectivity Checks: "dg_tile_core:core"
 47. Post-Synthesis Netlist Statistics for Top Partition
 48. Elapsed Time Per Partition
 49. Analysis & Synthesis Messages



----------------
; Legal Notice ;
----------------
Copyright (C) 2025  Altera Corporation. All rights reserved.
Your use of Altera Corporation's design tools, logic functions 
and other software and tools, and any partner logic 
functions, and any output files from any of the foregoing 
(including device programming or simulation files), and any 
associated documentation or information are expressly subject 
to the terms and conditions of the Altera Program License 
Subscription Agreement, the Altera Quartus Prime License Agreement,
the Altera IP License Agreement, or other applicable license
agreement, including, without limitation, that your use is for
the sole purpose of programming logic devices manufactured by
Altera and sold by Altera or its authorized distributors.  Please
refer to the Altera Software License Subscription Agreements 
on the Quartus Prime software download page.



+-----------------------------------------------------------------------------------+
; Analysis & Synthesis Summary                                                      ;
+---------------------------------+-------------------------------------------------+
; Analysis & Synthesis Status     ; Successful - Thu Oct  8 00:14:41 2026           ;
; Quartus Prime Version           ; 25.1std.0 Build 1129 10/21/2025 SC Lite Edition ;
; Revision Name                   ; dg_csr_top                                      ;
; Top-level Entity Name           ; dg_csr_top                                      ;
; Family                          ; Cyclone V                                       ;
; Logic utilization (in ALMs)     ; N/A                                             ;
; Total registers                 ; 957                                             ;
; Total pins                      ; 82                                              ;
; Total virtual pins              ; 0                                               ;
; Total block memory bits         ; 18,432                                          ;
; Total DSP Blocks                ; 11                                              ;
; Total HSSI RX PCSs              ; 0                                               ;
; Total HSSI PMA RX Deserializers ; 0                                               ;
; Total HSSI TX PCSs              ; 0                                               ;
; Total HSSI PMA TX Serializers   ; 0                                               ;
; Total PLLs                      ; 0                                               ;
; Total DLLs                      ; 0                                               ;
+---------------------------------+-------------------------------------------------+


+---------------------------------------------------------------------------------------------------------------------------+
; Analysis & Synthesis Settings                                                                                             ;
+---------------------------------------------------------------------------------+--------------------+--------------------+
; Option                                                                          ; Setting            ; Default Value      ;
+---------------------------------------------------------------------------------+--------------------+--------------------+
; Device                                                                          ; 5CSEBA6U23I7       ;                    ;
; Top-level entity name                                                           ; dg_csr_top         ; dg_csr_top         ;
; Family name                                                                     ; Cyclone V          ; Cyclone V          ;
; Use smart compilation                                                           ; Off                ; Off                ;
; Enable parallel Assembler and Timing Analyzer during compilation                ; On                 ; On                 ;
; Enable compact report table                                                     ; Off                ; Off                ;
; Restructure Multiplexers                                                        ; Auto               ; Auto               ;
; MLAB Add Timing Constraints For Mixed-Port Feed-Through Mode Setting Don't Care ; Off                ; Off                ;
; Create Debugging Nodes for IP Cores                                             ; Off                ; Off                ;
; Preserve fewer node names                                                       ; On                 ; On                 ;
; Intel FPGA IP Evaluation Mode                                                   ; Enable             ; Enable             ;
; Verilog Version                                                                 ; Verilog_2001       ; Verilog_2001       ;
; VHDL Version                                                                    ; VHDL_1993          ; VHDL_1993          ;
; State Machine Processing                                                        ; Auto               ; Auto               ;
; Safe State Machine                                                              ; Off                ; Off                ;
; Extract Verilog State Machines                                                  ; On                 ; On                 ;
; Extract VHDL State Machines                                                     ; On                 ; On                 ;
; Ignore Verilog initial constructs                                               ; Off                ; Off                ;
; Iteration limit for constant Verilog loops                                      ; 5000               ; 5000               ;
; Iteration limit for non-constant Verilog loops                                  ; 250                ; 250                ;
; Add Pass-Through Logic to Inferred RAMs                                         ; On                 ; On                 ;
; Infer RAMs from Raw Logic                                                       ; On                 ; On                 ;
; Parallel Synthesis                                                              ; On                 ; On                 ;
; DSP Block Balancing                                                             ; Auto               ; Auto               ;
; NOT Gate Push-Back                                                              ; On                 ; On                 ;
; Power-Up Don't Care                                                             ; On                 ; On                 ;
; Remove Redundant Logic Cells                                                    ; Off                ; Off                ;
; Remove Duplicate Registers                                                      ; On                 ; On                 ;
; Ignore CARRY Buffers                                                            ; Off                ; Off                ;
; Ignore CASCADE Buffers                                                          ; Off                ; Off                ;
; Ignore GLOBAL Buffers                                                           ; Off                ; Off                ;
; Ignore ROW GLOBAL Buffers                                                       ; Off                ; Off                ;
; Ignore LCELL Buffers                                                            ; Off                ; Off                ;
; Ignore SOFT Buffers                                                             ; On                 ; On                 ;
; Limit AHDL Integers to 32 Bits                                                  ; Off                ; Off                ;
; Optimization Technique                                                          ; Balanced           ; Balanced           ;
; Carry Chain Length                                                              ; 70                 ; 70                 ;
; Auto Carry Chains                                                               ; On                 ; On                 ;
; Auto Open-Drain Pins                                                            ; On                 ; On                 ;
; Perform WYSIWYG Primitive Resynthesis                                           ; Off                ; Off                ;
; Auto ROM Replacement                                                            ; On                 ; On                 ;
; Auto RAM Replacement                                                            ; On                 ; On                 ;
; Auto DSP Block Replacement                                                      ; On                 ; On                 ;
; Auto Shift Register Replacement                                                 ; Auto               ; Auto               ;
; Allow Shift Register Merging across Hierarchies                                 ; Auto               ; Auto               ;
; Auto Clock Enable Replacement                                                   ; On                 ; On                 ;
; Strict RAM Replacement                                                          ; Off                ; Off                ;
; Allow Synchronous Control Signals                                               ; On                 ; On                 ;
; Force Use of Synchronous Clear Signals                                          ; Off                ; Off                ;
; Auto Resource Sharing                                                           ; Off                ; Off                ;
; Allow Any RAM Size For Recognition                                              ; Off                ; Off                ;
; Allow Any ROM Size For Recognition                                              ; Off                ; Off                ;
; Allow Any Shift Register Size For Recognition                                   ; Off                ; Off                ;
; Use LogicLock Constraints during Resource Balancing                             ; On                 ; On                 ;
; Ignore translate_off and synthesis_off directives                               ; Off                ; Off                ;
; Timing-Driven Synthesis                                                         ; On                 ; On                 ;
; Report Parameter Settings                                                       ; On                 ; On                 ;
; Report Source Assignments                                                       ; On                 ; On                 ;
; Report Connectivity Checks                                                      ; On                 ; On                 ;
; Ignore Maximum Fan-Out Assignments                                              ; Off                ; Off                ;
; Synchronization Register Chain Length                                           ; 3                  ; 3                  ;
; Power Optimization During Synthesis                                             ; Normal compilation ; Normal compilation ;
; HDL message level                                                               ; Level2             ; Level2             ;
; Suppress Register Optimization Related Messages                                 ; Off                ; Off                ;
; Number of Removed Registers Reported in Synthesis Report                        ; 5000               ; 5000               ;
; Number of Swept Nodes Reported in Synthesis Report                              ; 5000               ; 5000               ;
; Number of Inverted Registers Reported in Synthesis Report                       ; 100                ; 100                ;
; Clock MUX Protection                                                            ; On                 ; On                 ;
; Auto Gated Clock Conversion                                                     ; Off                ; Off                ;
; Block Design Naming                                                             ; Auto               ; Auto               ;
; SDC constraint protection                                                       ; Off                ; Off                ;
; Synthesis Effort                                                                ; Auto               ; Auto               ;
; Shift Register Replacement - Allow Asynchronous Clear Signal                    ; On                 ; On                 ;
; Pre-Mapping Resynthesis Optimization                                            ; Off                ; Off                ;
; Analysis & Synthesis Message Level                                              ; Medium             ; Medium             ;
; Disable Register Merging Across Hierarchies                                     ; Auto               ; Auto               ;
; Resource Aware Inference For Block RAM                                          ; On                 ; On                 ;
; Automatic Parallel Synthesis                                                    ; On                 ; On                 ;
; Partial Reconfiguration Bitstream ID                                            ; Off                ; Off                ;
+---------------------------------------------------------------------------------+--------------------+--------------------+


+-------------------------------------------------+
; Analysis & Synthesis Default Parameter Settings ;
+-----------+-------------------------------------+
; Name      ; Setting                             ;
+-----------+-------------------------------------+
; LANES = 8 ; DEPTH = 256                         ;
+-----------+-------------------------------------+


+------------------------------------------+
; Parallel Compilation                     ;
+----------------------------+-------------+
; Processors                 ; Number      ;
+----------------------------+-------------+
; Number detected on machine ; 12          ;
; Maximum allowed            ; 12          ;
;                            ;             ;
; Average used               ; 1.00        ;
; Maximum used               ; 12          ;
;                            ;             ;
; Usage by Processor         ; % Time Used ;
;     Processor 1            ; 100.0%      ;
;     Processor 2            ;   0.0%      ;
;     Processor 3            ;   0.0%      ;
;     Processor 4            ;   0.0%      ;
;     Processor 5            ;   0.0%      ;
;     Processor 6            ;   0.0%      ;
;     Processor 7            ;   0.0%      ;
;     Processor 8            ;   0.0%      ;
;     Processors 9-12        ;   0.0%      ;
+----------------------------+-------------+


+------------------------------------------------------------------------------------------------------------------------------------------------------------------------------+
; Analysis & Synthesis Source Files Read                                                                                                                                       ;
+----------------------------------+-----------------+------------------------------+--------------------------------------------------------------------------------+---------+
; File Name with User-Entered Path ; Used in Netlist ; File Type                    ; File Name with Absolute Path                                                   ; Library ;
+----------------------------------+-----------------+------------------------------+--------------------------------------------------------------------------------+---------+
; ../../rtl/dg_tile_ram.v          ; yes             ; User Verilog HDL File        ; D:/LOMBA/HACKATOWN-PERURI/DualGuard/rtl/dg_tile_ram.v                          ;         ;
; ../../rtl/dg_tile_core.v         ; yes             ; User Verilog HDL File        ; D:/LOMBA/HACKATOWN-PERURI/DualGuard/rtl/dg_tile_core.v                         ;         ;
; ../../rtl/dg_requant.v           ; yes             ; User Verilog HDL File        ; D:/LOMBA/HACKATOWN-PERURI/DualGuard/rtl/dg_requant.v                           ;         ;
; ../../rtl/dg_mac_lane.v          ; yes             ; User Verilog HDL File        ; D:/LOMBA/HACKATOWN-PERURI/DualGuard/rtl/dg_mac_lane.v                          ;         ;
; ../../rtl/dg_csr_top.v           ; yes             ; User Verilog HDL File        ; D:/LOMBA/HACKATOWN-PERURI/DualGuard/rtl/dg_csr_top.v                           ;         ;
; altsyncram.tdf                   ; yes             ; Megafunction                 ; c:/altera_lite/25.1std/quartus/libraries/megafunctions/altsyncram.tdf          ;         ;
; stratix_ram_block.inc            ; yes             ; Megafunction                 ; c:/altera_lite/25.1std/quartus/libraries/megafunctions/stratix_ram_block.inc   ;         ;
; lpm_mux.inc                      ; yes             ; Megafunction                 ; c:/altera_lite/25.1std/quartus/libraries/megafunctions/lpm_mux.inc             ;         ;
; lpm_decode.inc                   ; yes             ; Megafunction                 ; c:/altera_lite/25.1std/quartus/libraries/megafunctions/lpm_decode.inc          ;         ;
; aglobal251.inc                   ; yes             ; Megafunction                 ; c:/altera_lite/25.1std/quartus/libraries/megafunctions/aglobal251.inc          ;         ;
; a_rdenreg.inc                    ; yes             ; Megafunction                 ; c:/altera_lite/25.1std/quartus/libraries/megafunctions/a_rdenreg.inc           ;         ;
; altrom.inc                       ; yes             ; Megafunction                 ; c:/altera_lite/25.1std/quartus/libraries/megafunctions/altrom.inc              ;         ;
; altram.inc                       ; yes             ; Megafunction                 ; c:/altera_lite/25.1std/quartus/libraries/megafunctions/altram.inc              ;         ;
; altdpram.inc                     ; yes             ; Megafunction                 ; c:/altera_lite/25.1std/quartus/libraries/megafunctions/altdpram.inc            ;         ;
; db/altsyncram_rtr1.tdf           ; yes             ; Auto-Generated Megafunction  ; D:/LOMBA/HACKATOWN-PERURI/DualGuard/quartus/dualguard_8/db/altsyncram_rtr1.tdf ;         ;
+----------------------------------+-----------------+------------------------------+--------------------------------------------------------------------------------+---------+


+---------------------------------------------------------+
; Analysis & Synthesis Resource Usage Summary             ;
+---------------------------------------------+-----------+
; Resource                                    ; Usage     ;
+---------------------------------------------+-----------+
; Estimate of Logic utilization (ALMs needed) ; 966       ;
;                                             ;           ;
; Combinational ALUT usage for logic          ; 1134      ;
;     -- 7 input functions                    ; 5         ;
;     -- 6 input functions                    ; 468       ;
;     -- 5 input functions                    ; 178       ;
;     -- 4 input functions                    ; 76        ;
;     -- <=3 input functions                  ; 407       ;
;                                             ;           ;
; Dedicated logic registers                   ; 957       ;
;                                             ;           ;
; I/O pins                                    ; 82        ;
; Total MLAB memory bits                      ; 0         ;
; Total block memory bits                     ; 18432     ;
;                                             ;           ;
; Total DSP Blocks                            ; 11        ;
;                                             ;           ;
; Maximum fan-out node                        ; clk~input ;
; Maximum fan-out                             ; 1029      ;
; Total fan-out                               ; 11539     ;
; Average fan-out                             ; 4.94      ;
+---------------------------------------------+-----------+


+-------------------------------------------------------------------------------------------------------------------------------------------------------------------------------------------------------------------------------------------------------------------------------------------------------------+
; Analysis & Synthesis Resource Utilization by Entity                                                                                                                                                                                                                                                         ;
+----------------------------------------------+---------------------+---------------------------+-------------------+------------+------+--------------+--------------------------------------------------------------------------------------------------------------------+-----------------+--------------+
; Compilation Hierarchy Node                   ; Combinational ALUTs ; Dedicated Logic Registers ; Block Memory Bits ; DSP Blocks ; Pins ; Virtual Pins ; Full Hierarchy Name                                                                                                ; Entity Name     ; Library Name ;
+----------------------------------------------+---------------------+---------------------------+-------------------+------------+------+--------------+--------------------------------------------------------------------------------------------------------------------+-----------------+--------------+
; |dg_csr_top                                  ; 1134 (214)          ; 957 (84)                  ; 18432             ; 11         ; 82   ; 0            ; |dg_csr_top                                                                                                        ; dg_csr_top      ; work         ;
;    |dg_tile_core:core|                       ; 920 (352)           ; 873 (617)                 ; 18432             ; 11         ; 0    ; 0            ; |dg_csr_top|dg_tile_core:core                                                                                      ; dg_tile_core    ; work         ;
;       |dg_mac_lane:banks[0].mac|             ; 0 (0)               ; 32 (32)                   ; 0                 ; 1          ; 0    ; 0            ; |dg_csr_top|dg_tile_core:core|dg_mac_lane:banks[0].mac                                                             ; dg_mac_lane     ; work         ;
;       |dg_mac_lane:banks[1].mac|             ; 0 (0)               ; 32 (32)                   ; 0                 ; 1          ; 0    ; 0            ; |dg_csr_top|dg_tile_core:core|dg_mac_lane:banks[1].mac                                                             ; dg_mac_lane     ; work         ;
;       |dg_mac_lane:banks[2].mac|             ; 0 (0)               ; 32 (32)                   ; 0                 ; 1          ; 0    ; 0            ; |dg_csr_top|dg_tile_core:core|dg_mac_lane:banks[2].mac                                                             ; dg_mac_lane     ; work         ;
;       |dg_mac_lane:banks[3].mac|             ; 0 (0)               ; 32 (32)                   ; 0                 ; 1          ; 0    ; 0            ; |dg_csr_top|dg_tile_core:core|dg_mac_lane:banks[3].mac                                                             ; dg_mac_lane     ; work         ;
;       |dg_mac_lane:banks[4].mac|             ; 1 (1)               ; 32 (32)                   ; 0                 ; 1          ; 0    ; 0            ; |dg_csr_top|dg_tile_core:core|dg_mac_lane:banks[4].mac                                                             ; dg_mac_lane     ; work         ;
;       |dg_mac_lane:banks[5].mac|             ; 0 (0)               ; 32 (32)                   ; 0                 ; 1          ; 0    ; 0            ; |dg_csr_top|dg_tile_core:core|dg_mac_lane:banks[5].mac                                                             ; dg_mac_lane     ; work         ;
;       |dg_mac_lane:banks[6].mac|             ; 0 (0)               ; 32 (32)                   ; 0                 ; 1          ; 0    ; 0            ; |dg_csr_top|dg_tile_core:core|dg_mac_lane:banks[6].mac                                                             ; dg_mac_lane     ; work         ;
;       |dg_mac_lane:banks[7].mac|             ; 0 (0)               ; 32 (32)                   ; 0                 ; 1          ; 0    ; 0            ; |dg_csr_top|dg_tile_core:core|dg_mac_lane:banks[7].mac                                                             ; dg_mac_lane     ; work         ;
;       |dg_requant:quant|                     ; 549 (549)           ; 0 (0)                     ; 0                 ; 3          ; 0    ; 0            ; |dg_csr_top|dg_tile_core:core|dg_requant:quant                                                                     ; dg_requant      ; work         ;
;       |dg_tile_ram:banks[0].weight_bank|     ; 1 (1)               ; 0 (0)                     ; 2048              ; 0          ; 0    ; 0            ; |dg_csr_top|dg_tile_core:core|dg_tile_ram:banks[0].weight_bank                                                     ; dg_tile_ram     ; work         ;
;          |altsyncram:mem_rtl_0|              ; 0 (0)               ; 0 (0)                     ; 2048              ; 0          ; 0    ; 0            ; |dg_csr_top|dg_tile_core:core|dg_tile_ram:banks[0].weight_bank|altsyncram:mem_rtl_0                                ; altsyncram      ; work         ;
;             |altsyncram_rtr1:auto_generated| ; 0 (0)               ; 0 (0)                     ; 2048              ; 0          ; 0    ; 0            ; |dg_csr_top|dg_tile_core:core|dg_tile_ram:banks[0].weight_bank|altsyncram:mem_rtl_0|altsyncram_rtr1:auto_generated ; altsyncram_rtr1 ; work         ;
;       |dg_tile_ram:banks[1].weight_bank|     ; 1 (1)               ; 0 (0)                     ; 2048              ; 0          ; 0    ; 0            ; |dg_csr_top|dg_tile_core:core|dg_tile_ram:banks[1].weight_bank                                                     ; dg_tile_ram     ; work         ;
;          |altsyncram:mem_rtl_0|              ; 0 (0)               ; 0 (0)                     ; 2048              ; 0          ; 0    ; 0            ; |dg_csr_top|dg_tile_core:core|dg_tile_ram:banks[1].weight_bank|altsyncram:mem_rtl_0                                ; altsyncram      ; work         ;
;             |altsyncram_rtr1:auto_generated| ; 0 (0)               ; 0 (0)                     ; 2048              ; 0          ; 0    ; 0            ; |dg_csr_top|dg_tile_core:core|dg_tile_ram:banks[1].weight_bank|altsyncram:mem_rtl_0|altsyncram_rtr1:auto_generated ; altsyncram_rtr1 ; work         ;
;       |dg_tile_ram:banks[2].weight_bank|     ; 1 (1)               ; 0 (0)                     ; 2048              ; 0          ; 0    ; 0            ; |dg_csr_top|dg_tile_core:core|dg_tile_ram:banks[2].weight_bank                                                     ; dg_tile_ram     ; work         ;
;          |altsyncram:mem_rtl_0|              ; 0 (0)               ; 0 (0)                     ; 2048              ; 0          ; 0    ; 0            ; |dg_csr_top|dg_tile_core:core|dg_tile_ram:banks[2].weight_bank|altsyncram:mem_rtl_0                                ; altsyncram      ; work         ;
;             |altsyncram_rtr1:auto_generated| ; 0 (0)               ; 0 (0)                     ; 2048              ; 0          ; 0    ; 0            ; |dg_csr_top|dg_tile_core:core|dg_tile_ram:banks[2].weight_bank|altsyncram:mem_rtl_0|altsyncram_rtr1:auto_generated ; altsyncram_rtr1 ; work         ;
;       |dg_tile_ram:banks[3].weight_bank|     ; 1 (1)               ; 0 (0)                     ; 2048              ; 0          ; 0    ; 0            ; |dg_csr_top|dg_tile_core:core|dg_tile_ram:banks[3].weight_bank                                                     ; dg_tile_ram     ; work         ;
;          |altsyncram:mem_rtl_0|              ; 0 (0)               ; 0 (0)                     ; 2048              ; 0          ; 0    ; 0            ; |dg_csr_top|dg_tile_core:core|dg_tile_ram:banks[3].weight_bank|altsyncram:mem_rtl_0                                ; altsyncram      ; work         ;
;             |altsyncram_rtr1:auto_generated| ; 0 (0)               ; 0 (0)                     ; 2048              ; 0          ; 0    ; 0            ; |dg_csr_top|dg_tile_core:core|dg_tile_ram:banks[3].weight_bank|altsyncram:mem_rtl_0|altsyncram_rtr1:auto_generated ; altsyncram_rtr1 ; work         ;
;       |dg_tile_ram:banks[4].weight_bank|     ; 1 (1)               ; 0 (0)                     ; 2048              ; 0          ; 0    ; 0            ; |dg_csr_top|dg_tile_core:core|dg_tile_ram:banks[4].weight_bank                                                     ; dg_tile_ram     ; work         ;
;          |altsyncram:mem_rtl_0|              ; 0 (0)               ; 0 (0)                     ; 2048              ; 0          ; 0    ; 0            ; |dg_csr_top|dg_tile_core:core|dg_tile_ram:banks[4].weight_bank|altsyncram:mem_rtl_0                                ; altsyncram      ; work         ;
;             |altsyncram_rtr1:auto_generated| ; 0 (0)               ; 0 (0)                     ; 2048              ; 0          ; 0    ; 0            ; |dg_csr_top|dg_tile_core:core|dg_tile_ram:banks[4].weight_bank|altsyncram:mem_rtl_0|altsyncram_rtr1:auto_generated ; altsyncram_rtr1 ; work         ;
;       |dg_tile_ram:banks[5].weight_bank|     ; 1 (1)               ; 0 (0)                     ; 2048              ; 0          ; 0    ; 0            ; |dg_csr_top|dg_tile_core:core|dg_tile_ram:banks[5].weight_bank                                                     ; dg_tile_ram     ; work         ;
;          |altsyncram:mem_rtl_0|              ; 0 (0)               ; 0 (0)                     ; 2048              ; 0          ; 0    ; 0            ; |dg_csr_top|dg_tile_core:core|dg_tile_ram:banks[5].weight_bank|altsyncram:mem_rtl_0                                ; altsyncram      ; work         ;
;             |altsyncram_rtr1:auto_generated| ; 0 (0)               ; 0 (0)                     ; 2048              ; 0          ; 0    ; 0            ; |dg_csr_top|dg_tile_core:core|dg_tile_ram:banks[5].weight_bank|altsyncram:mem_rtl_0|altsyncram_rtr1:auto_generated ; altsyncram_rtr1 ; work         ;
;       |dg_tile_ram:banks[6].weight_bank|     ; 1 (1)               ; 0 (0)                     ; 2048              ; 0          ; 0    ; 0            ; |dg_csr_top|dg_tile_core:core|dg_tile_ram:banks[6].weight_bank                                                     ; dg_tile_ram     ; work         ;
;          |altsyncram:mem_rtl_0|              ; 0 (0)               ; 0 (0)                     ; 2048              ; 0          ; 0    ; 0            ; |dg_csr_top|dg_tile_core:core|dg_tile_ram:banks[6].weight_bank|altsyncram:mem_rtl_0                                ; altsyncram      ; work         ;
;             |altsyncram_rtr1:auto_generated| ; 0 (0)               ; 0 (0)                     ; 2048              ; 0          ; 0    ; 0            ; |dg_csr_top|dg_tile_core:core|dg_tile_ram:banks[6].weight_bank|altsyncram:mem_rtl_0|altsyncram_rtr1:auto_generated ; altsyncram_rtr1 ; work         ;
;       |dg_tile_ram:banks[7].weight_bank|     ; 5 (5)               ; 0 (0)                     ; 2048              ; 0          ; 0    ; 0            ; |dg_csr_top|dg_tile_core:core|dg_tile_ram:banks[7].weight_bank                                                     ; dg_tile_ram     ; work         ;
;          |altsyncram:mem_rtl_0|              ; 0 (0)               ; 0 (0)                     ; 2048              ; 0          ; 0    ; 0            ; |dg_csr_top|dg_tile_core:core|dg_tile_ram:banks[7].weight_bank|altsyncram:mem_rtl_0                                ; altsyncram      ; work         ;
;             |altsyncram_rtr1:auto_generated| ; 0 (0)               ; 0 (0)                     ; 2048              ; 0          ; 0    ; 0            ; |dg_csr_top|dg_tile_core:core|dg_tile_ram:banks[7].weight_bank|altsyncram:mem_rtl_0|altsyncram_rtr1:auto_generated ; altsyncram_rtr1 ; work         ;
;       |dg_tile_ram:input_bank|               ; 6 (6)               ; 0 (0)                     ; 2048              ; 0          ; 0    ; 0            ; |dg_csr_top|dg_tile_core:core|dg_tile_ram:input_bank                                                               ; dg_tile_ram     ; work         ;
;          |altsyncram:mem_rtl_0|              ; 0 (0)               ; 0 (0)                     ; 2048              ; 0          ; 0    ; 0            ; |dg_csr_top|dg_tile_core:core|dg_tile_ram:input_bank|altsyncram:mem_rtl_0                                          ; altsyncram      ; work         ;
;             |altsyncram_rtr1:auto_generated| ; 0 (0)               ; 0 (0)                     ; 2048              ; 0          ; 0    ; 0            ; |dg_csr_top|dg_tile_core:core|dg_tile_ram:input_bank|altsyncram:mem_rtl_0|altsyncram_rtr1:auto_generated           ; altsyncram_rtr1 ; work         ;
+----------------------------------------------+---------------------+---------------------------+-------------------+------------+------+--------------+--------------------------------------------------------------------------------------------------------------------+-----------------+--------------+
Note: For table entries with two numbers listed, the numbers in parentheses indicate the number of resources of the given type used by the specific entity alone. The numbers listed outside of parentheses indicate the total resources of the given type used by the specific entity and all of its sub-entities in the hierarchy.


+-----------------------------------------------------------------------------------------------------------------------------------------------------------------------------------------------------------------------------+
; Analysis & Synthesis RAM Summary                                                                                                                                                                                            ;
+-------------------------------------------------------------------------------------------------------------------+------------+------------------+--------------+--------------+--------------+--------------+------+------+
; Name                                                                                                              ; Type       ; Mode             ; Port A Depth ; Port A Width ; Port B Depth ; Port B Width ; Size ; MIF  ;
+-------------------------------------------------------------------------------------------------------------------+------------+------------------+--------------+--------------+--------------+--------------+------+------+
; dg_tile_core:core|dg_tile_ram:banks[0].weight_bank|altsyncram:mem_rtl_0|altsyncram_rtr1:auto_generated|ALTSYNCRAM ; M10K block ; Simple Dual Port ; 256          ; 8            ; 256          ; 8            ; 2048 ; None ;
; dg_tile_core:core|dg_tile_ram:banks[1].weight_bank|altsyncram:mem_rtl_0|altsyncram_rtr1:auto_generated|ALTSYNCRAM ; M10K block ; Simple Dual Port ; 256          ; 8            ; 256          ; 8            ; 2048 ; None ;
; dg_tile_core:core|dg_tile_ram:banks[2].weight_bank|altsyncram:mem_rtl_0|altsyncram_rtr1:auto_generated|ALTSYNCRAM ; M10K block ; Simple Dual Port ; 256          ; 8            ; 256          ; 8            ; 2048 ; None ;
; dg_tile_core:core|dg_tile_ram:banks[3].weight_bank|altsyncram:mem_rtl_0|altsyncram_rtr1:auto_generated|ALTSYNCRAM ; M10K block ; Simple Dual Port ; 256          ; 8            ; 256          ; 8            ; 2048 ; None ;
; dg_tile_core:core|dg_tile_ram:banks[4].weight_bank|altsyncram:mem_rtl_0|altsyncram_rtr1:auto_generated|ALTSYNCRAM ; M10K block ; Simple Dual Port ; 256          ; 8            ; 256          ; 8            ; 2048 ; None ;
; dg_tile_core:core|dg_tile_ram:banks[5].weight_bank|altsyncram:mem_rtl_0|altsyncram_rtr1:auto_generated|ALTSYNCRAM ; M10K block ; Simple Dual Port ; 256          ; 8            ; 256          ; 8            ; 2048 ; None ;
; dg_tile_core:core|dg_tile_ram:banks[6].weight_bank|altsyncram:mem_rtl_0|altsyncram_rtr1:auto_generated|ALTSYNCRAM ; M10K block ; Simple Dual Port ; 256          ; 8            ; 256          ; 8            ; 2048 ; None ;
; dg_tile_core:core|dg_tile_ram:banks[7].weight_bank|altsyncram:mem_rtl_0|altsyncram_rtr1:auto_generated|ALTSYNCRAM ; M10K block ; Simple Dual Port ; 256          ; 8            ; 256          ; 8            ; 2048 ; None ;
; dg_tile_core:core|dg_tile_ram:input_bank|altsyncram:mem_rtl_0|altsyncram_rtr1:auto_generated|ALTSYNCRAM           ; M10K block ; Simple Dual Port ; 256          ; 8            ; 256          ; 8            ; 2048 ; None ;
+-------------------------------------------------------------------------------------------------------------------+------------+------------------+--------------+--------------+--------------+--------------+------+------+


+-------------------------------------------------+
; Analysis & Synthesis DSP Block Usage Summary    ;
+-----------------------------------+-------------+
; Statistic                         ; Number Used ;
+-----------------------------------+-------------+
; Two Independent 18x18             ; 2           ;
; Independent 18x18 plus 36         ; 8           ;
; Sum of two 18x18                  ; 1           ;
; Total number of DSP blocks        ; 11          ;
;                                   ;             ;
; Fixed Point Signed Multiplier     ; 9           ;
; Fixed Point Unsigned Multiplier   ; 1           ;
; Fixed Point Mixed Sign Multiplier ; 2           ;
+-----------------------------------+-------------+


Encoding Type:  One-Hot
+---------------------------------------------------------------------------------+
; State Machine - |dg_csr_top|dg_tile_core:core|state                             ;
+--------------+--------------+-----------+-------------+------------+------------+
; Name         ; state.FINISH ; state.MAC ; state.FETCH ; state.IDLE ; state.EMIT ;
+--------------+--------------+-----------+-------------+------------+------------+
; state.IDLE   ; 0            ; 0         ; 0           ; 0          ; 0          ;
; state.FETCH  ; 0            ; 0         ; 1           ; 1          ; 0          ;
; state.MAC    ; 0            ; 1         ; 0           ; 1          ; 0          ;
; state.FINISH ; 1            ; 0         ; 0           ; 1          ; 0          ;
; state.EMIT   ; 0            ; 0         ; 0           ; 1          ; 1          ;
+--------------+--------------+-----------+-------------+------------+------------+


+------------------------------------------------------------+
; Registers Removed During Synthesis                         ;
+---------------------------------------+--------------------+
; Register name                         ; Reason for Removal ;
+---------------------------------------+--------------------+
; dg_tile_core:core|state~3             ; Lost fanout        ;
; dg_tile_core:core|state~4             ; Lost fanout        ;
; Total Number of Removed Registers = 2 ;                    ;
+---------------------------------------+--------------------+


+------------------------------------------------------+
; General Register Statistics                          ;
+----------------------------------------------+-------+
; Statistic                                    ; Value ;
+----------------------------------------------+-------+
; Total registers                              ; 957   ;
; Number of registers using Synchronous Clear  ; 947   ;
; Number of registers using Synchronous Load   ; 265   ;
; Number of registers using Asynchronous Clear ; 0     ;
; Number of registers using Asynchronous Load  ; 0     ;
; Number of registers using Clock Enable       ; 939   ;
; Number of registers using Preset             ; 0     ;
+----------------------------------------------+-------+


+----------------------------------------------------------------------------------------------------------------------------------+
; Registers Packed Into Inferred Megafunctions                                                                                     ;
+------------------------------------------------------------+--------------------------------------------------------------+------+
; Register Name                                              ; Megafunction                                                 ; Type ;
+------------------------------------------------------------+--------------------------------------------------------------+------+
; dg_tile_core:core|dg_tile_ram:banks[7].weight_bank|q[0..7] ; dg_tile_core:core|dg_tile_ram:banks[7].weight_bank|mem_rtl_0 ; RAM  ;
; dg_tile_core:core|dg_tile_ram:banks[6].weight_bank|q[0..7] ; dg_tile_core:core|dg_tile_ram:banks[6].weight_bank|mem_rtl_0 ; RAM  ;
; dg_tile_core:core|dg_tile_ram:banks[5].weight_bank|q[0..7] ; dg_tile_core:core|dg_tile_ram:banks[5].weight_bank|mem_rtl_0 ; RAM  ;
; dg_tile_core:core|dg_tile_ram:banks[4].weight_bank|q[0..7] ; dg_tile_core:core|dg_tile_ram:banks[4].weight_bank|mem_rtl_0 ; RAM  ;
; dg_tile_core:core|dg_tile_ram:banks[3].weight_bank|q[0..7] ; dg_tile_core:core|dg_tile_ram:banks[3].weight_bank|mem_rtl_0 ; RAM  ;
; dg_tile_core:core|dg_tile_ram:banks[2].weight_bank|q[0..7] ; dg_tile_core:core|dg_tile_ram:banks[2].weight_bank|mem_rtl_0 ; RAM  ;
; dg_tile_core:core|dg_tile_ram:banks[1].weight_bank|q[0..7] ; dg_tile_core:core|dg_tile_ram:banks[1].weight_bank|mem_rtl_0 ; RAM  ;
; dg_tile_core:core|dg_tile_ram:banks[0].weight_bank|q[0..7] ; dg_tile_core:core|dg_tile_ram:banks[0].weight_bank|mem_rtl_0 ; RAM  ;
; dg_tile_core:core|dg_tile_ram:input_bank|q[0..7]           ; dg_tile_core:core|dg_tile_ram:input_bank|mem_rtl_0           ; RAM  ;
+------------------------------------------------------------+--------------------------------------------------------------+------+


+------------------------------------------------------------------------------------------------------------------------------------------------------------------------------+
; Multiplexer Restructuring Statistics (Restructuring Performed)                                                                                                               ;
+--------------------+-----------+---------------+----------------------+------------------------+------------+----------------------------------------------------------------+
; Multiplexer Inputs ; Bus Width ; Baseline Area ; Area if Restructured ; Saving if Restructured ; Registered ; Example Multiplexer Output                                     ;
+--------------------+-----------+---------------+----------------------+------------------------+------------+----------------------------------------------------------------+
; 3:1                ; 15 bits   ; 30 LEs        ; 0 LEs                ; 30 LEs                 ; Yes        ; |dg_csr_top|length[13]                                         ;
; 3:1                ; 2 bits    ; 4 LEs         ; 2 LEs                ; 2 LEs                  ; Yes        ; |dg_csr_top|relu                                               ;
; 3:1                ; 16 bits   ; 32 LEs        ; 0 LEs                ; 32 LEs                 ; Yes        ; |dg_csr_top|index_reg[8]                                       ;
; 3:1                ; 16 bits   ; 32 LEs        ; 0 LEs                ; 32 LEs                 ; Yes        ; |dg_csr_top|lane_reg[3]                                        ;
; 3:1                ; 6 bits    ; 12 LEs        ; 6 LEs                ; 6 LEs                  ; Yes        ; |dg_csr_top|dg_tile_core:core|shifts[0][3]                     ;
; 3:1                ; 6 bits    ; 12 LEs        ; 6 LEs                ; 6 LEs                  ; Yes        ; |dg_csr_top|dg_tile_core:core|shifts[1][1]                     ;
; 3:1                ; 6 bits    ; 12 LEs        ; 6 LEs                ; 6 LEs                  ; Yes        ; |dg_csr_top|dg_tile_core:core|shifts[2][1]                     ;
; 3:1                ; 6 bits    ; 12 LEs        ; 6 LEs                ; 6 LEs                  ; Yes        ; |dg_csr_top|dg_tile_core:core|shifts[3][1]                     ;
; 3:1                ; 6 bits    ; 12 LEs        ; 6 LEs                ; 6 LEs                  ; Yes        ; |dg_csr_top|dg_tile_core:core|shifts[4][1]                     ;
; 3:1                ; 6 bits    ; 12 LEs        ; 6 LEs                ; 6 LEs                  ; Yes        ; |dg_csr_top|dg_tile_core:core|shifts[5][4]                     ;
; 3:1                ; 6 bits    ; 12 LEs        ; 6 LEs                ; 6 LEs                  ; Yes        ; |dg_csr_top|dg_tile_core:core|shifts[6][4]                     ;
; 3:1                ; 6 bits    ; 12 LEs        ; 6 LEs                ; 6 LEs                  ; Yes        ; |dg_csr_top|dg_tile_core:core|shifts[7][0]                     ;
; 3:1                ; 18 bits   ; 36 LEs        ; 0 LEs                ; 36 LEs                 ; Yes        ; |dg_csr_top|dg_tile_core:core|count[3]                         ;
; 3:1                ; 31 bits   ; 62 LEs        ; 0 LEs                ; 62 LEs                 ; Yes        ; |dg_csr_top|dg_tile_core:core|multipliers[0][14]               ;
; 3:1                ; 31 bits   ; 62 LEs        ; 0 LEs                ; 62 LEs                 ; Yes        ; |dg_csr_top|dg_tile_core:core|multipliers[1][27]               ;
; 3:1                ; 31 bits   ; 62 LEs        ; 0 LEs                ; 62 LEs                 ; Yes        ; |dg_csr_top|dg_tile_core:core|multipliers[2][17]               ;
; 3:1                ; 31 bits   ; 62 LEs        ; 0 LEs                ; 62 LEs                 ; Yes        ; |dg_csr_top|dg_tile_core:core|multipliers[3][15]               ;
; 3:1                ; 31 bits   ; 62 LEs        ; 0 LEs                ; 62 LEs                 ; Yes        ; |dg_csr_top|dg_tile_core:core|multipliers[4][19]               ;
; 3:1                ; 31 bits   ; 62 LEs        ; 0 LEs                ; 62 LEs                 ; Yes        ; |dg_csr_top|dg_tile_core:core|multipliers[5][8]                ;
; 3:1                ; 31 bits   ; 62 LEs        ; 0 LEs                ; 62 LEs                 ; Yes        ; |dg_csr_top|dg_tile_core:core|multipliers[6][14]               ;
; 3:1                ; 31 bits   ; 62 LEs        ; 0 LEs                ; 62 LEs                 ; Yes        ; |dg_csr_top|dg_tile_core:core|multipliers[7][27]               ;
; 3:1                ; 32 bits   ; 64 LEs        ; 0 LEs                ; 64 LEs                 ; Yes        ; |dg_csr_top|dg_tile_core:core|biases[0][18]                    ;
; 3:1                ; 32 bits   ; 64 LEs        ; 0 LEs                ; 64 LEs                 ; Yes        ; |dg_csr_top|dg_tile_core:core|biases[1][9]                     ;
; 3:1                ; 32 bits   ; 64 LEs        ; 0 LEs                ; 64 LEs                 ; Yes        ; |dg_csr_top|dg_tile_core:core|biases[2][11]                    ;
; 3:1                ; 32 bits   ; 64 LEs        ; 0 LEs                ; 64 LEs                 ; Yes        ; |dg_csr_top|dg_tile_core:core|biases[3][4]                     ;
; 3:1                ; 32 bits   ; 64 LEs        ; 0 LEs                ; 64 LEs                 ; Yes        ; |dg_csr_top|dg_tile_core:core|biases[4][11]                    ;
; 3:1                ; 32 bits   ; 64 LEs        ; 0 LEs                ; 64 LEs                 ; Yes        ; |dg_csr_top|dg_tile_core:core|biases[5][0]                     ;
; 3:1                ; 32 bits   ; 64 LEs        ; 0 LEs                ; 64 LEs                 ; Yes        ; |dg_csr_top|dg_tile_core:core|biases[6][8]                     ;
; 3:1                ; 32 bits   ; 64 LEs        ; 0 LEs                ; 64 LEs                 ; Yes        ; |dg_csr_top|dg_tile_core:core|biases[7][2]                     ;
; 4:1                ; 256 bits  ; 512 LEs       ; 0 LEs                ; 512 LEs                ; Yes        ; |dg_csr_top|dg_tile_core:core|dg_mac_lane:banks[4].mac|acc[27] ;
; 4:1                ; 32 bits   ; 64 LEs        ; 0 LEs                ; 64 LEs                 ; Yes        ; |dg_csr_top|cycles[13]                                         ;
; 6:1                ; 16 bits   ; 64 LEs        ; 0 LEs                ; 64 LEs                 ; Yes        ; |dg_csr_top|dg_tile_core:core|k[7]                             ;
; 6:1                ; 16 bits   ; 64 LEs        ; 0 LEs                ; 64 LEs                 ; Yes        ; |dg_csr_top|dg_tile_core:core|lane[5]                          ;
; 4:1                ; 57 bits   ; 114 LEs       ; 114 LEs              ; 0 LEs                  ; No         ; |dg_csr_top|dg_tile_core:core|dg_requant:quant|ShiftRight0     ;
; 4:1                ; 4 bits    ; 8 LEs         ; 8 LEs                ; 0 LEs                  ; No         ; |dg_csr_top|dg_tile_core:core|dg_requant:quant|ShiftRight0     ;
; 4:1                ; 4 bits    ; 8 LEs         ; 8 LEs                ; 0 LEs                  ; No         ; |dg_csr_top|dg_tile_core:core|dg_requant:quant|ShiftRight0     ;
; 4:1                ; 36 bits   ; 72 LEs        ; 72 LEs               ; 0 LEs                  ; No         ; |dg_csr_top|dg_tile_core:core|dg_requant:quant|ShiftRight0     ;
; 4:1                ; 16 bits   ; 32 LEs        ; 32 LEs               ; 0 LEs                  ; No         ; |dg_csr_top|dg_tile_core:core|dg_requant:quant|ShiftRight0     ;
; 4:1                ; 16 bits   ; 32 LEs        ; 32 LEs               ; 0 LEs                  ; No         ; |dg_csr_top|dg_tile_core:core|dg_requant:quant|ShiftRight0     ;
; 8:1                ; 70 bits   ; 350 LEs       ; 350 LEs              ; 0 LEs                  ; No         ; |dg_csr_top|dg_tile_core:core|Mux46                            ;
; 4:1                ; 16 bits   ; 32 LEs        ; 32 LEs               ; 0 LEs                  ; No         ; |dg_csr_top|dg_tile_core:core|dg_requant:quant|half[63]        ;
; 4:1                ; 16 bits   ; 32 LEs        ; 32 LEs               ; 0 LEs                  ; No         ; |dg_csr_top|dg_tile_core:core|dg_requant:quant|half[34]        ;
; 4:1                ; 16 bits   ; 32 LEs        ; 32 LEs               ; 0 LEs                  ; No         ; |dg_csr_top|dg_tile_core:core|dg_requant:quant|half[25]        ;
; 4:1                ; 16 bits   ; 32 LEs        ; 32 LEs               ; 0 LEs                  ; No         ; |dg_csr_top|dg_tile_core:core|dg_requant:quant|half[9]         ;
; 7:1                ; 12 bits   ; 48 LEs        ; 48 LEs               ; 0 LEs                  ; No         ; |dg_csr_top|dg_tile_core:core|dg_requant:quant|ShiftRight0     ;
; 10:1               ; 4 bits    ; 24 LEs        ; 24 LEs               ; 0 LEs                  ; No         ; |dg_csr_top|dg_tile_core:core|dg_requant:quant|ShiftRight0     ;
; 7:1                ; 2 bits    ; 8 LEs         ; 8 LEs                ; 0 LEs                  ; No         ; |dg_csr_top|dg_tile_core:core|state                            ;
; 68:1               ; 15 bits   ; 675 LEs       ; 105 LEs              ; 570 LEs                ; No         ; |dg_csr_top|readdata                                           ;
; 134:1              ; 8 bits    ; 712 LEs       ; 88 LEs               ; 624 LEs                ; No         ; |dg_csr_top|readdata                                           ;
; 261:1              ; 3 bits    ; 522 LEs       ; 42 LEs               ; 480 LEs                ; No         ; |dg_csr_top|readdata                                           ;
; 261:1              ; 2 bits    ; 348 LEs       ; 36 LEs               ; 312 LEs                ; No         ; |dg_csr_top|readdata                                           ;
; 261:1              ; 2 bits    ; 348 LEs       ; 28 LEs               ; 320 LEs                ; No         ; |dg_csr_top|readdata                                           ;
+--------------------+-----------+---------------+----------------------+------------------------+------------+----------------------------------------------------------------+


+-------------------------------------------------------------------------------------------------------------------------------+
; Source assignments for dg_tile_core:core|dg_tile_ram:banks[7].weight_bank|altsyncram:mem_rtl_0|altsyncram_rtr1:auto_generated ;
+---------------------------------+--------------------+------+-----------------------------------------------------------------+
; Assignment                      ; Value              ; From ; To                                                              ;
+---------------------------------+--------------------+------+-----------------------------------------------------------------+
; OPTIMIZE_POWER_DURING_SYNTHESIS ; NORMAL_COMPILATION ; -    ; -                                                               ;
+---------------------------------+--------------------+------+-----------------------------------------------------------------+


+-------------------------------------------------------------------------------------------------------------------------------+
; Source assignments for dg_tile_core:core|dg_tile_ram:banks[6].weight_bank|altsyncram:mem_rtl_0|altsyncram_rtr1:auto_generated ;
+---------------------------------+--------------------+------+-----------------------------------------------------------------+
; Assignment                      ; Value              ; From ; To                                                              ;
+---------------------------------+--------------------+------+-----------------------------------------------------------------+
; OPTIMIZE_POWER_DURING_SYNTHESIS ; NORMAL_COMPILATION ; -    ; -                                                               ;
+---------------------------------+--------------------+------+-----------------------------------------------------------------+


+-------------------------------------------------------------------------------------------------------------------------------+
; Source assignments for dg_tile_core:core|dg_tile_ram:banks[5].weight_bank|altsyncram:mem_rtl_0|altsyncram_rtr1:auto_generated ;
+---------------------------------+--------------------+------+-----------------------------------------------------------------+
; Assignment                      ; Value              ; From ; To                                                              ;
+---------------------------------+--------------------+------+-----------------------------------------------------------------+
; OPTIMIZE_POWER_DURING_SYNTHESIS ; NORMAL_COMPILATION ; -    ; -                                                               ;
+---------------------------------+--------------------+------+-----------------------------------------------------------------+


+-------------------------------------------------------------------------------------------------------------------------------+
; Source assignments for dg_tile_core:core|dg_tile_ram:banks[4].weight_bank|altsyncram:mem_rtl_0|altsyncram_rtr1:auto_generated ;
+---------------------------------+--------------------+------+-----------------------------------------------------------------+
; Assignment                      ; Value              ; From ; To                                                              ;
+---------------------------------+--------------------+------+-----------------------------------------------------------------+
; OPTIMIZE_POWER_DURING_SYNTHESIS ; NORMAL_COMPILATION ; -    ; -                                                               ;
+---------------------------------+--------------------+------+-----------------------------------------------------------------+


+-------------------------------------------------------------------------------------------------------------------------------+
; Source assignments for dg_tile_core:core|dg_tile_ram:banks[3].weight_bank|altsyncram:mem_rtl_0|altsyncram_rtr1:auto_generated ;
+---------------------------------+--------------------+------+-----------------------------------------------------------------+
; Assignment                      ; Value              ; From ; To                                                              ;
+---------------------------------+--------------------+------+-----------------------------------------------------------------+
; OPTIMIZE_POWER_DURING_SYNTHESIS ; NORMAL_COMPILATION ; -    ; -                                                               ;
+---------------------------------+--------------------+------+-----------------------------------------------------------------+


+-------------------------------------------------------------------------------------------------------------------------------+
; Source assignments for dg_tile_core:core|dg_tile_ram:banks[2].weight_bank|altsyncram:mem_rtl_0|altsyncram_rtr1:auto_generated ;
+---------------------------------+--------------------+------+-----------------------------------------------------------------+
; Assignment                      ; Value              ; From ; To                                                              ;
+---------------------------------+--------------------+------+-----------------------------------------------------------------+
; OPTIMIZE_POWER_DURING_SYNTHESIS ; NORMAL_COMPILATION ; -    ; -                                                               ;
+---------------------------------+--------------------+------+-----------------------------------------------------------------+


+-------------------------------------------------------------------------------------------------------------------------------+
; Source assignments for dg_tile_core:core|dg_tile_ram:banks[1].weight_bank|altsyncram:mem_rtl_0|altsyncram_rtr1:auto_generated ;
+---------------------------------+--------------------+------+-----------------------------------------------------------------+
; Assignment                      ; Value              ; From ; To                                                              ;
+---------------------------------+--------------------+------+-----------------------------------------------------------------+
; OPTIMIZE_POWER_DURING_SYNTHESIS ; NORMAL_COMPILATION ; -    ; -                                                               ;
+---------------------------------+--------------------+------+-----------------------------------------------------------------+


+-------------------------------------------------------------------------------------------------------------------------------+
; Source assignments for dg_tile_core:core|dg_tile_ram:banks[0].weight_bank|altsyncram:mem_rtl_0|altsyncram_rtr1:auto_generated ;
+---------------------------------+--------------------+------+-----------------------------------------------------------------+
; Assignment                      ; Value              ; From ; To                                                              ;
+---------------------------------+--------------------+------+-----------------------------------------------------------------+
; OPTIMIZE_POWER_DURING_SYNTHESIS ; NORMAL_COMPILATION ; -    ; -                                                               ;
+---------------------------------+--------------------+------+-----------------------------------------------------------------+


+---------------------------------------------------------------------------------------------------------------------+
; Source assignments for dg_tile_core:core|dg_tile_ram:input_bank|altsyncram:mem_rtl_0|altsyncram_rtr1:auto_generated ;
+---------------------------------+--------------------+------+-------------------------------------------------------+
; Assignment                      ; Value              ; From ; To                                                    ;
+---------------------------------+--------------------+------+-------------------------------------------------------+
; OPTIMIZE_POWER_DURING_SYNTHESIS ; NORMAL_COMPILATION ; -    ; -                                                     ;
+---------------------------------+--------------------+------+-------------------------------------------------------+


+----------------------------------------------------------------------------+
; Parameter Settings for User Entity Instance: Top-level Entity: |dg_csr_top ;
+----------------+-------+---------------------------------------------------+
; Parameter Name ; Value ; Type                                              ;
+----------------+-------+---------------------------------------------------+
; LANES          ; 8     ; Signed Integer                                    ;
; DEPTH          ; 256   ; Signed Integer                                    ;
+----------------+-------+---------------------------------------------------+
Note: In order to hide this table in the UI and the text report file, please set the "Show Parameter Settings in Synthesis Report" option in "Analysis and Synthesis Settings -> More Settings" to "Off".


+----------------------------------------------------------------+
; Parameter Settings for User Entity Instance: dg_tile_core:core ;
+----------------+-------+---------------------------------------+
; Parameter Name ; Value ; Type                                  ;
+----------------+-------+---------------------------------------+
; LANES          ; 8     ; Signed Integer                        ;
; DEPTH          ; 256   ; Signed Integer                        ;
+----------------+-------+---------------------------------------+
Note: In order to hide this table in the UI and the text report file, please set the "Show Parameter Settings in Synthesis Report" option in "Analysis and Synthesis Settings -> More Settings" to "Off".


+---------------------------------------------------------------------------------------+
; Parameter Settings for User Entity Instance: dg_tile_core:core|dg_tile_ram:input_bank ;
+----------------+-------+--------------------------------------------------------------+
; Parameter Name ; Value ; Type                                                         ;
+----------------+-------+--------------------------------------------------------------+
; DEPTH          ; 256   ; Signed Integer                                               ;
+----------------+-------+--------------------------------------------------------------+
Note: In order to hide this table in the UI and the text report file, please set the "Show Parameter Settings in Synthesis Report" option in "Analysis and Synthesis Settings -> More Settings" to "Off".


+-------------------------------------------------------------------------------------------------+
; Parameter Settings for User Entity Instance: dg_tile_core:core|dg_tile_ram:banks[0].weight_bank ;
+----------------+-------+------------------------------------------------------------------------+
; Parameter Name ; Value ; Type                                                                   ;
+----------------+-------+------------------------------------------------------------------------+
; DEPTH          ; 256   ; Signed Integer                                                         ;
+----------------+-------+------------------------------------------------------------------------+
Note: In order to hide this table in the UI and the text report file, please set the "Show Parameter Settings in Synthesis Report" option in "Analysis and Synthesis Settings -> More Settings" to "Off".


+-------------------------------------------------------------------------------------------------+
; Parameter Settings for User Entity Instance: dg_tile_core:core|dg_tile_ram:banks[1].weight_bank ;
+----------------+-------+------------------------------------------------------------------------+
; Parameter Name ; Value ; Type                                                                   ;
+----------------+-------+------------------------------------------------------------------------+
; DEPTH          ; 256   ; Signed Integer                                                         ;
+----------------+-------+------------------------------------------------------------------------+
Note: In order to hide this table in the UI and the text report file, please set the "Show Parameter Settings in Synthesis Report" option in "Analysis and Synthesis Settings -> More Settings" to "Off".


+-------------------------------------------------------------------------------------------------+
; Parameter Settings for User Entity Instance: dg_tile_core:core|dg_tile_ram:banks[2].weight_bank ;
+----------------+-------+------------------------------------------------------------------------+
; Parameter Name ; Value ; Type                                                                   ;
+----------------+-------+------------------------------------------------------------------------+
; DEPTH          ; 256   ; Signed Integer                                                         ;
+----------------+-------+------------------------------------------------------------------------+
Note: In order to hide this table in the UI and the text report file, please set the "Show Parameter Settings in Synthesis Report" option in "Analysis and Synthesis Settings -> More Settings" to "Off".


+-------------------------------------------------------------------------------------------------+
; Parameter Settings for User Entity Instance: dg_tile_core:core|dg_tile_ram:banks[3].weight_bank ;
+----------------+-------+------------------------------------------------------------------------+
; Parameter Name ; Value ; Type                                                                   ;
+----------------+-------+------------------------------------------------------------------------+
; DEPTH          ; 256   ; Signed Integer                                                         ;
+----------------+-------+------------------------------------------------------------------------+
Note: In order to hide this table in the UI and the text report file, please set the "Show Parameter Settings in Synthesis Report" option in "Analysis and Synthesis Settings -> More Settings" to "Off".


+-------------------------------------------------------------------------------------------------+
; Parameter Settings for User Entity Instance: dg_tile_core:core|dg_tile_ram:banks[4].weight_bank ;
+----------------+-------+------------------------------------------------------------------------+
; Parameter Name ; Value ; Type                                                                   ;
+----------------+-------+------------------------------------------------------------------------+
; DEPTH          ; 256   ; Signed Integer                                                         ;
+----------------+-------+------------------------------------------------------------------------+
Note: In order to hide this table in the UI and the text report file, please set the "Show Parameter Settings in Synthesis Report" option in "Analysis and Synthesis Settings -> More Settings" to "Off".


+-------------------------------------------------------------------------------------------------+
; Parameter Settings for User Entity Instance: dg_tile_core:core|dg_tile_ram:banks[5].weight_bank ;
+----------------+-------+------------------------------------------------------------------------+
; Parameter Name ; Value ; Type                                                                   ;
+----------------+-------+------------------------------------------------------------------------+
; DEPTH          ; 256   ; Signed Integer                                                         ;
+----------------+-------+------------------------------------------------------------------------+
Note: In order to hide this table in the UI and the text report file, please set the "Show Parameter Settings in Synthesis Report" option in "Analysis and Synthesis Settings -> More Settings" to "Off".


+-------------------------------------------------------------------------------------------------+
; Parameter Settings for User Entity Instance: dg_tile_core:core|dg_tile_ram:banks[6].weight_bank ;
+----------------+-------+------------------------------------------------------------------------+
; Parameter Name ; Value ; Type                                                                   ;
+----------------+-------+------------------------------------------------------------------------+
; DEPTH          ; 256   ; Signed Integer                                                         ;
+----------------+-------+------------------------------------------------------------------------+
Note: In order to hide this table in the UI and the text report file, please set the "Show Parameter Settings in Synthesis Report" option in "Analysis and Synthesis Settings -> More Settings" to "Off".


+-------------------------------------------------------------------------------------------------+
; Parameter Settings for User Entity Instance: dg_tile_core:core|dg_tile_ram:banks[7].weight_bank ;
+----------------+-------+------------------------------------------------------------------------+
; Parameter Name ; Value ; Type                                                                   ;
+----------------+-------+------------------------------------------------------------------------+
; DEPTH          ; 256   ; Signed Integer                                                         ;
+----------------+-------+------------------------------------------------------------------------+
Note: In order to hide this table in the UI and the text report file, please set the "Show Parameter Settings in Synthesis Report" option in "Analysis and Synthesis Settings -> More Settings" to "Off".


+--------------------------------------------------------------------------------------------------------------------------+
; Parameter Settings for Inferred Entity Instance: dg_tile_core:core|dg_tile_ram:banks[7].weight_bank|altsyncram:mem_rtl_0 ;
+------------------------------------+----------------------+--------------------------------------------------------------+
; Parameter Name                     ; Value                ; Type                                                         ;
+------------------------------------+----------------------+--------------------------------------------------------------+
; BYTE_SIZE_BLOCK                    ; 8                    ; Untyped                                                      ;
; AUTO_CARRY_CHAINS                  ; ON                   ; AUTO_CARRY                                                   ;
; IGNORE_CARRY_BUFFERS               ; OFF                  ; IGNORE_CARRY                                                 ;
; AUTO_CASCADE_CHAINS                ; ON                   ; AUTO_CASCADE                                                 ;
; IGNORE_CASCADE_BUFFERS             ; OFF                  ; IGNORE_CASCADE                                               ;
; WIDTH_BYTEENA                      ; 1                    ; Untyped                                                      ;
; OPERATION_MODE                     ; DUAL_PORT            ; Untyped                                                      ;
; WIDTH_A                            ; 8                    ; Untyped                                                      ;
; WIDTHAD_A                          ; 8                    ; Untyped                                                      ;
; NUMWORDS_A                         ; 256                  ; Untyped                                                      ;
; OUTDATA_REG_A                      ; UNREGISTERED         ; Untyped                                                      ;
; ADDRESS_ACLR_A                     ; NONE                 ; Untyped                                                      ;
; OUTDATA_ACLR_A                     ; NONE                 ; Untyped                                                      ;
; WRCONTROL_ACLR_A                   ; NONE                 ; Untyped                                                      ;
; INDATA_ACLR_A                      ; NONE                 ; Untyped                                                      ;
; BYTEENA_ACLR_A                     ; NONE                 ; Untyped                                                      ;
; WIDTH_B                            ; 8                    ; Untyped                                                      ;
; WIDTHAD_B                          ; 8                    ; Untyped                                                      ;
; NUMWORDS_B                         ; 256                  ; Untyped                                                      ;
; INDATA_REG_B                       ; CLOCK1               ; Untyped                                                      ;
; WRCONTROL_WRADDRESS_REG_B          ; CLOCK1               ; Untyped                                                      ;
; RDCONTROL_REG_B                    ; CLOCK0               ; Untyped                                                      ;
; ADDRESS_REG_B                      ; CLOCK0               ; Untyped                                                      ;
; OUTDATA_REG_B                      ; UNREGISTERED         ; Untyped                                                      ;
; BYTEENA_REG_B                      ; CLOCK1               ; Untyped                                                      ;
; INDATA_ACLR_B                      ; NONE                 ; Untyped                                                      ;
; WRCONTROL_ACLR_B                   ; NONE                 ; Untyped                                                      ;
; ADDRESS_ACLR_B                     ; NONE                 ; Untyped                                                      ;
; OUTDATA_ACLR_B                     ; NONE                 ; Untyped                                                      ;
; RDCONTROL_ACLR_B                   ; NONE                 ; Untyped                                                      ;
; BYTEENA_ACLR_B                     ; NONE                 ; Untyped                                                      ;
; WIDTH_BYTEENA_A                    ; 1                    ; Untyped                                                      ;
; WIDTH_BYTEENA_B                    ; 1                    ; Untyped                                                      ;
; RAM_BLOCK_TYPE                     ; M10K                 ; Untyped                                                      ;
; BYTE_SIZE                          ; 8                    ; Untyped                                                      ;
; READ_DURING_WRITE_MODE_MIXED_PORTS ; OLD_DATA             ; Untyped                                                      ;
; READ_DURING_WRITE_MODE_PORT_A      ; NEW_DATA_NO_NBE_READ ; Untyped                                                      ;
; READ_DURING_WRITE_MODE_PORT_B      ; NEW_DATA_NO_NBE_READ ; Untyped                                                      ;
; INIT_FILE                          ; UNUSED               ; Untyped                                                      ;
; INIT_FILE_LAYOUT                   ; PORT_A               ; Untyped                                                      ;
; MAXIMUM_DEPTH                      ; 0                    ; Untyped                                                      ;
; CLOCK_ENABLE_INPUT_A               ; NORMAL               ; Untyped                                                      ;
; CLOCK_ENABLE_INPUT_B               ; NORMAL               ; Untyped                                                      ;
; CLOCK_ENABLE_OUTPUT_A              ; NORMAL               ; Untyped                                                      ;
; CLOCK_ENABLE_OUTPUT_B              ; NORMAL               ; Untyped                                                      ;
; CLOCK_ENABLE_CORE_A                ; USE_INPUT_CLKEN      ; Untyped                                                      ;
; CLOCK_ENABLE_CORE_B                ; USE_INPUT_CLKEN      ; Untyped                                                      ;
; ENABLE_ECC                         ; FALSE                ; Untyped                                                      ;
; ECC_PIPELINE_STAGE_ENABLED         ; FALSE                ; Untyped                                                      ;
; WIDTH_ECCSTATUS                    ; 3                    ; Untyped                                                      ;
; DEVICE_FAMILY                      ; Cyclone V            ; Untyped                                                      ;
; CBXI_PARAMETER                     ; altsyncram_rtr1      ; Untyped                                                      ;
+------------------------------------+----------------------+--------------------------------------------------------------+
Note: In order to hide this table in the UI and the text report file, please set the "Show Parameter Settings in Synthesis Report" option in "Analysis and Synthesis Settings -> More Settings" to "Off".


+--------------------------------------------------------------------------------------------------------------------------+
; Parameter Settings for Inferred Entity Instance: dg_tile_core:core|dg_tile_ram:banks[6].weight_bank|altsyncram:mem_rtl_0 ;
+------------------------------------+----------------------+--------------------------------------------------------------+
; Parameter Name                     ; Value                ; Type                                                         ;
+------------------------------------+----------------------+--------------------------------------------------------------+
; BYTE_SIZE_BLOCK                    ; 8                    ; Untyped                                                      ;
; AUTO_CARRY_CHAINS                  ; ON                   ; AUTO_CARRY                                                   ;
; IGNORE_CARRY_BUFFERS               ; OFF                  ; IGNORE_CARRY                                                 ;
; AUTO_CASCADE_CHAINS                ; ON                   ; AUTO_CASCADE                                                 ;
; IGNORE_CASCADE_BUFFERS             ; OFF                  ; IGNORE_CASCADE                                               ;
; WIDTH_BYTEENA                      ; 1                    ; Untyped                                                      ;
; OPERATION_MODE                     ; DUAL_PORT            ; Untyped                                                      ;
; WIDTH_A                            ; 8                    ; Untyped                                                      ;
; WIDTHAD_A                          ; 8                    ; Untyped                                                      ;
; NUMWORDS_A                         ; 256                  ; Untyped                                                      ;
; OUTDATA_REG_A                      ; UNREGISTERED         ; Untyped                                                      ;
; ADDRESS_ACLR_A                     ; NONE                 ; Untyped                                                      ;
; OUTDATA_ACLR_A                     ; NONE                 ; Untyped                                                      ;
; WRCONTROL_ACLR_A                   ; NONE                 ; Untyped                                                      ;
; INDATA_ACLR_A                      ; NONE                 ; Untyped                                                      ;
; BYTEENA_ACLR_A                     ; NONE                 ; Untyped                                                      ;
; WIDTH_B                            ; 8                    ; Untyped                                                      ;
; WIDTHAD_B                          ; 8                    ; Untyped                                                      ;
; NUMWORDS_B                         ; 256                  ; Untyped                                                      ;
; INDATA_REG_B                       ; CLOCK1               ; Untyped                                                      ;
; WRCONTROL_WRADDRESS_REG_B          ; CLOCK1               ; Untyped                                                      ;
; RDCONTROL_REG_B                    ; CLOCK0               ; Untyped                                                      ;
; ADDRESS_REG_B                      ; CLOCK0               ; Untyped                                                      ;
; OUTDATA_REG_B                      ; UNREGISTERED         ; Untyped                                                      ;
; BYTEENA_REG_B                      ; CLOCK1               ; Untyped                                                      ;
; INDATA_ACLR_B                      ; NONE                 ; Untyped                                                      ;
; WRCONTROL_ACLR_B                   ; NONE                 ; Untyped                                                      ;
; ADDRESS_ACLR_B                     ; NONE                 ; Untyped                                                      ;
; OUTDATA_ACLR_B                     ; NONE                 ; Untyped                                                      ;
; RDCONTROL_ACLR_B                   ; NONE                 ; Untyped                                                      ;
; BYTEENA_ACLR_B                     ; NONE                 ; Untyped                                                      ;
; WIDTH_BYTEENA_A                    ; 1                    ; Untyped                                                      ;
; WIDTH_BYTEENA_B                    ; 1                    ; Untyped                                                      ;
; RAM_BLOCK_TYPE                     ; M10K                 ; Untyped                                                      ;
; BYTE_SIZE                          ; 8                    ; Untyped                                                      ;
; READ_DURING_WRITE_MODE_MIXED_PORTS ; OLD_DATA             ; Untyped                                                      ;
; READ_DURING_WRITE_MODE_PORT_A      ; NEW_DATA_NO_NBE_READ ; Untyped                                                      ;
; READ_DURING_WRITE_MODE_PORT_B      ; NEW_DATA_NO_NBE_READ ; Untyped                                                      ;
; INIT_FILE                          ; UNUSED               ; Untyped                                                      ;
; INIT_FILE_LAYOUT                   ; PORT_A               ; Untyped                                                      ;
; MAXIMUM_DEPTH                      ; 0                    ; Untyped                                                      ;
; CLOCK_ENABLE_INPUT_A               ; NORMAL               ; Untyped                                                      ;
; CLOCK_ENABLE_INPUT_B               ; NORMAL               ; Untyped                                                      ;
; CLOCK_ENABLE_OUTPUT_A              ; NORMAL               ; Untyped                                                      ;
; CLOCK_ENABLE_OUTPUT_B              ; NORMAL               ; Untyped                                                      ;
; CLOCK_ENABLE_CORE_A                ; USE_INPUT_CLKEN      ; Untyped                                                      ;
; CLOCK_ENABLE_CORE_B                ; USE_INPUT_CLKEN      ; Untyped                                                      ;
; ENABLE_ECC                         ; FALSE                ; Untyped                                                      ;
; ECC_PIPELINE_STAGE_ENABLED         ; FALSE                ; Untyped                                                      ;
; WIDTH_ECCSTATUS                    ; 3                    ; Untyped                                                      ;
; DEVICE_FAMILY                      ; Cyclone V            ; Untyped                                                      ;
; CBXI_PARAMETER                     ; altsyncram_rtr1      ; Untyped                                                      ;
+------------------------------------+----------------------+--------------------------------------------------------------+
Note: In order to hide this table in the UI and the text report file, please set the "Show Parameter Settings in Synthesis Report" option in "Analysis and Synthesis Settings -> More Settings" to "Off".


+--------------------------------------------------------------------------------------------------------------------------+
; Parameter Settings for Inferred Entity Instance: dg_tile_core:core|dg_tile_ram:banks[5].weight_bank|altsyncram:mem_rtl_0 ;
+------------------------------------+----------------------+--------------------------------------------------------------+
; Parameter Name                     ; Value                ; Type                                                         ;
+------------------------------------+----------------------+--------------------------------------------------------------+
; BYTE_SIZE_BLOCK                    ; 8                    ; Untyped                                                      ;
; AUTO_CARRY_CHAINS                  ; ON                   ; AUTO_CARRY                                                   ;
; IGNORE_CARRY_BUFFERS               ; OFF                  ; IGNORE_CARRY                                                 ;
; AUTO_CASCADE_CHAINS                ; ON                   ; AUTO_CASCADE                                                 ;
; IGNORE_CASCADE_BUFFERS             ; OFF                  ; IGNORE_CASCADE                                               ;
; WIDTH_BYTEENA                      ; 1                    ; Untyped                                                      ;
; OPERATION_MODE                     ; DUAL_PORT            ; Untyped                                                      ;
; WIDTH_A                            ; 8                    ; Untyped                                                      ;
; WIDTHAD_A                          ; 8                    ; Untyped                                                      ;
; NUMWORDS_A                         ; 256                  ; Untyped                                                      ;
; OUTDATA_REG_A                      ; UNREGISTERED         ; Untyped                                                      ;
; ADDRESS_ACLR_A                     ; NONE                 ; Untyped                                                      ;
; OUTDATA_ACLR_A                     ; NONE                 ; Untyped                                                      ;
; WRCONTROL_ACLR_A                   ; NONE                 ; Untyped                                                      ;
; INDATA_ACLR_A                      ; NONE                 ; Untyped                                                      ;
; BYTEENA_ACLR_A                     ; NONE                 ; Untyped                                                      ;
; WIDTH_B                            ; 8                    ; Untyped                                                      ;
; WIDTHAD_B                          ; 8                    ; Untyped                                                      ;
; NUMWORDS_B                         ; 256                  ; Untyped                                                      ;
; INDATA_REG_B                       ; CLOCK1               ; Untyped                                                      ;
; WRCONTROL_WRADDRESS_REG_B          ; CLOCK1               ; Untyped                                                      ;
; RDCONTROL_REG_B                    ; CLOCK0               ; Untyped                                                      ;
; ADDRESS_REG_B                      ; CLOCK0               ; Untyped                                                      ;
; OUTDATA_REG_B                      ; UNREGISTERED         ; Untyped                                                      ;
; BYTEENA_REG_B                      ; CLOCK1               ; Untyped                                                      ;
; INDATA_ACLR_B                      ; NONE                 ; Untyped                                                      ;
; WRCONTROL_ACLR_B                   ; NONE                 ; Untyped                                                      ;
; ADDRESS_ACLR_B                     ; NONE                 ; Untyped                                                      ;
; OUTDATA_ACLR_B                     ; NONE                 ; Untyped                                                      ;
; RDCONTROL_ACLR_B                   ; NONE                 ; Untyped                                                      ;
; BYTEENA_ACLR_B                     ; NONE                 ; Untyped                                                      ;
; WIDTH_BYTEENA_A                    ; 1                    ; Untyped                                                      ;
; WIDTH_BYTEENA_B                    ; 1                    ; Untyped                                                      ;
; RAM_BLOCK_TYPE                     ; M10K                 ; Untyped                                                      ;
; BYTE_SIZE                          ; 8                    ; Untyped                                                      ;
; READ_DURING_WRITE_MODE_MIXED_PORTS ; OLD_DATA             ; Untyped                                                      ;
; READ_DURING_WRITE_MODE_PORT_A      ; NEW_DATA_NO_NBE_READ ; Untyped                                                      ;
; READ_DURING_WRITE_MODE_PORT_B      ; NEW_DATA_NO_NBE_READ ; Untyped                                                      ;
; INIT_FILE                          ; UNUSED               ; Untyped                                                      ;
; INIT_FILE_LAYOUT                   ; PORT_A               ; Untyped                                                      ;
; MAXIMUM_DEPTH                      ; 0                    ; Untyped                                                      ;
; CLOCK_ENABLE_INPUT_A               ; NORMAL               ; Untyped                                                      ;
; CLOCK_ENABLE_INPUT_B               ; NORMAL               ; Untyped                                                      ;
; CLOCK_ENABLE_OUTPUT_A              ; NORMAL               ; Untyped                                                      ;
; CLOCK_ENABLE_OUTPUT_B              ; NORMAL               ; Untyped                                                      ;
; CLOCK_ENABLE_CORE_A                ; USE_INPUT_CLKEN      ; Untyped                                                      ;
; CLOCK_ENABLE_CORE_B                ; USE_INPUT_CLKEN      ; Untyped                                                      ;
; ENABLE_ECC                         ; FALSE                ; Untyped                                                      ;
; ECC_PIPELINE_STAGE_ENABLED         ; FALSE                ; Untyped                                                      ;
; WIDTH_ECCSTATUS                    ; 3                    ; Untyped                                                      ;
; DEVICE_FAMILY                      ; Cyclone V            ; Untyped                                                      ;
; CBXI_PARAMETER                     ; altsyncram_rtr1      ; Untyped                                                      ;
+------------------------------------+----------------------+--------------------------------------------------------------+
Note: In order to hide this table in the UI and the text report file, please set the "Show Parameter Settings in Synthesis Report" option in "Analysis and Synthesis Settings -> More Settings" to "Off".


+--------------------------------------------------------------------------------------------------------------------------+
; Parameter Settings for Inferred Entity Instance: dg_tile_core:core|dg_tile_ram:banks[4].weight_bank|altsyncram:mem_rtl_0 ;
+------------------------------------+----------------------+--------------------------------------------------------------+
; Parameter Name                     ; Value                ; Type                                                         ;
+------------------------------------+----------------------+--------------------------------------------------------------+
; BYTE_SIZE_BLOCK                    ; 8                    ; Untyped                                                      ;
; AUTO_CARRY_CHAINS                  ; ON                   ; AUTO_CARRY                                                   ;
; IGNORE_CARRY_BUFFERS               ; OFF                  ; IGNORE_CARRY                                                 ;
; AUTO_CASCADE_CHAINS                ; ON                   ; AUTO_CASCADE                                                 ;
; IGNORE_CASCADE_BUFFERS             ; OFF                  ; IGNORE_CASCADE                                               ;
; WIDTH_BYTEENA                      ; 1                    ; Untyped                                                      ;
; OPERATION_MODE                     ; DUAL_PORT            ; Untyped                                                      ;
; WIDTH_A                            ; 8                    ; Untyped                                                      ;
; WIDTHAD_A                          ; 8                    ; Untyped                                                      ;
; NUMWORDS_A                         ; 256                  ; Untyped                                                      ;
; OUTDATA_REG_A                      ; UNREGISTERED         ; Untyped                                                      ;
; ADDRESS_ACLR_A                     ; NONE                 ; Untyped                                                      ;
; OUTDATA_ACLR_A                     ; NONE                 ; Untyped                                                      ;
; WRCONTROL_ACLR_A                   ; NONE                 ; Untyped                                                      ;
; INDATA_ACLR_A                      ; NONE                 ; Untyped                                                      ;
; BYTEENA_ACLR_A                     ; NONE                 ; Untyped                                                      ;
; WIDTH_B                            ; 8                    ; Untyped                                                      ;
; WIDTHAD_B                          ; 8                    ; Untyped                                                      ;
; NUMWORDS_B                         ; 256                  ; Untyped                                                      ;
; INDATA_REG_B                       ; CLOCK1               ; Untyped                                                      ;
; WRCONTROL_WRADDRESS_REG_B          ; CLOCK1               ; Untyped                                                      ;
; RDCONTROL_REG_B                    ; CLOCK0               ; Untyped                                                      ;
; ADDRESS_REG_B                      ; CLOCK0               ; Untyped                                                      ;
; OUTDATA_REG_B                      ; UNREGISTERED         ; Untyped                                                      ;
; BYTEENA_REG_B                      ; CLOCK1               ; Untyped                                                      ;
; INDATA_ACLR_B                      ; NONE                 ; Untyped                                                      ;
; WRCONTROL_ACLR_B                   ; NONE                 ; Untyped                                                      ;
; ADDRESS_ACLR_B                     ; NONE                 ; Untyped                                                      ;
; OUTDATA_ACLR_B                     ; NONE                 ; Untyped                                                      ;
; RDCONTROL_ACLR_B                   ; NONE                 ; Untyped                                                      ;
; BYTEENA_ACLR_B                     ; NONE                 ; Untyped                                                      ;
; WIDTH_BYTEENA_A                    ; 1                    ; Untyped                                                      ;
; WIDTH_BYTEENA_B                    ; 1                    ; Untyped                                                      ;
; RAM_BLOCK_TYPE                     ; M10K                 ; Untyped                                                      ;
; BYTE_SIZE                          ; 8                    ; Untyped                                                      ;
; READ_DURING_WRITE_MODE_MIXED_PORTS ; OLD_DATA             ; Untyped                                                      ;
; READ_DURING_WRITE_MODE_PORT_A      ; NEW_DATA_NO_NBE_READ ; Untyped                                                      ;
; READ_DURING_WRITE_MODE_PORT_B      ; NEW_DATA_NO_NBE_READ ; Untyped                                                      ;
; INIT_FILE                          ; UNUSED               ; Untyped                                                      ;
; INIT_FILE_LAYOUT                   ; PORT_A               ; Untyped                                                      ;
; MAXIMUM_DEPTH                      ; 0                    ; Untyped                                                      ;
; CLOCK_ENABLE_INPUT_A               ; NORMAL               ; Untyped                                                      ;
; CLOCK_ENABLE_INPUT_B               ; NORMAL               ; Untyped                                                      ;
; CLOCK_ENABLE_OUTPUT_A              ; NORMAL               ; Untyped                                                      ;
; CLOCK_ENABLE_OUTPUT_B              ; NORMAL               ; Untyped                                                      ;
; CLOCK_ENABLE_CORE_A                ; USE_INPUT_CLKEN      ; Untyped                                                      ;
; CLOCK_ENABLE_CORE_B                ; USE_INPUT_CLKEN      ; Untyped                                                      ;
; ENABLE_ECC                         ; FALSE                ; Untyped                                                      ;
; ECC_PIPELINE_STAGE_ENABLED         ; FALSE                ; Untyped                                                      ;
; WIDTH_ECCSTATUS                    ; 3                    ; Untyped                                                      ;
; DEVICE_FAMILY                      ; Cyclone V            ; Untyped                                                      ;
; CBXI_PARAMETER                     ; altsyncram_rtr1      ; Untyped                                                      ;
+------------------------------------+----------------------+--------------------------------------------------------------+
Note: In order to hide this table in the UI and the text report file, please set the "Show Parameter Settings in Synthesis Report" option in "Analysis and Synthesis Settings -> More Settings" to "Off".


+--------------------------------------------------------------------------------------------------------------------------+
; Parameter Settings for Inferred Entity Instance: dg_tile_core:core|dg_tile_ram:banks[3].weight_bank|altsyncram:mem_rtl_0 ;
+------------------------------------+----------------------+--------------------------------------------------------------+
; Parameter Name                     ; Value                ; Type                                                         ;
+------------------------------------+----------------------+--------------------------------------------------------------+
; BYTE_SIZE_BLOCK                    ; 8                    ; Untyped                                                      ;
; AUTO_CARRY_CHAINS                  ; ON                   ; AUTO_CARRY                                                   ;
; IGNORE_CARRY_BUFFERS               ; OFF                  ; IGNORE_CARRY                                                 ;
; AUTO_CASCADE_CHAINS                ; ON                   ; AUTO_CASCADE                                                 ;
; IGNORE_CASCADE_BUFFERS             ; OFF                  ; IGNORE_CASCADE                                               ;
; WIDTH_BYTEENA                      ; 1                    ; Untyped                                                      ;
; OPERATION_MODE                     ; DUAL_PORT            ; Untyped                                                      ;
; WIDTH_A                            ; 8                    ; Untyped                                                      ;
; WIDTHAD_A                          ; 8                    ; Untyped                                                      ;
; NUMWORDS_A                         ; 256                  ; Untyped                                                      ;
; OUTDATA_REG_A                      ; UNREGISTERED         ; Untyped                                                      ;
; ADDRESS_ACLR_A                     ; NONE                 ; Untyped                                                      ;
; OUTDATA_ACLR_A                     ; NONE                 ; Untyped                                                      ;
; WRCONTROL_ACLR_A                   ; NONE                 ; Untyped                                                      ;
; INDATA_ACLR_A                      ; NONE                 ; Untyped                                                      ;
; BYTEENA_ACLR_A                     ; NONE                 ; Untyped                                                      ;
; WIDTH_B                            ; 8                    ; Untyped                                                      ;
; WIDTHAD_B                          ; 8                    ; Untyped                                                      ;
; NUMWORDS_B                         ; 256                  ; Untyped                                                      ;
; INDATA_REG_B                       ; CLOCK1               ; Untyped                                                      ;
; WRCONTROL_WRADDRESS_REG_B          ; CLOCK1               ; Untyped                                                      ;
; RDCONTROL_REG_B                    ; CLOCK0               ; Untyped                                                      ;
; ADDRESS_REG_B                      ; CLOCK0               ; Untyped                                                      ;
; OUTDATA_REG_B                      ; UNREGISTERED         ; Untyped                                                      ;
; BYTEENA_REG_B                      ; CLOCK1               ; Untyped                                                      ;
; INDATA_ACLR_B                      ; NONE                 ; Untyped                                                      ;
; WRCONTROL_ACLR_B                   ; NONE                 ; Untyped                                                      ;
; ADDRESS_ACLR_B                     ; NONE                 ; Untyped                                                      ;
; OUTDATA_ACLR_B                     ; NONE                 ; Untyped                                                      ;
; RDCONTROL_ACLR_B                   ; NONE                 ; Untyped                                                      ;
; BYTEENA_ACLR_B                     ; NONE                 ; Untyped                                                      ;
; WIDTH_BYTEENA_A                    ; 1                    ; Untyped                                                      ;
; WIDTH_BYTEENA_B                    ; 1                    ; Untyped                                                      ;
; RAM_BLOCK_TYPE                     ; M10K                 ; Untyped                                                      ;
; BYTE_SIZE                          ; 8                    ; Untyped                                                      ;
; READ_DURING_WRITE_MODE_MIXED_PORTS ; OLD_DATA             ; Untyped                                                      ;
; READ_DURING_WRITE_MODE_PORT_A      ; NEW_DATA_NO_NBE_READ ; Untyped                                                      ;
; READ_DURING_WRITE_MODE_PORT_B      ; NEW_DATA_NO_NBE_READ ; Untyped                                                      ;
; INIT_FILE                          ; UNUSED               ; Untyped                                                      ;
; INIT_FILE_LAYOUT                   ; PORT_A               ; Untyped                                                      ;
; MAXIMUM_DEPTH                      ; 0                    ; Untyped                                                      ;
; CLOCK_ENABLE_INPUT_A               ; NORMAL               ; Untyped                                                      ;
; CLOCK_ENABLE_INPUT_B               ; NORMAL               ; Untyped                                                      ;
; CLOCK_ENABLE_OUTPUT_A              ; NORMAL               ; Untyped                                                      ;
; CLOCK_ENABLE_OUTPUT_B              ; NORMAL               ; Untyped                                                      ;
; CLOCK_ENABLE_CORE_A                ; USE_INPUT_CLKEN      ; Untyped                                                      ;
; CLOCK_ENABLE_CORE_B                ; USE_INPUT_CLKEN      ; Untyped                                                      ;
; ENABLE_ECC                         ; FALSE                ; Untyped                                                      ;
; ECC_PIPELINE_STAGE_ENABLED         ; FALSE                ; Untyped                                                      ;
; WIDTH_ECCSTATUS                    ; 3                    ; Untyped                                                      ;
; DEVICE_FAMILY                      ; Cyclone V            ; Untyped                                                      ;
; CBXI_PARAMETER                     ; altsyncram_rtr1      ; Untyped                                                      ;
+------------------------------------+----------------------+--------------------------------------------------------------+
Note: In order to hide this table in the UI and the text report file, please set the "Show Parameter Settings in Synthesis Report" option in "Analysis and Synthesis Settings -> More Settings" to "Off".


+--------------------------------------------------------------------------------------------------------------------------+
; Parameter Settings for Inferred Entity Instance: dg_tile_core:core|dg_tile_ram:banks[2].weight_bank|altsyncram:mem_rtl_0 ;
+------------------------------------+----------------------+--------------------------------------------------------------+
; Parameter Name                     ; Value                ; Type                                                         ;
+------------------------------------+----------------------+--------------------------------------------------------------+
; BYTE_SIZE_BLOCK                    ; 8                    ; Untyped                                                      ;
; AUTO_CARRY_CHAINS                  ; ON                   ; AUTO_CARRY                                                   ;
; IGNORE_CARRY_BUFFERS               ; OFF                  ; IGNORE_CARRY                                                 ;
; AUTO_CASCADE_CHAINS                ; ON                   ; AUTO_CASCADE                                                 ;
; IGNORE_CASCADE_BUFFERS             ; OFF                  ; IGNORE_CASCADE                                               ;
; WIDTH_BYTEENA                      ; 1                    ; Untyped                                                      ;
; OPERATION_MODE                     ; DUAL_PORT            ; Untyped                                                      ;
; WIDTH_A                            ; 8                    ; Untyped                                                      ;
; WIDTHAD_A                          ; 8                    ; Untyped                                                      ;
; NUMWORDS_A                         ; 256                  ; Untyped                                                      ;
; OUTDATA_REG_A                      ; UNREGISTERED         ; Untyped                                                      ;
; ADDRESS_ACLR_A                     ; NONE                 ; Untyped                                                      ;
; OUTDATA_ACLR_A                     ; NONE                 ; Untyped                                                      ;
; WRCONTROL_ACLR_A                   ; NONE                 ; Untyped                                                      ;
; INDATA_ACLR_A                      ; NONE                 ; Untyped                                                      ;
; BYTEENA_ACLR_A                     ; NONE                 ; Untyped                                                      ;
; WIDTH_B                            ; 8                    ; Untyped                                                      ;
; WIDTHAD_B                          ; 8                    ; Untyped                                                      ;
; NUMWORDS_B                         ; 256                  ; Untyped                                                      ;
; INDATA_REG_B                       ; CLOCK1               ; Untyped                                                      ;
; WRCONTROL_WRADDRESS_REG_B          ; CLOCK1               ; Untyped                                                      ;
; RDCONTROL_REG_B                    ; CLOCK0               ; Untyped                                                      ;
; ADDRESS_REG_B                      ; CLOCK0               ; Untyped                                                      ;
; OUTDATA_REG_B                      ; UNREGISTERED         ; Untyped                                                      ;
; BYTEENA_REG_B                      ; CLOCK1               ; Untyped                                                      ;
; INDATA_ACLR_B                      ; NONE                 ; Untyped                                                      ;
; WRCONTROL_ACLR_B                   ; NONE                 ; Untyped                                                      ;
; ADDRESS_ACLR_B                     ; NONE                 ; Untyped                                                      ;
; OUTDATA_ACLR_B                     ; NONE                 ; Untyped                                                      ;
; RDCONTROL_ACLR_B                   ; NONE                 ; Untyped                                                      ;
; BYTEENA_ACLR_B                     ; NONE                 ; Untyped                                                      ;
; WIDTH_BYTEENA_A                    ; 1                    ; Untyped                                                      ;
; WIDTH_BYTEENA_B                    ; 1                    ; Untyped                                                      ;
; RAM_BLOCK_TYPE                     ; M10K                 ; Untyped                                                      ;
; BYTE_SIZE                          ; 8                    ; Untyped                                                      ;
; READ_DURING_WRITE_MODE_MIXED_PORTS ; OLD_DATA             ; Untyped                                                      ;
; READ_DURING_WRITE_MODE_PORT_A      ; NEW_DATA_NO_NBE_READ ; Untyped                                                      ;
; READ_DURING_WRITE_MODE_PORT_B      ; NEW_DATA_NO_NBE_READ ; Untyped                                                      ;
; INIT_FILE                          ; UNUSED               ; Untyped                                                      ;
; INIT_FILE_LAYOUT                   ; PORT_A               ; Untyped                                                      ;
; MAXIMUM_DEPTH                      ; 0                    ; Untyped                                                      ;
; CLOCK_ENABLE_INPUT_A               ; NORMAL               ; Untyped                                                      ;
; CLOCK_ENABLE_INPUT_B               ; NORMAL               ; Untyped                                                      ;
; CLOCK_ENABLE_OUTPUT_A              ; NORMAL               ; Untyped                                                      ;
; CLOCK_ENABLE_OUTPUT_B              ; NORMAL               ; Untyped                                                      ;
; CLOCK_ENABLE_CORE_A                ; USE_INPUT_CLKEN      ; Untyped                                                      ;
; CLOCK_ENABLE_CORE_B                ; USE_INPUT_CLKEN      ; Untyped                                                      ;
; ENABLE_ECC                         ; FALSE                ; Untyped                                                      ;
; ECC_PIPELINE_STAGE_ENABLED         ; FALSE                ; Untyped                                                      ;
; WIDTH_ECCSTATUS                    ; 3                    ; Untyped                                                      ;
; DEVICE_FAMILY                      ; Cyclone V            ; Untyped                                                      ;
; CBXI_PARAMETER                     ; altsyncram_rtr1      ; Untyped                                                      ;
+------------------------------------+----------------------+--------------------------------------------------------------+
Note: In order to hide this table in the UI and the text report file, please set the "Show Parameter Settings in Synthesis Report" option in "Analysis and Synthesis Settings -> More Settings" to "Off".


+--------------------------------------------------------------------------------------------------------------------------+
; Parameter Settings for Inferred Entity Instance: dg_tile_core:core|dg_tile_ram:banks[1].weight_bank|altsyncram:mem_rtl_0 ;
+------------------------------------+----------------------+--------------------------------------------------------------+
; Parameter Name                     ; Value                ; Type                                                         ;
+------------------------------------+----------------------+--------------------------------------------------------------+
; BYTE_SIZE_BLOCK                    ; 8                    ; Untyped                                                      ;
; AUTO_CARRY_CHAINS                  ; ON                   ; AUTO_CARRY                                                   ;
; IGNORE_CARRY_BUFFERS               ; OFF                  ; IGNORE_CARRY                                                 ;
; AUTO_CASCADE_CHAINS                ; ON                   ; AUTO_CASCADE                                                 ;
; IGNORE_CASCADE_BUFFERS             ; OFF                  ; IGNORE_CASCADE                                               ;
; WIDTH_BYTEENA                      ; 1                    ; Untyped                                                      ;
; OPERATION_MODE                     ; DUAL_PORT            ; Untyped                                                      ;
; WIDTH_A                            ; 8                    ; Untyped                                                      ;
; WIDTHAD_A                          ; 8                    ; Untyped                                                      ;
; NUMWORDS_A                         ; 256                  ; Untyped                                                      ;
; OUTDATA_REG_A                      ; UNREGISTERED         ; Untyped                                                      ;
; ADDRESS_ACLR_A                     ; NONE                 ; Untyped                                                      ;
; OUTDATA_ACLR_A                     ; NONE                 ; Untyped                                                      ;
; WRCONTROL_ACLR_A                   ; NONE                 ; Untyped                                                      ;
; INDATA_ACLR_A                      ; NONE                 ; Untyped                                                      ;
; BYTEENA_ACLR_A                     ; NONE                 ; Untyped                                                      ;
; WIDTH_B                            ; 8                    ; Untyped                                                      ;
; WIDTHAD_B                          ; 8                    ; Untyped                                                      ;
; NUMWORDS_B                         ; 256                  ; Untyped                                                      ;
; INDATA_REG_B                       ; CLOCK1               ; Untyped                                                      ;
; WRCONTROL_WRADDRESS_REG_B          ; CLOCK1               ; Untyped                                                      ;
; RDCONTROL_REG_B                    ; CLOCK0               ; Untyped                                                      ;
; ADDRESS_REG_B                      ; CLOCK0               ; Untyped                                                      ;
; OUTDATA_REG_B                      ; UNREGISTERED         ; Untyped                                                      ;
; BYTEENA_REG_B                      ; CLOCK1               ; Untyped                                                      ;
; INDATA_ACLR_B                      ; NONE                 ; Untyped                                                      ;
; WRCONTROL_ACLR_B                   ; NONE                 ; Untyped                                                      ;
; ADDRESS_ACLR_B                     ; NONE                 ; Untyped                                                      ;
; OUTDATA_ACLR_B                     ; NONE                 ; Untyped                                                      ;
; RDCONTROL_ACLR_B                   ; NONE                 ; Untyped                                                      ;
; BYTEENA_ACLR_B                     ; NONE                 ; Untyped                                                      ;
; WIDTH_BYTEENA_A                    ; 1                    ; Untyped                                                      ;
; WIDTH_BYTEENA_B                    ; 1                    ; Untyped                                                      ;
; RAM_BLOCK_TYPE                     ; M10K                 ; Untyped                                                      ;
; BYTE_SIZE                          ; 8                    ; Untyped                                                      ;
; READ_DURING_WRITE_MODE_MIXED_PORTS ; OLD_DATA             ; Untyped                                                      ;
; READ_DURING_WRITE_MODE_PORT_A      ; NEW_DATA_NO_NBE_READ ; Untyped                                                      ;
; READ_DURING_WRITE_MODE_PORT_B      ; NEW_DATA_NO_NBE_READ ; Untyped                                                      ;
; INIT_FILE                          ; UNUSED               ; Untyped                                                      ;
; INIT_FILE_LAYOUT                   ; PORT_A               ; Untyped                                                      ;
; MAXIMUM_DEPTH                      ; 0                    ; Untyped                                                      ;
; CLOCK_ENABLE_INPUT_A               ; NORMAL               ; Untyped                                                      ;
; CLOCK_ENABLE_INPUT_B               ; NORMAL               ; Untyped                                                      ;
; CLOCK_ENABLE_OUTPUT_A              ; NORMAL               ; Untyped                                                      ;
; CLOCK_ENABLE_OUTPUT_B              ; NORMAL               ; Untyped                                                      ;
; CLOCK_ENABLE_CORE_A                ; USE_INPUT_CLKEN      ; Untyped                                                      ;
; CLOCK_ENABLE_CORE_B                ; USE_INPUT_CLKEN      ; Untyped                                                      ;
; ENABLE_ECC                         ; FALSE                ; Untyped                                                      ;
; ECC_PIPELINE_STAGE_ENABLED         ; FALSE                ; Untyped                                                      ;
; WIDTH_ECCSTATUS                    ; 3                    ; Untyped                                                      ;
; DEVICE_FAMILY                      ; Cyclone V            ; Untyped                                                      ;
; CBXI_PARAMETER                     ; altsyncram_rtr1      ; Untyped                                                      ;
+------------------------------------+----------------------+--------------------------------------------------------------+
Note: In order to hide this table in the UI and the text report file, please set the "Show Parameter Settings in Synthesis Report" option in "Analysis and Synthesis Settings -> More Settings" to "Off".


+--------------------------------------------------------------------------------------------------------------------------+
; Parameter Settings for Inferred Entity Instance: dg_tile_core:core|dg_tile_ram:banks[0].weight_bank|altsyncram:mem_rtl_0 ;
+------------------------------------+----------------------+--------------------------------------------------------------+
; Parameter Name                     ; Value                ; Type                                                         ;
+------------------------------------+----------------------+--------------------------------------------------------------+
; BYTE_SIZE_BLOCK                    ; 8                    ; Untyped                                                      ;
; AUTO_CARRY_CHAINS                  ; ON                   ; AUTO_CARRY                                                   ;
; IGNORE_CARRY_BUFFERS               ; OFF                  ; IGNORE_CARRY                                                 ;
; AUTO_CASCADE_CHAINS                ; ON                   ; AUTO_CASCADE                                                 ;
; IGNORE_CASCADE_BUFFERS             ; OFF                  ; IGNORE_CASCADE                                               ;
; WIDTH_BYTEENA                      ; 1                    ; Untyped                                                      ;
; OPERATION_MODE                     ; DUAL_PORT            ; Untyped                                                      ;
; WIDTH_A                            ; 8                    ; Untyped                                                      ;
; WIDTHAD_A                          ; 8                    ; Untyped                                                      ;
; NUMWORDS_A                         ; 256                  ; Untyped                                                      ;
; OUTDATA_REG_A                      ; UNREGISTERED         ; Untyped                                                      ;
; ADDRESS_ACLR_A                     ; NONE                 ; Untyped                                                      ;
; OUTDATA_ACLR_A                     ; NONE                 ; Untyped                                                      ;
; WRCONTROL_ACLR_A                   ; NONE                 ; Untyped                                                      ;
; INDATA_ACLR_A                      ; NONE                 ; Untyped                                                      ;
; BYTEENA_ACLR_A                     ; NONE                 ; Untyped                                                      ;
; WIDTH_B                            ; 8                    ; Untyped                                                      ;
; WIDTHAD_B                          ; 8                    ; Untyped                                                      ;
; NUMWORDS_B                         ; 256                  ; Untyped                                                      ;
; INDATA_REG_B                       ; CLOCK1               ; Untyped                                                      ;
; WRCONTROL_WRADDRESS_REG_B          ; CLOCK1               ; Untyped                                                      ;
; RDCONTROL_REG_B                    ; CLOCK0               ; Untyped                                                      ;
; ADDRESS_REG_B                      ; CLOCK0               ; Untyped                                                      ;
; OUTDATA_REG_B                      ; UNREGISTERED         ; Untyped                                                      ;
; BYTEENA_REG_B                      ; CLOCK1               ; Untyped                                                      ;
; INDATA_ACLR_B                      ; NONE                 ; Untyped                                                      ;
; WRCONTROL_ACLR_B                   ; NONE                 ; Untyped                                                      ;
; ADDRESS_ACLR_B                     ; NONE                 ; Untyped                                                      ;
; OUTDATA_ACLR_B                     ; NONE                 ; Untyped                                                      ;
; RDCONTROL_ACLR_B                   ; NONE                 ; Untyped                                                      ;
; BYTEENA_ACLR_B                     ; NONE                 ; Untyped                                                      ;
; WIDTH_BYTEENA_A                    ; 1                    ; Untyped                                                      ;
; WIDTH_BYTEENA_B                    ; 1                    ; Untyped                                                      ;
; RAM_BLOCK_TYPE                     ; M10K                 ; Untyped                                                      ;
; BYTE_SIZE                          ; 8                    ; Untyped                                                      ;
; READ_DURING_WRITE_MODE_MIXED_PORTS ; OLD_DATA             ; Untyped                                                      ;
; READ_DURING_WRITE_MODE_PORT_A      ; NEW_DATA_NO_NBE_READ ; Untyped                                                      ;
; READ_DURING_WRITE_MODE_PORT_B      ; NEW_DATA_NO_NBE_READ ; Untyped                                                      ;
; INIT_FILE                          ; UNUSED               ; Untyped                                                      ;
; INIT_FILE_LAYOUT                   ; PORT_A               ; Untyped                                                      ;
; MAXIMUM_DEPTH                      ; 0                    ; Untyped                                                      ;
; CLOCK_ENABLE_INPUT_A               ; NORMAL               ; Untyped                                                      ;
; CLOCK_ENABLE_INPUT_B               ; NORMAL               ; Untyped                                                      ;
; CLOCK_ENABLE_OUTPUT_A              ; NORMAL               ; Untyped                                                      ;
; CLOCK_ENABLE_OUTPUT_B              ; NORMAL               ; Untyped                                                      ;
; CLOCK_ENABLE_CORE_A                ; USE_INPUT_CLKEN      ; Untyped                                                      ;
; CLOCK_ENABLE_CORE_B                ; USE_INPUT_CLKEN      ; Untyped                                                      ;
; ENABLE_ECC                         ; FALSE                ; Untyped                                                      ;
; ECC_PIPELINE_STAGE_ENABLED         ; FALSE                ; Untyped                                                      ;
; WIDTH_ECCSTATUS                    ; 3                    ; Untyped                                                      ;
; DEVICE_FAMILY                      ; Cyclone V            ; Untyped                                                      ;
; CBXI_PARAMETER                     ; altsyncram_rtr1      ; Untyped                                                      ;
+------------------------------------+----------------------+--------------------------------------------------------------+
Note: In order to hide this table in the UI and the text report file, please set the "Show Parameter Settings in Synthesis Report" option in "Analysis and Synthesis Settings -> More Settings" to "Off".


+----------------------------------------------------------------------------------------------------------------+
; Parameter Settings for Inferred Entity Instance: dg_tile_core:core|dg_tile_ram:input_bank|altsyncram:mem_rtl_0 ;
+------------------------------------+----------------------+----------------------------------------------------+
; Parameter Name                     ; Value                ; Type                                               ;
+------------------------------------+----------------------+----------------------------------------------------+
; BYTE_SIZE_BLOCK                    ; 8                    ; Untyped                                            ;
; AUTO_CARRY_CHAINS                  ; ON                   ; AUTO_CARRY                                         ;
; IGNORE_CARRY_BUFFERS               ; OFF                  ; IGNORE_CARRY                                       ;
; AUTO_CASCADE_CHAINS                ; ON                   ; AUTO_CASCADE                                       ;
; IGNORE_CASCADE_BUFFERS             ; OFF                  ; IGNORE_CASCADE                                     ;
; WIDTH_BYTEENA                      ; 1                    ; Untyped                                            ;
; OPERATION_MODE                     ; DUAL_PORT            ; Untyped                                            ;
; WIDTH_A                            ; 8                    ; Untyped                                            ;
; WIDTHAD_A                          ; 8                    ; Untyped                                            ;
; NUMWORDS_A                         ; 256                  ; Untyped                                            ;
; OUTDATA_REG_A                      ; UNREGISTERED         ; Untyped                                            ;
; ADDRESS_ACLR_A                     ; NONE                 ; Untyped                                            ;
; OUTDATA_ACLR_A                     ; NONE                 ; Untyped                                            ;
; WRCONTROL_ACLR_A                   ; NONE                 ; Untyped                                            ;
; INDATA_ACLR_A                      ; NONE                 ; Untyped                                            ;
; BYTEENA_ACLR_A                     ; NONE                 ; Untyped                                            ;
; WIDTH_B                            ; 8                    ; Untyped                                            ;
; WIDTHAD_B                          ; 8                    ; Untyped                                            ;
; NUMWORDS_B                         ; 256                  ; Untyped                                            ;
; INDATA_REG_B                       ; CLOCK1               ; Untyped                                            ;
; WRCONTROL_WRADDRESS_REG_B          ; CLOCK1               ; Untyped                                            ;
; RDCONTROL_REG_B                    ; CLOCK0               ; Untyped                                            ;
; ADDRESS_REG_B                      ; CLOCK0               ; Untyped                                            ;
; OUTDATA_REG_B                      ; UNREGISTERED         ; Untyped                                            ;
; BYTEENA_REG_B                      ; CLOCK1               ; Untyped                                            ;
; INDATA_ACLR_B                      ; NONE                 ; Untyped                                            ;
; WRCONTROL_ACLR_B                   ; NONE                 ; Untyped                                            ;
; ADDRESS_ACLR_B                     ; NONE                 ; Untyped                                            ;
; OUTDATA_ACLR_B                     ; NONE                 ; Untyped                                            ;
; RDCONTROL_ACLR_B                   ; NONE                 ; Untyped                                            ;
; BYTEENA_ACLR_B                     ; NONE                 ; Untyped                                            ;
; WIDTH_BYTEENA_A                    ; 1                    ; Untyped                                            ;
; WIDTH_BYTEENA_B                    ; 1                    ; Untyped                                            ;
; RAM_BLOCK_TYPE                     ; M10K                 ; Untyped                                            ;
; BYTE_SIZE                          ; 8                    ; Untyped                                            ;
; READ_DURING_WRITE_MODE_MIXED_PORTS ; OLD_DATA             ; Untyped                                            ;
; READ_DURING_WRITE_MODE_PORT_A      ; NEW_DATA_NO_NBE_READ ; Untyped                                            ;
; READ_DURING_WRITE_MODE_PORT_B      ; NEW_DATA_NO_NBE_READ ; Untyped                                            ;
; INIT_FILE                          ; UNUSED               ; Untyped                                            ;
; INIT_FILE_LAYOUT                   ; PORT_A               ; Untyped                                            ;
; MAXIMUM_DEPTH                      ; 0                    ; Untyped                                            ;
; CLOCK_ENABLE_INPUT_A               ; NORMAL               ; Untyped                                            ;
; CLOCK_ENABLE_INPUT_B               ; NORMAL               ; Untyped                                            ;
; CLOCK_ENABLE_OUTPUT_A              ; NORMAL               ; Untyped                                            ;
; CLOCK_ENABLE_OUTPUT_B              ; NORMAL               ; Untyped                                            ;
; CLOCK_ENABLE_CORE_A                ; USE_INPUT_CLKEN      ; Untyped                                            ;
; CLOCK_ENABLE_CORE_B                ; USE_INPUT_CLKEN      ; Untyped                                            ;
; ENABLE_ECC                         ; FALSE                ; Untyped                                            ;
; ECC_PIPELINE_STAGE_ENABLED         ; FALSE                ; Untyped                                            ;
; WIDTH_ECCSTATUS                    ; 3                    ; Untyped                                            ;
; DEVICE_FAMILY                      ; Cyclone V            ; Untyped                                            ;
; CBXI_PARAMETER                     ; altsyncram_rtr1      ; Untyped                                            ;
+------------------------------------+----------------------+----------------------------------------------------+
Note: In order to hide this table in the UI and the text report file, please set the "Show Parameter Settings in Synthesis Report" option in "Analysis and Synthesis Settings -> More Settings" to "Off".


+---------------------------------------------------------------------------------------------------------------------+
; altsyncram Parameter Settings by Entity Instance                                                                    ;
+-------------------------------------------+-------------------------------------------------------------------------+
; Name                                      ; Value                                                                   ;
+-------------------------------------------+-------------------------------------------------------------------------+
; Number of entity instances                ; 9                                                                       ;
; Entity Instance                           ; dg_tile_core:core|dg_tile_ram:banks[7].weight_bank|altsyncram:mem_rtl_0 ;
;     -- OPERATION_MODE                     ; DUAL_PORT                                                               ;
;     -- WIDTH_A                            ; 8                                                                       ;
;     -- NUMWORDS_A                         ; 256                                                                     ;
;     -- OUTDATA_REG_A                      ; UNREGISTERED                                                            ;
;     -- WIDTH_B                            ; 8                                                                       ;
;     -- NUMWORDS_B                         ; 256                                                                     ;
;     -- ADDRESS_REG_B                      ; CLOCK0                                                                  ;
;     -- OUTDATA_REG_B                      ; UNREGISTERED                                                            ;
;     -- RAM_BLOCK_TYPE                     ; M10K                                                                    ;
;     -- READ_DURING_WRITE_MODE_MIXED_PORTS ; OLD_DATA                                                                ;
; Entity Instance                           ; dg_tile_core:core|dg_tile_ram:banks[6].weight_bank|altsyncram:mem_rtl_0 ;
;     -- OPERATION_MODE                     ; DUAL_PORT                                                               ;
;     -- WIDTH_A                            ; 8                                                                       ;
;     -- NUMWORDS_A                         ; 256                                                                     ;
;     -- OUTDATA_REG_A                      ; UNREGISTERED                                                            ;
;     -- WIDTH_B                            ; 8                                                                       ;
;     -- NUMWORDS_B                         ; 256                                                                     ;
;     -- ADDRESS_REG_B                      ; CLOCK0                                                                  ;
;     -- OUTDATA_REG_B                      ; UNREGISTERED                                                            ;
;     -- RAM_BLOCK_TYPE                     ; M10K                                                                    ;
;     -- READ_DURING_WRITE_MODE_MIXED_PORTS ; OLD_DATA                                                                ;
; Entity Instance                           ; dg_tile_core:core|dg_tile_ram:banks[5].weight_bank|altsyncram:mem_rtl_0 ;
;     -- OPERATION_MODE                     ; DUAL_PORT                                                               ;
;     -- WIDTH_A                            ; 8                                                                       ;
;     -- NUMWORDS_A                         ; 256                                                                     ;
;     -- OUTDATA_REG_A                      ; UNREGISTERED                                                            ;
;     -- WIDTH_B                            ; 8                                                                       ;
;     -- NUMWORDS_B                         ; 256                                                                     ;
;     -- ADDRESS_REG_B                      ; CLOCK0                                                                  ;
;     -- OUTDATA_REG_B                      ; UNREGISTERED                                                            ;
;     -- RAM_BLOCK_TYPE                     ; M10K                                                                    ;
;     -- READ_DURING_WRITE_MODE_MIXED_PORTS ; OLD_DATA                                                                ;
; Entity Instance                           ; dg_tile_core:core|dg_tile_ram:banks[4].weight_bank|altsyncram:mem_rtl_0 ;
;     -- OPERATION_MODE                     ; DUAL_PORT                                                               ;
;     -- WIDTH_A                            ; 8                                                                       ;
;     -- NUMWORDS_A                         ; 256                                                                     ;
;     -- OUTDATA_REG_A                      ; UNREGISTERED                                                            ;
;     -- WIDTH_B                            ; 8                                                                       ;
;     -- NUMWORDS_B                         ; 256                                                                     ;
;     -- ADDRESS_REG_B                      ; CLOCK0                                                                  ;
;     -- OUTDATA_REG_B                      ; UNREGISTERED                                                            ;
;     -- RAM_BLOCK_TYPE                     ; M10K                                                                    ;
;     -- READ_DURING_WRITE_MODE_MIXED_PORTS ; OLD_DATA                                                                ;
; Entity Instance                           ; dg_tile_core:core|dg_tile_ram:banks[3].weight_bank|altsyncram:mem_rtl_0 ;
;     -- OPERATION_MODE                     ; DUAL_PORT                                                               ;
;     -- WIDTH_A                            ; 8                                                                       ;
;     -- NUMWORDS_A                         ; 256                                                                     ;
;     -- OUTDATA_REG_A                      ; UNREGISTERED                                                            ;
;     -- WIDTH_B                            ; 8                                                                       ;
;     -- NUMWORDS_B                         ; 256                                                                     ;
;     -- ADDRESS_REG_B                      ; CLOCK0                                                                  ;
;     -- OUTDATA_REG_B                      ; UNREGISTERED                                                            ;
;     -- RAM_BLOCK_TYPE                     ; M10K                                                                    ;
;     -- READ_DURING_WRITE_MODE_MIXED_PORTS ; OLD_DATA                                                                ;
; Entity Instance                           ; dg_tile_core:core|dg_tile_ram:banks[2].weight_bank|altsyncram:mem_rtl_0 ;
;     -- OPERATION_MODE                     ; DUAL_PORT                                                               ;
;     -- WIDTH_A                            ; 8                                                                       ;
;     -- NUMWORDS_A                         ; 256                                                                     ;
;     -- OUTDATA_REG_A                      ; UNREGISTERED                                                            ;
;     -- WIDTH_B                            ; 8                                                                       ;
;     -- NUMWORDS_B                         ; 256                                                                     ;
;     -- ADDRESS_REG_B                      ; CLOCK0                                                                  ;
;     -- OUTDATA_REG_B                      ; UNREGISTERED                                                            ;
;     -- RAM_BLOCK_TYPE                     ; M10K                                                                    ;
;     -- READ_DURING_WRITE_MODE_MIXED_PORTS ; OLD_DATA                                                                ;
; Entity Instance                           ; dg_tile_core:core|dg_tile_ram:banks[1].weight_bank|altsyncram:mem_rtl_0 ;
;     -- OPERATION_MODE                     ; DUAL_PORT                                                               ;
;     -- WIDTH_A                            ; 8                                                                       ;
;     -- NUMWORDS_A                         ; 256                                                                     ;
;     -- OUTDATA_REG_A                      ; UNREGISTERED                                                            ;
;     -- WIDTH_B                            ; 8                                                                       ;
;     -- NUMWORDS_B                         ; 256                                                                     ;
;     -- ADDRESS_REG_B                      ; CLOCK0                                                                  ;
;     -- OUTDATA_REG_B                      ; UNREGISTERED                                                            ;
;     -- RAM_BLOCK_TYPE                     ; M10K                                                                    ;
;     -- READ_DURING_WRITE_MODE_MIXED_PORTS ; OLD_DATA                                                                ;
; Entity Instance                           ; dg_tile_core:core|dg_tile_ram:banks[0].weight_bank|altsyncram:mem_rtl_0 ;
;     -- OPERATION_MODE                     ; DUAL_PORT                                                               ;
;     -- WIDTH_A                            ; 8                                                                       ;
;     -- NUMWORDS_A                         ; 256                                                                     ;
;     -- OUTDATA_REG_A                      ; UNREGISTERED                                                            ;
;     -- WIDTH_B                            ; 8                                                                       ;
;     -- NUMWORDS_B                         ; 256                                                                     ;
;     -- ADDRESS_REG_B                      ; CLOCK0                                                                  ;
;     -- OUTDATA_REG_B                      ; UNREGISTERED                                                            ;
;     -- RAM_BLOCK_TYPE                     ; M10K                                                                    ;
;     -- READ_DURING_WRITE_MODE_MIXED_PORTS ; OLD_DATA                                                                ;
; Entity Instance                           ; dg_tile_core:core|dg_tile_ram:input_bank|altsyncram:mem_rtl_0           ;
;     -- OPERATION_MODE                     ; DUAL_PORT                                                               ;
;     -- WIDTH_A                            ; 8                                                                       ;
;     -- NUMWORDS_A                         ; 256                                                                     ;
;     -- OUTDATA_REG_A                      ; UNREGISTERED                                                            ;
;     -- WIDTH_B                            ; 8                                                                       ;
;     -- NUMWORDS_B                         ; 256                                                                     ;
;     -- ADDRESS_REG_B                      ; CLOCK0                                                                  ;
;     -- OUTDATA_REG_B                      ; UNREGISTERED                                                            ;
;     -- RAM_BLOCK_TYPE                     ; M10K                                                                    ;
;     -- READ_DURING_WRITE_MODE_MIXED_PORTS ; OLD_DATA                                                                ;
+-------------------------------------------+-------------------------------------------------------------------------+


+---------------------------------------------------------+
; Port Connectivity Checks: "dg_tile_core:core"           ;
+------------+--------+----------+------------------------+
; Port       ; Type   ; Severity ; Details                ;
+------------+--------+----------+------------------------+
; load_ready ; Output ; Info     ; Explicitly unconnected ;
+------------+--------+----------+------------------------+


+-----------------------------------------------------+
; Post-Synthesis Netlist Statistics for Top Partition ;
+-----------------------+-----------------------------+
; Type                  ; Count                       ;
+-----------------------+-----------------------------+
; arriav_ff             ; 957                         ;
;     ENA SCLR          ; 683                         ;
;     ENA SCLR SLD      ; 256                         ;
;     SCLR              ; 8                           ;
;     SLD               ; 9                           ;
;     plain             ; 1                           ;
; arriav_lcell_comb     ; 1135                        ;
;     arith             ; 319                         ;
;         0 data inputs ; 1                           ;
;         1 data inputs ; 176                         ;
;         2 data inputs ; 46                          ;
;         3 data inputs ; 8                           ;
;         4 data inputs ; 24                          ;
;         5 data inputs ; 64                          ;
;     extend            ; 5                           ;
;         7 data inputs ; 5                           ;
;     normal            ; 811                         ;
;         0 data inputs ; 1                           ;
;         2 data inputs ; 17                          ;
;         3 data inputs ; 159                         ;
;         4 data inputs ; 52                          ;
;         5 data inputs ; 114                         ;
;         6 data inputs ; 468                         ;
; arriav_mac            ; 11                          ;
; boundary_port         ; 82                          ;
; stratixv_ram_block    ; 72                          ;
;                       ;                             ;
; Max LUT depth         ; 30.00                       ;
; Average LUT depth     ; 11.23                       ;
+-----------------------+-----------------------------+


+-------------------------------+
; Elapsed Time Per Partition    ;
+----------------+--------------+
; Partition Name ; Elapsed Time ;
+----------------+--------------+
; Top            ; 00:00:04     ;
+----------------+--------------+


+-------------------------------+
; Analysis & Synthesis Messages ;
+-------------------------------+
Info: *******************************************************************
Info: Running Quartus Prime Analysis & Synthesis
    Info: Version 25.1std.0 Build 1129 10/21/2025 SC Lite Edition
    Info: Processing started: Thu Oct  8 00:14:29 2026
Info: Command: quartus_map --read_settings_files=on --write_settings_files=off dualguard_8 -c dg_csr_top
Warning (18236): Number of processors has not been specified which may cause overloading on shared machines.  Set the global assignment NUM_PARALLEL_PROCESSORS in your QSF to an appropriate value for best performance.
Info (20030): Parallel compilation is enabled and will use 12 of the 12 processors detected
Info (12021): Found 1 design units, including 1 entities, in source file /lomba/hackatown-peruri/dualguard/rtl/dg_tile_ram.v
    Info (12023): Found entity 1: dg_tile_ram File: D:/LOMBA/HACKATOWN-PERURI/DualGuard/rtl/dg_tile_ram.v Line: 3
Info (12021): Found 1 design units, including 1 entities, in source file /lomba/hackatown-peruri/dualguard/rtl/dg_tile_core.v
    Info (12023): Found entity 1: dg_tile_core File: D:/LOMBA/HACKATOWN-PERURI/DualGuard/rtl/dg_tile_core.v Line: 4
Warning (10259): Verilog HDL error at dg_requant.v(18): constant value overflow File: D:/LOMBA/HACKATOWN-PERURI/DualGuard/rtl/dg_requant.v Line: 18
Info (12021): Found 1 design units, including 1 entities, in source file /lomba/hackatown-peruri/dualguard/rtl/dg_requant.v
    Info (12023): Found entity 1: dg_requant File: D:/LOMBA/HACKATOWN-PERURI/DualGuard/rtl/dg_requant.v Line: 4
Info (12021): Found 1 design units, including 1 entities, in source file /lomba/hackatown-peruri/dualguard/rtl/dg_mac_lane.v
    Info (12023): Found entity 1: dg_mac_lane File: D:/LOMBA/HACKATOWN-PERURI/DualGuard/rtl/dg_mac_lane.v Line: 2
Info (12021): Found 1 design units, including 1 entities, in source file /lomba/hackatown-peruri/dualguard/rtl/dg_csr_top.v
    Info (12023): Found entity 1: dg_csr_top File: D:/LOMBA/HACKATOWN-PERURI/DualGuard/rtl/dg_csr_top.v Line: 4
Info (12127): Elaborating entity "dg_csr_top" for the top level hierarchy
Warning (10230): Verilog HDL assignment warning at dg_csr_top.v(10): truncated value with size 32 to match size of target (16) File: D:/LOMBA/HACKATOWN-PERURI/DualGuard/rtl/dg_csr_top.v Line: 10
Info (12128): Elaborating entity "dg_tile_core" for hierarchy "dg_tile_core:core" File: D:/LOMBA/HACKATOWN-PERURI/DualGuard/rtl/dg_csr_top.v Line: 37
Warning (10230): Verilog HDL assignment warning at dg_tile_core.v(77): truncated value with size 32 to match size of target (16) File: D:/LOMBA/HACKATOWN-PERURI/DualGuard/rtl/dg_tile_core.v Line: 77
Warning (10230): Verilog HDL assignment warning at dg_tile_core.v(81): truncated value with size 32 to match size of target (16) File: D:/LOMBA/HACKATOWN-PERURI/DualGuard/rtl/dg_tile_core.v Line: 81
Info (12128): Elaborating entity "dg_tile_ram" for hierarchy "dg_tile_core:core|dg_tile_ram:input_bank" File: D:/LOMBA/HACKATOWN-PERURI/DualGuard/rtl/dg_tile_core.v Line: 34
Info (12128): Elaborating entity "dg_mac_lane" for hierarchy "dg_tile_core:core|dg_mac_lane:banks[0].mac" File: D:/LOMBA/HACKATOWN-PERURI/DualGuard/rtl/dg_tile_core.v Line: 42
Info (12128): Elaborating entity "dg_requant" for hierarchy "dg_tile_core:core|dg_requant:quant" File: D:/LOMBA/HACKATOWN-PERURI/DualGuard/rtl/dg_tile_core.v Line: 45
Info (19000): Inferred 9 megafunctions from design logic
    Info (276029): Inferred altsyncram megafunction from the following design logic: "dg_tile_core:core|dg_tile_ram:banks[7].weight_bank|mem_rtl_0" 
        Info (286033): Parameter OPERATION_MODE set to DUAL_PORT
        Info (286033): Parameter WIDTH_A set to 8
        Info (286033): Parameter WIDTHAD_A set to 8
        Info (286033): Parameter NUMWORDS_A set to 256
        Info (286033): Parameter WIDTH_B set to 8
        Info (286033): Parameter WIDTHAD_B set to 8
        Info (286033): Parameter NUMWORDS_B set to 256
        Info (286033): Parameter ADDRESS_ACLR_A set to NONE
        Info (286033): Parameter OUTDATA_REG_B set to UNREGISTERED
        Info (286033): Parameter ADDRESS_ACLR_B set to NONE
        Info (286033): Parameter OUTDATA_ACLR_B set to NONE
        Info (286033): Parameter ADDRESS_REG_B set to CLOCK0
        Info (286033): Parameter INDATA_ACLR_A set to NONE
        Info (286033): Parameter WRCONTROL_ACLR_A set to NONE
        Info (286033): Parameter RAM_BLOCK_TYPE set to M10K
        Info (286033): Parameter READ_DURING_WRITE_MODE_MIXED_PORTS set to OLD_DATA
        Info (286033): Parameter RDCONTROL_REG_B set to CLOCK0
    Info (276029): Inferred altsyncram megafunction from the following design logic: "dg_tile_core:core|dg_tile_ram:banks[6].weight_bank|mem_rtl_0" 
        Info (286033): Parameter OPERATION_MODE set to DUAL_PORT
        Info (286033): Parameter WIDTH_A set to 8
        Info (286033): Parameter WIDTHAD_A set to 8
        Info (286033): Parameter NUMWORDS_A set to 256
        Info (286033): Parameter WIDTH_B set to 8
        Info (286033): Parameter WIDTHAD_B set to 8
        Info (286033): Parameter NUMWORDS_B set to 256
        Info (286033): Parameter ADDRESS_ACLR_A set to NONE
        Info (286033): Parameter OUTDATA_REG_B set to UNREGISTERED
        Info (286033): Parameter ADDRESS_ACLR_B set to NONE
        Info (286033): Parameter OUTDATA_ACLR_B set to NONE
        Info (286033): Parameter ADDRESS_REG_B set to CLOCK0
        Info (286033): Parameter INDATA_ACLR_A set to NONE
        Info (286033): Parameter WRCONTROL_ACLR_A set to NONE
        Info (286033): Parameter RAM_BLOCK_TYPE set to M10K
        Info (286033): Parameter READ_DURING_WRITE_MODE_MIXED_PORTS set to OLD_DATA
        Info (286033): Parameter RDCONTROL_REG_B set to CLOCK0
    Info (276029): Inferred altsyncram megafunction from the following design logic: "dg_tile_core:core|dg_tile_ram:banks[5].weight_bank|mem_rtl_0" 
        Info (286033): Parameter OPERATION_MODE set to DUAL_PORT
        Info (286033): Parameter WIDTH_A set to 8
        Info (286033): Parameter WIDTHAD_A set to 8
        Info (286033): Parameter NUMWORDS_A set to 256
        Info (286033): Parameter WIDTH_B set to 8
        Info (286033): Parameter WIDTHAD_B set to 8
        Info (286033): Parameter NUMWORDS_B set to 256
        Info (286033): Parameter ADDRESS_ACLR_A set to NONE
        Info (286033): Parameter OUTDATA_REG_B set to UNREGISTERED
        Info (286033): Parameter ADDRESS_ACLR_B set to NONE
        Info (286033): Parameter OUTDATA_ACLR_B set to NONE
        Info (286033): Parameter ADDRESS_REG_B set to CLOCK0
        Info (286033): Parameter INDATA_ACLR_A set to NONE
        Info (286033): Parameter WRCONTROL_ACLR_A set to NONE
        Info (286033): Parameter RAM_BLOCK_TYPE set to M10K
        Info (286033): Parameter READ_DURING_WRITE_MODE_MIXED_PORTS set to OLD_DATA
        Info (286033): Parameter RDCONTROL_REG_B set to CLOCK0
    Info (276029): Inferred altsyncram megafunction from the following design logic: "dg_tile_core:core|dg_tile_ram:banks[4].weight_bank|mem_rtl_0" 
        Info (286033): Parameter OPERATION_MODE set to DUAL_PORT
        Info (286033): Parameter WIDTH_A set to 8
        Info (286033): Parameter WIDTHAD_A set to 8
        Info (286033): Parameter NUMWORDS_A set to 256
        Info (286033): Parameter WIDTH_B set to 8
        Info (286033): Parameter WIDTHAD_B set to 8
        Info (286033): Parameter NUMWORDS_B set to 256
        Info (286033): Parameter ADDRESS_ACLR_A set to NONE
        Info (286033): Parameter OUTDATA_REG_B set to UNREGISTERED
        Info (286033): Parameter ADDRESS_ACLR_B set to NONE
        Info (286033): Parameter OUTDATA_ACLR_B set to NONE
        Info (286033): Parameter ADDRESS_REG_B set to CLOCK0
        Info (286033): Parameter INDATA_ACLR_A set to NONE
        Info (286033): Parameter WRCONTROL_ACLR_A set to NONE
        Info (286033): Parameter RAM_BLOCK_TYPE set to M10K
        Info (286033): Parameter READ_DURING_WRITE_MODE_MIXED_PORTS set to OLD_DATA
        Info (286033): Parameter RDCONTROL_REG_B set to CLOCK0
    Info (276029): Inferred altsyncram megafunction from the following design logic: "dg_tile_core:core|dg_tile_ram:banks[3].weight_bank|mem_rtl_0" 
        Info (286033): Parameter OPERATION_MODE set to DUAL_PORT
        Info (286033): Parameter WIDTH_A set to 8
        Info (286033): Parameter WIDTHAD_A set to 8
        Info (286033): Parameter NUMWORDS_A set to 256
        Info (286033): Parameter WIDTH_B set to 8
        Info (286033): Parameter WIDTHAD_B set to 8
        Info (286033): Parameter NUMWORDS_B set to 256
        Info (286033): Parameter ADDRESS_ACLR_A set to NONE
        Info (286033): Parameter OUTDATA_REG_B set to UNREGISTERED
        Info (286033): Parameter ADDRESS_ACLR_B set to NONE
        Info (286033): Parameter OUTDATA_ACLR_B set to NONE
        Info (286033): Parameter ADDRESS_REG_B set to CLOCK0
        Info (286033): Parameter INDATA_ACLR_A set to NONE
        Info (286033): Parameter WRCONTROL_ACLR_A set to NONE
        Info (286033): Parameter RAM_BLOCK_TYPE set to M10K
        Info (286033): Parameter READ_DURING_WRITE_MODE_MIXED_PORTS set to OLD_DATA
        Info (286033): Parameter RDCONTROL_REG_B set to CLOCK0
    Info (276029): Inferred altsyncram megafunction from the following design logic: "dg_tile_core:core|dg_tile_ram:banks[2].weight_bank|mem_rtl_0" 
        Info (286033): Parameter OPERATION_MODE set to DUAL_PORT
        Info (286033): Parameter WIDTH_A set to 8
        Info (286033): Parameter WIDTHAD_A set to 8
        Info (286033): Parameter NUMWORDS_A set to 256
        Info (286033): Parameter WIDTH_B set to 8
        Info (286033): Parameter WIDTHAD_B set to 8
        Info (286033): Parameter NUMWORDS_B set to 256
        Info (286033): Parameter ADDRESS_ACLR_A set to NONE
        Info (286033): Parameter OUTDATA_REG_B set to UNREGISTERED
        Info (286033): Parameter ADDRESS_ACLR_B set to NONE
        Info (286033): Parameter OUTDATA_ACLR_B set to NONE
        Info (286033): Parameter ADDRESS_REG_B set to CLOCK0
        Info (286033): Parameter INDATA_ACLR_A set to NONE
        Info (286033): Parameter WRCONTROL_ACLR_A set to NONE
        Info (286033): Parameter RAM_BLOCK_TYPE set to M10K
        Info (286033): Parameter READ_DURING_WRITE_MODE_MIXED_PORTS set to OLD_DATA
        Info (286033): Parameter RDCONTROL_REG_B set to CLOCK0
    Info (276029): Inferred altsyncram megafunction from the following design logic: "dg_tile_core:core|dg_tile_ram:banks[1].weight_bank|mem_rtl_0" 
        Info (286033): Parameter OPERATION_MODE set to DUAL_PORT
        Info (286033): Parameter WIDTH_A set to 8
        Info (286033): Parameter WIDTHAD_A set to 8
        Info (286033): Parameter NUMWORDS_A set to 256
        Info (286033): Parameter WIDTH_B set to 8
        Info (286033): Parameter WIDTHAD_B set to 8
        Info (286033): Parameter NUMWORDS_B set to 256
        Info (286033): Parameter ADDRESS_ACLR_A set to NONE
        Info (286033): Parameter OUTDATA_REG_B set to UNREGISTERED
        Info (286033): Parameter ADDRESS_ACLR_B set to NONE
        Info (286033): Parameter OUTDATA_ACLR_B set to NONE
        Info (286033): Parameter ADDRESS_REG_B set to CLOCK0
        Info (286033): Parameter INDATA_ACLR_A set to NONE
        Info (286033): Parameter WRCONTROL_ACLR_A set to NONE
        Info (286033): Parameter RAM_BLOCK_TYPE set to M10K
        Info (286033): Parameter READ_DURING_WRITE_MODE_MIXED_PORTS set to OLD_DATA
        Info (286033): Parameter RDCONTROL_REG_B set to CLOCK0
    Info (276029): Inferred altsyncram megafunction from the following design logic: "dg_tile_core:core|dg_tile_ram:banks[0].weight_bank|mem_rtl_0" 
        Info (286033): Parameter OPERATION_MODE set to DUAL_PORT
        Info (286033): Parameter WIDTH_A set to 8
        Info (286033): Parameter WIDTHAD_A set to 8
        Info (286033): Parameter NUMWORDS_A set to 256
        Info (286033): Parameter WIDTH_B set to 8
        Info (286033): Parameter WIDTHAD_B set to 8
        Info (286033): Parameter NUMWORDS_B set to 256
        Info (286033): Parameter ADDRESS_ACLR_A set to NONE
        Info (286033): Parameter OUTDATA_REG_B set to UNREGISTERED
        Info (286033): Parameter ADDRESS_ACLR_B set to NONE
        Info (286033): Parameter OUTDATA_ACLR_B set to NONE
        Info (286033): Parameter ADDRESS_REG_B set to CLOCK0
        Info (286033): Parameter INDATA_ACLR_A set to NONE
        Info (286033): Parameter WRCONTROL_ACLR_A set to NONE
        Info (286033): Parameter RAM_BLOCK_TYPE set to M10K
        Info (286033): Parameter READ_DURING_WRITE_MODE_MIXED_PORTS set to OLD_DATA
        Info (286033): Parameter RDCONTROL_REG_B set to CLOCK0
    Info (276029): Inferred altsyncram megafunction from the following design logic: "dg_tile_core:core|dg_tile_ram:input_bank|mem_rtl_0" 
        Info (286033): Parameter OPERATION_MODE set to DUAL_PORT
        Info (286033): Parameter WIDTH_A set to 8
        Info (286033): Parameter WIDTHAD_A set to 8
        Info (286033): Parameter NUMWORDS_A set to 256
        Info (286033): Parameter WIDTH_B set to 8
        Info (286033): Parameter WIDTHAD_B set to 8
        Info (286033): Parameter NUMWORDS_B set to 256
        Info (286033): Parameter ADDRESS_ACLR_A set to NONE
        Info (286033): Parameter OUTDATA_REG_B set to UNREGISTERED
        Info (286033): Parameter ADDRESS_ACLR_B set to NONE
        Info (286033): Parameter OUTDATA_ACLR_B set to NONE
        Info (286033): Parameter ADDRESS_REG_B set to CLOCK0
        Info (286033): Parameter INDATA_ACLR_A set to NONE
        Info (286033): Parameter WRCONTROL_ACLR_A set to NONE
        Info (286033): Parameter RAM_BLOCK_TYPE set to M10K
        Info (286033): Parameter READ_DURING_WRITE_MODE_MIXED_PORTS set to OLD_DATA
        Info (286033): Parameter RDCONTROL_REG_B set to CLOCK0
Info (12130): Elaborated megafunction instantiation "dg_tile_core:core|dg_tile_ram:banks[7].weight_bank|altsyncram:mem_rtl_0"
Info (12133): Instantiated megafunction "dg_tile_core:core|dg_tile_ram:banks[7].weight_bank|altsyncram:mem_rtl_0" with the following parameter:
    Info (12134): Parameter "OPERATION_MODE" = "DUAL_PORT"
    Info (12134): Parameter "WIDTH_A" = "8"
    Info (12134): Parameter "WIDTHAD_A" = "8"
    Info (12134): Parameter "NUMWORDS_A" = "256"
    Info (12134): Parameter "WIDTH_B" = "8"
    Info (12134): Parameter "WIDTHAD_B" = "8"
    Info (12134): Parameter "NUMWORDS_B" = "256"
    Info (12134): Parameter "ADDRESS_ACLR_A" = "NONE"
    Info (12134): Parameter "OUTDATA_REG_B" = "UNREGISTERED"
    Info (12134): Parameter "ADDRESS_ACLR_B" = "NONE"
    Info (12134): Parameter "OUTDATA_ACLR_B" = "NONE"
    Info (12134): Parameter "ADDRESS_REG_B" = "CLOCK0"
    Info (12134): Parameter "INDATA_ACLR_A" = "NONE"
    Info (12134): Parameter "WRCONTROL_ACLR_A" = "NONE"
    Info (12134): Parameter "RAM_BLOCK_TYPE" = "M10K"
    Info (12134): Parameter "READ_DURING_WRITE_MODE_MIXED_PORTS" = "OLD_DATA"
    Info (12134): Parameter "RDCONTROL_REG_B" = "CLOCK0"
Info (12021): Found 1 design units, including 1 entities, in source file db/altsyncram_rtr1.tdf
    Info (12023): Found entity 1: altsyncram_rtr1 File: D:/LOMBA/HACKATOWN-PERURI/DualGuard/quartus/dualguard_8/db/altsyncram_rtr1.tdf Line: 28
Warning (13024): Output pins are stuck at VCC or GND
    Warning (13410): Pin "waitrequest" is stuck at GND File: D:/LOMBA/HACKATOWN-PERURI/DualGuard/rtl/dg_csr_top.v Line: 8
Info (286030): Timing-Driven Synthesis is running
Info (17049): 2 registers lost all their fanouts during netlist optimizations.
Info (16010): Generating hard_block partition "hard_block:auto_generated_inst"
    Info (16011): Adding 0 node(s), including 0 DDIO, 0 PLL, 0 transceiver and 0 LCELL
Info (21057): Implemented 2176 device resources after synthesis - the final resource count might be different
    Info (21058): Implemented 48 input pins
    Info (21059): Implemented 34 output pins
    Info (21061): Implemented 2011 logic cells
    Info (21064): Implemented 72 RAM segments
    Info (21062): Implemented 11 DSP elements
Info: Quartus Prime Analysis & Synthesis was successful. 0 errors, 7 warnings
    Info: Peak virtual memory: 4931 megabytes
    Info: Processing ended: Thu Oct  8 00:14:41 2026
    Info: Elapsed time: 00:00:12
    Info: Total CPU time (on all processors): 00:00:22


