Fitter report for dg_csr_top
Thu Oct  8 00:19:09 2026
Quartus Prime Version 25.1std.0 Build 1129 10/21/2025 SC Lite Edition


---------------------
; Table of Contents ;
---------------------
  1. Legal Notice
  2. Fitter Summary
  3. Fitter Settings
  4. Parallel Compilation
  5. Fitter Netlist Optimizations
  6. Ignored Assignments
  7. Incremental Compilation Preservation Summary
  8. Incremental Compilation Partition Settings
  9. Incremental Compilation Placement Preservation
 10. Pin-Out File
 11. Fitter Resource Usage Summary
 12. Fitter Partition Statistics
 13. Input Pins
 14. Output Pins
 15. I/O Bank Usage
 16. All Package Pins
 17. I/O Assignment Warnings
 18. Fitter Resource Utilization by Entity
 19. Delay Chain Summary
 20. Pad To Core Delay Chain Fanout
 21. Control Signals
 22. Global & Other Fast Signals
 23. Non-Global High Fan-Out Signals
 24. Fitter RAM Summary
 25. Fitter DSP Block Usage Summary
 26. DSP Block Details
 27. Routing Usage Summary
 28. I/O Rules Summary
 29. I/O Rules Details
 30. I/O Rules Matrix
 31. Fitter Device Options
 32. Operating Settings and Conditions
 33. Estimated Delay Added for Hold Timing Summary
 34. Estimated Delay Added for Hold Timing Details
 35. Fitter Messages
 36. Fitter Suppressed Messages



----------------
; Legal Notice ;
----------------
Copyright (C) 2025  Altera Corporation. All rights reserved.
Your use of Altera Corporation's design tools, logic functions 
and other software and tools, and any partner logic 
functions, and any output files from any of the foregoing 
(including device programming or simulation files), and any 
associated documentation or information are expressly subject 
to the terms and conditions of the Altera Program License 
Subscription Agreement, the Altera Quartus Prime License Agreement,
the Altera IP License Agreement, or other applicable license
agreement, including, without limitation, that your use is for
the sole purpose of programming logic devices manufactured by
Altera and sold by Altera or its authorized distributors.  Please
refer to the Altera Software License Subscription Agreements 
on the Quartus Prime software download page.



+-----------------------------------------------------------------------------------+
; Fitter Summary                                                                    ;
+---------------------------------+-------------------------------------------------+
; Fitter Status                   ; Successful - Thu Oct  8 00:19:09 2026           ;
; Quartus Prime Version           ; 25.1std.0 Build 1129 10/21/2025 SC Lite Edition ;
; Revision Name                   ; dg_csr_top                                      ;
; Top-level Entity Name           ; dg_csr_top                                      ;
; Family                          ; Cyclone V                                       ;
; Device                          ; 5CSEBA6U23I7                                    ;
; Timing Models                   ; Final                                           ;
; Logic utilization (in ALMs)     ; 930 / 41,910 ( 2 % )                            ;
; Total registers                 ; 957                                             ;
; Total pins                      ; 82 / 314 ( 26 % )                               ;
; Total virtual pins              ; 0                                               ;
; Total block memory bits         ; 18,432 / 5,662,720 ( < 1 % )                    ;
; Total RAM Blocks                ; 9 / 553 ( 2 % )                                 ;
; Total DSP Blocks                ; 11 / 112 ( 10 % )                               ;
; Total HSSI RX PCSs              ; 0                                               ;
; Total HSSI PMA RX Deserializers ; 0                                               ;
; Total HSSI TX PCSs              ; 0                                               ;
; Total HSSI PMA TX Serializers   ; 0                                               ;
; Total PLLs                      ; 0 / 6 ( 0 % )                                   ;
; Total DLLs                      ; 0 / 4 ( 0 % )                                   ;
+---------------------------------+-------------------------------------------------+


+----------------------------------------------------------------------------------------------------------------------------------------------------+
; Fitter Settings                                                                                                                                    ;
+--------------------------------------------------------------------+---------------------------------------+---------------------------------------+
; Option                                                             ; Setting                               ; Default Value                         ;
+--------------------------------------------------------------------+---------------------------------------+---------------------------------------+
; Device                                                             ; 5CSEBA6U23I7                          ;                                       ;
; Minimum Core Junction Temperature                                  ; -40                                   ;                                       ;
; Maximum Core Junction Temperature                                  ; 100                                   ;                                       ;
; Device I/O Standard                                                ; 2.5 V                                 ;                                       ;
; Use smart compilation                                              ; Off                                   ; Off                                   ;
; Enable parallel Assembler and Timing Analyzer during compilation   ; On                                    ; On                                    ;
; Enable compact report table                                        ; Off                                   ; Off                                   ;
; Router Timing Optimization Level                                   ; Normal                                ; Normal                                ;
; Perform Clocking Topology Analysis During Routing                  ; Off                                   ; Off                                   ;
; Placement Effort Multiplier                                        ; 1.0                                   ; 1.0                                   ;
; Device initialization clock source                                 ; INIT_INTOSC                           ; INIT_INTOSC                           ;
; Optimize Hold Timing                                               ; All Paths                             ; All Paths                             ;
; Optimize Multi-Corner Timing                                       ; On                                    ; On                                    ;
; Auto RAM to MLAB Conversion                                        ; On                                    ; On                                    ;
; Equivalent RAM and MLAB Power Up                                   ; Auto                                  ; Auto                                  ;
; Equivalent RAM and MLAB Paused Read Capabilities                   ; Care                                  ; Care                                  ;
; Power Optimization During Fitting                                  ; Normal compilation                    ; Normal compilation                    ;
; SSN Optimization                                                   ; Off                                   ; Off                                   ;
; Optimize Timing                                                    ; Normal compilation                    ; Normal compilation                    ;
; Optimize Timing for ECOs                                           ; Off                                   ; Off                                   ;
; Regenerate Full Fit Report During ECO Compiles                     ; Off                                   ; Off                                   ;
; Optimize IOC Register Placement for Timing                         ; Normal                                ; Normal                                ;
; Final Placement Optimizations                                      ; Automatically                         ; Automatically                         ;
; Fitter Aggressive Routability Optimizations                        ; Automatically                         ; Automatically                         ;
; Fitter Initial Placement Seed                                      ; 1                                     ; 1                                     ;
; Periphery to Core Placement and Routing Optimization               ; Off                                   ; Off                                   ;
; Weak Pull-Up Resistor                                              ; Off                                   ; Off                                   ;
; Enable Bus-Hold Circuitry                                          ; Off                                   ; Off                                   ;
; Auto Packed Registers                                              ; Auto                                  ; Auto                                  ;
; Auto Delay Chains                                                  ; On                                    ; On                                    ;
; Auto Delay Chains for High Fanout Input Pins                       ; Off                                   ; Off                                   ;
; Treat Bidirectional Pin as Output Pin                              ; Off                                   ; Off                                   ;
; Perform Physical Synthesis for Combinational Logic for Fitting     ; Off                                   ; Off                                   ;
; Perform Physical Synthesis for Combinational Logic for Performance ; Off                                   ; Off                                   ;
; Perform Register Duplication for Performance                       ; Off                                   ; Off                                   ;
; Perform Register Retiming for Performance                          ; Off                                   ; Off                                   ;
; Perform Asynchronous Signal Pipelining                             ; Off                                   ; Off                                   ;
; Fitter Effort                                                      ; Auto Fit                              ; Auto Fit                              ;
; Physical Synthesis Effort Level                                    ; Normal                                ; Normal                                ;
; Logic Cell Insertion - Logic Duplication                           ; Auto                                  ; Auto                                  ;
; Auto Register Duplication                                          ; Auto                                  ; Auto                                  ;
; Auto Global Clock                                                  ; On                                    ; On                                    ;
; Auto Global Register Control Signals                               ; On                                    ; On                                    ;
; Reserve all unused pins                                            ; As input tri-stated with weak pull-up ; As input tri-stated with weak pull-up ;
; Synchronizer Identification                                        ; Auto                                  ; Auto                                  ;
; Enable Beneficial Skew Optimization                                ; On                                    ; On                                    ;
; Optimize Design for Metastability                                  ; On                                    ; On                                    ;
; Active Serial clock source                                         ; FREQ_100MHz                           ; FREQ_100MHz                           ;
; Force Fitter to Avoid Periphery Placement Warnings                 ; Off                                   ; Off                                   ;
; Clamping Diode                                                     ; Off                                   ; Off                                   ;
; Enable input tri-state on active configuration pins in user mode   ; Off                                   ; Off                                   ;
; Advanced Physical Optimization                                     ; On                                    ; On                                    ;
+--------------------------------------------------------------------+---------------------------------------+---------------------------------------+


+------------------------------------------+
; Parallel Compilation                     ;
+----------------------------+-------------+
; Processors                 ; Number      ;
+----------------------------+-------------+
; Number detected on machine ; 12          ;
; Maximum allowed            ; 12          ;
;                            ;             ;
; Average used               ; 1.05        ;
; Maximum used               ; 12          ;
;                            ;             ;
; Usage by Processor         ; % Time Used ;
;     Processor 1            ; 100.0%      ;
;     Processor 2            ;   0.6%      ;
;     Processor 3            ;   0.5%      ;
;     Processor 4            ;   0.5%      ;
;     Processor 5            ;   0.5%      ;
;     Processor 6            ;   0.5%      ;
;     Processor 7            ;   0.5%      ;
;     Processor 8            ;   0.5%      ;
;     Processor 9            ;   0.4%      ;
;     Processor 10           ;   0.4%      ;
;     Processor 11           ;   0.4%      ;
;     Processor 12           ;   0.4%      ;
+----------------------------+-------------+


+----------------------------------------------------------------------------------------------------------------------------------------------------------------+
; Fitter Netlist Optimizations                                                                                                                                   ;
+------------------+---------+-----------+----------------------------+-----------+----------------+------------------+------------------+-----------------------+
; Node             ; Action  ; Operation ; Reason                     ; Node Port ; Node Port Name ; Destination Node ; Destination Port ; Destination Port Name ;
+------------------+---------+-----------+----------------------------+-----------+----------------+------------------+------------------+-----------------------+
; clk~inputCLKENA0 ; Created ; Placement ; Fitter Periphery Placement ;           ;                ;                  ;                  ;                       ;
+------------------+---------+-----------+----------------------------+-----------+----------------+------------------+------------------+-----------------------+


+----------------------------------------------------------------------------------------------------------------------------------------------------+
; Ignored Assignments                                                                                                                                ;
+-----------------------------------------+----------------+--------------+---------------------+-----------------------------------+----------------+
; Name                                    ; Ignored Entity ; Ignored From ; Ignored To          ; Ignored Value                     ; Ignored Source ;
+-----------------------------------------+----------------+--------------+---------------------+-----------------------------------+----------------+
; I/O Standard                            ; dg_csr_top     ;              ; ADC_CONVST          ; 3.3-V LVTTL                       ; QSF Assignment ;
; I/O Standard                            ; dg_csr_top     ;              ; ADC_SCLK            ; 3.3-V LVTTL                       ; QSF Assignment ;
; I/O Standard                            ; dg_csr_top     ;              ; ADC_SDI             ; 3.3-V LVTTL                       ; QSF Assignment ;
; I/O Standard                            ; dg_csr_top     ;              ; ADC_SDO             ; 3.3-V LVTTL                       ; QSF Assignment ;
; I/O Standard                            ; dg_csr_top     ;              ; ARDUINO_IO[0]       ; 3.3-V LVTTL                       ; QSF Assignment ;
; I/O Standard                            ; dg_csr_top     ;              ; ARDUINO_IO[10]      ; 3.3-V LVTTL                       ; QSF Assignment ;
; I/O Standard                            ; dg_csr_top     ;              ; ARDUINO_IO[11]      ; 3.3-V LVTTL                       ; QSF Assignment ;
; I/O Standard                            ; dg_csr_top     ;              ; ARDUINO_IO[12]      ; 3.3-V LVTTL                       ; QSF Assignment ;
; I/O Standard                            ; dg_csr_top     ;              ; ARDUINO_IO[13]      ; 3.3-V LVTTL                       ; QSF Assignment ;
; I/O Standard                            ; dg_csr_top     ;              ; ARDUINO_IO[14]      ; 3.3-V LVTTL                       ; QSF Assignment ;
; I/O Standard                            ; dg_csr_top     ;              ; ARDUINO_IO[15]      ; 3.3-V LVTTL                       ; QSF Assignment ;
; I/O Standard                            ; dg_csr_top     ;              ; ARDUINO_IO[1]       ; 3.3-V LVTTL                       ; QSF Assignment ;
; I/O Standard                            ; dg_csr_top     ;              ; ARDUINO_IO[2]       ; 3.3-V LVTTL                       ; QSF Assignment ;
; I/O Standard                            ; dg_csr_top     ;              ; ARDUINO_IO[3]       ; 3.3-V LVTTL                       ; QSF Assignment ;
; I/O Standard                            ; dg_csr_top     ;              ; ARDUINO_IO[4]       ; 3.3-V LVTTL                       ; QSF Assignment ;
; I/O Standard                            ; dg_csr_top     ;              ; ARDUINO_IO[5]       ; 3.3-V LVTTL                       ; QSF Assignment ;
; I/O Standard                            ; dg_csr_top     ;              ; ARDUINO_IO[6]       ; 3.3-V LVTTL                       ; QSF Assignment ;
; I/O Standard                            ; dg_csr_top     ;              ; ARDUINO_IO[7]       ; 3.3-V LVTTL                       ; QSF Assignment ;
; I/O Standard                            ; dg_csr_top     ;              ; ARDUINO_IO[8]       ; 3.3-V LVTTL                       ; QSF Assignment ;
; I/O Standard                            ; dg_csr_top     ;              ; ARDUINO_IO[9]       ; 3.3-V LVTTL                       ; QSF Assignment ;
; I/O Standard                            ; dg_csr_top     ;              ; ARDUINO_RESET_N     ; 3.3-V LVTTL                       ; QSF Assignment ;
; I/O Standard                            ; dg_csr_top     ;              ; CLOCK2_50           ; 3.3-V LVTTL                       ; QSF Assignment ;
; I/O Standard                            ; dg_csr_top     ;              ; CLOCK3_50           ; 3.3-V LVTTL                       ; QSF Assignment ;
; I/O Standard                            ; dg_csr_top     ;              ; CLOCK_50            ; 3.3-V LVTTL                       ; QSF Assignment ;
; I/O Standard                            ; dg_csr_top     ;              ; GPIO_0[0]           ; 3.3-V LVTTL                       ; QSF Assignment ;
; I/O Standard                            ; dg_csr_top     ;              ; GPIO_0[10]          ; 3.3-V LVTTL                       ; QSF Assignment ;
; I/O Standard                            ; dg_csr_top     ;              ; GPIO_0[11]          ; 3.3-V LVTTL                       ; QSF Assignment ;
; I/O Standard                            ; dg_csr_top     ;              ; GPIO_0[12]          ; 3.3-V LVTTL                       ; QSF Assignment ;
; I/O Standard                            ; dg_csr_top     ;              ; GPIO_0[13]          ; 3.3-V LVTTL                       ; QSF Assignment ;
; I/O Standard                            ; dg_csr_top     ;              ; GPIO_0[14]          ; 3.3-V LVTTL                       ; QSF Assignment ;
; I/O Standard                            ; dg_csr_top     ;              ; GPIO_0[15]          ; 3.3-V LVTTL                       ; QSF Assignment ;
; I/O Standard                            ; dg_csr_top     ;              ; GPIO_0[16]          ; 3.3-V LVTTL                       ; QSF Assignment ;
; I/O Standard                            ; dg_csr_top     ;              ; GPIO_0[17]          ; 3.3-V LVTTL                       ; QSF Assignment ;
; I/O Standard                            ; dg_csr_top     ;              ; GPIO_0[18]          ; 3.3-V LVTTL                       ; QSF Assignment ;
; I/O Standard                            ; dg_csr_top     ;              ; GPIO_0[19]          ; 3.3-V LVTTL                       ; QSF Assignment ;
; I/O Standard                            ; dg_csr_top     ;              ; GPIO_0[1]           ; 3.3-V LVTTL                       ; QSF Assignment ;
; I/O Standard                            ; dg_csr_top     ;              ; GPIO_0[20]          ; 3.3-V LVTTL                       ; QSF Assignment ;
; I/O Standard                            ; dg_csr_top     ;              ; GPIO_0[21]          ; 3.3-V LVTTL                       ; QSF Assignment ;
; I/O Standard                            ; dg_csr_top     ;              ; GPIO_0[22]          ; 3.3-V LVTTL                       ; QSF Assignment ;
; I/O Standard                            ; dg_csr_top     ;              ; GPIO_0[23]          ; 3.3-V LVTTL                       ; QSF Assignment ;
; I/O Standard                            ; dg_csr_top     ;              ; GPIO_0[24]          ; 3.3-V LVTTL                       ; QSF Assignment ;
; I/O Standard                            ; dg_csr_top     ;              ; GPIO_0[25]          ; 3.3-V LVTTL                       ; QSF Assignment ;
; I/O Standard                            ; dg_csr_top     ;              ; GPIO_0[26]          ; 3.3-V LVTTL                       ; QSF Assignment ;
; I/O Standard                            ; dg_csr_top     ;              ; GPIO_0[27]          ; 3.3-V LVTTL                       ; QSF Assignment ;
; I/O Standard                            ; dg_csr_top     ;              ; GPIO_0[28]          ; 3.3-V LVTTL                       ; QSF Assignment ;
; I/O Standard                            ; dg_csr_top     ;              ; GPIO_0[29]          ; 3.3-V LVTTL                       ; QSF Assignment ;
; I/O Standard                            ; dg_csr_top     ;              ; GPIO_0[2]           ; 3.3-V LVTTL                       ; QSF Assignment ;
; I/O Standard                            ; dg_csr_top     ;              ; GPIO_0[30]          ; 3.3-V LVTTL                       ; QSF Assignment ;
; I/O Standard                            ; dg_csr_top     ;              ; GPIO_0[31]          ; 3.3-V LVTTL                       ; QSF Assignment ;
; I/O Standard                            ; dg_csr_top     ;              ; GPIO_0[32]          ; 3.3-V LVTTL                       ; QSF Assignment ;
; I/O Standard                            ; dg_csr_top     ;              ; GPIO_0[33]          ; 3.3-V LVTTL                       ; QSF Assignment ;
; I/O Standard                            ; dg_csr_top     ;              ; GPIO_0[34]          ; 3.3-V LVTTL                       ; QSF Assignment ;
; I/O Standard                            ; dg_csr_top     ;              ; GPIO_0[35]          ; 3.3-V LVTTL                       ; QSF Assignment ;
; I/O Standard                            ; dg_csr_top     ;              ; GPIO_0[3]           ; 3.3-V LVTTL                       ; QSF Assignment ;
; I/O Standard                            ; dg_csr_top     ;              ; GPIO_0[4]           ; 3.3-V LVTTL                       ; QSF Assignment ;
; I/O Standard                            ; dg_csr_top     ;              ; GPIO_0[5]           ; 3.3-V LVTTL                       ; QSF Assignment ;
; I/O Standard                            ; dg_csr_top     ;              ; GPIO_0[6]           ; 3.3-V LVTTL                       ; QSF Assignment ;
; I/O Standard                            ; dg_csr_top     ;              ; GPIO_0[7]           ; 3.3-V LVTTL                       ; QSF Assignment ;
; I/O Standard                            ; dg_csr_top     ;              ; GPIO_0[8]           ; 3.3-V LVTTL                       ; QSF Assignment ;
; I/O Standard                            ; dg_csr_top     ;              ; GPIO_0[9]           ; 3.3-V LVTTL                       ; QSF Assignment ;
; I/O Standard                            ; dg_csr_top     ;              ; GPIO_1[0]           ; 3.3-V LVTTL                       ; QSF Assignment ;
; I/O Standard                            ; dg_csr_top     ;              ; GPIO_1[10]          ; 3.3-V LVTTL                       ; QSF Assignment ;
; I/O Standard                            ; dg_csr_top     ;              ; GPIO_1[11]          ; 3.3-V LVTTL                       ; QSF Assignment ;
; I/O Standard                            ; dg_csr_top     ;              ; GPIO_1[12]          ; 3.3-V LVTTL                       ; QSF Assignment ;
; I/O Standard                            ; dg_csr_top     ;              ; GPIO_1[13]          ; 3.3-V LVTTL                       ; QSF Assignment ;
; I/O Standard                            ; dg_csr_top     ;              ; GPIO_1[14]          ; 3.3-V LVTTL                       ; QSF Assignment ;
; I/O Standard                            ; dg_csr_top     ;              ; GPIO_1[15]          ; 3.3-V LVTTL                       ; QSF Assignment ;
; I/O Standard                            ; dg_csr_top     ;              ; GPIO_1[16]          ; 3.3-V LVTTL                       ; QSF Assignment ;
; I/O Standard                            ; dg_csr_top     ;              ; GPIO_1[17]          ; 3.3-V LVTTL                       ; QSF Assignment ;
; I/O Standard                            ; dg_csr_top     ;              ; GPIO_1[18]          ; 3.3-V LVTTL                       ; QSF Assignment ;
; I/O Standard                            ; dg_csr_top     ;              ; GPIO_1[19]          ; 3.3-V LVTTL                       ; QSF Assignment ;
; I/O Standard                            ; dg_csr_top     ;              ; GPIO_1[1]           ; 3.3-V LVTTL                       ; QSF Assignment ;
; I/O Standard                            ; dg_csr_top     ;              ; GPIO_1[20]          ; 3.3-V LVTTL                       ; QSF Assignment ;
; I/O Standard                            ; dg_csr_top     ;              ; GPIO_1[21]          ; 3.3-V LVTTL                       ; QSF Assignment ;
; I/O Standard                            ; dg_csr_top     ;              ; GPIO_1[22]          ; 3.3-V LVTTL                       ; QSF Assignment ;
; I/O Standard                            ; dg_csr_top     ;              ; GPIO_1[23]          ; 3.3-V LVTTL                       ; QSF Assignment ;
; I/O Standard                            ; dg_csr_top     ;              ; GPIO_1[24]          ; 3.3-V LVTTL                       ; QSF Assignment ;
; I/O Standard                            ; dg_csr_top     ;              ; GPIO_1[25]          ; 3.3-V LVTTL                       ; QSF Assignment ;
; I/O Standard                            ; dg_csr_top     ;              ; GPIO_1[26]          ; 3.3-V LVTTL                       ; QSF Assignment ;
; I/O Standard                            ; dg_csr_top     ;              ; GPIO_1[27]          ; 3.3-V LVTTL                       ; QSF Assignment ;
; I/O Standard                            ; dg_csr_top     ;              ; GPIO_1[28]          ; 3.3-V LVTTL                       ; QSF Assignment ;
; I/O Standard                            ; dg_csr_top     ;              ; GPIO_1[29]          ; 3.3-V LVTTL                       ; QSF Assignment ;
; I/O Standard                            ; dg_csr_top     ;              ; GPIO_1[2]           ; 3.3-V LVTTL                       ; QSF Assignment ;
; I/O Standard                            ; dg_csr_top     ;              ; GPIO_1[30]          ; 3.3-V LVTTL                       ; QSF Assignment ;
; I/O Standard                            ; dg_csr_top     ;              ; GPIO_1[31]          ; 3.3-V LVTTL                       ; QSF Assignment ;
; I/O Standard                            ; dg_csr_top     ;              ; GPIO_1[32]          ; 3.3-V LVTTL                       ; QSF Assignment ;
; I/O Standard                            ; dg_csr_top     ;              ; GPIO_1[33]          ; 3.3-V LVTTL                       ; QSF Assignment ;
; I/O Standard                            ; dg_csr_top     ;              ; GPIO_1[34]          ; 3.3-V LVTTL                       ; QSF Assignment ;
; I/O Standard                            ; dg_csr_top     ;              ; GPIO_1[35]          ; 3.3-V LVTTL                       ; QSF Assignment ;
; I/O Standard                            ; dg_csr_top     ;              ; GPIO_1[3]           ; 3.3-V LVTTL                       ; QSF Assignment ;
; I/O Standard                            ; dg_csr_top     ;              ; GPIO_1[4]           ; 3.3-V LVTTL                       ; QSF Assignment ;
; I/O Standard                            ; dg_csr_top     ;              ; GPIO_1[5]           ; 3.3-V LVTTL                       ; QSF Assignment ;
; I/O Standard                            ; dg_csr_top     ;              ; GPIO_1[6]           ; 3.3-V LVTTL                       ; QSF Assignment ;
; I/O Standard                            ; dg_csr_top     ;              ; GPIO_1[7]           ; 3.3-V LVTTL                       ; QSF Assignment ;
; I/O Standard                            ; dg_csr_top     ;              ; GPIO_1[8]           ; 3.3-V LVTTL                       ; QSF Assignment ;
; I/O Standard                            ; dg_csr_top     ;              ; GPIO_1[9]           ; 3.3-V LVTTL                       ; QSF Assignment ;
; I/O Standard                            ; dg_csr_top     ;              ; HPS_CONV_USB_N      ; 3.3-V LVTTL                       ; QSF Assignment ;
; I/O Standard                            ; dg_csr_top     ;              ; HPS_DDR3_ADDR[0]    ; SSTL-15 CLASS I                   ; QSF Assignment ;
; I/O Standard                            ; dg_csr_top     ;              ; HPS_DDR3_ADDR[10]   ; SSTL-15 CLASS I                   ; QSF Assignment ;
; I/O Standard                            ; dg_csr_top     ;              ; HPS_DDR3_ADDR[11]   ; SSTL-15 CLASS I                   ; QSF Assignment ;
; I/O Standard                            ; dg_csr_top     ;              ; HPS_DDR3_ADDR[12]   ; SSTL-15 CLASS I                   ; QSF Assignment ;
; I/O Standard                            ; dg_csr_top     ;              ; HPS_DDR3_ADDR[13]   ; SSTL-15 CLASS I                   ; QSF Assignment ;
; I/O Standard                            ; dg_csr_top     ;              ; HPS_DDR3_ADDR[14]   ; SSTL-15 CLASS I                   ; QSF Assignment ;
; I/O Standard                            ; dg_csr_top     ;              ; HPS_DDR3_ADDR[1]    ; SSTL-15 CLASS I                   ; QSF Assignment ;
; I/O Standard                            ; dg_csr_top     ;              ; HPS_DDR3_ADDR[2]    ; SSTL-15 CLASS I                   ; QSF Assignment ;
; I/O Standard                            ; dg_csr_top     ;              ; HPS_DDR3_ADDR[3]    ; SSTL-15 CLASS I                   ; QSF Assignment ;
; I/O Standard                            ; dg_csr_top     ;              ; HPS_DDR3_ADDR[4]    ; SSTL-15 CLASS I                   ; QSF Assignment ;
; I/O Standard                            ; dg_csr_top     ;              ; HPS_DDR3_ADDR[5]    ; SSTL-15 CLASS I                   ; QSF Assignment ;
; I/O Standard                            ; dg_csr_top     ;              ; HPS_DDR3_ADDR[6]    ; SSTL-15 CLASS I                   ; QSF Assignment ;
; I/O Standard                            ; dg_csr_top     ;              ; HPS_DDR3_ADDR[7]    ; SSTL-15 CLASS I                   ; QSF Assignment ;
; I/O Standard                            ; dg_csr_top     ;              ; HPS_DDR3_ADDR[8]    ; SSTL-15 CLASS I                   ; QSF Assignment ;
; I/O Standard                            ; dg_csr_top     ;              ; HPS_DDR3_ADDR[9]    ; SSTL-15 CLASS I                   ; QSF Assignment ;
; I/O Standard                            ; dg_csr_top     ;              ; HPS_DDR3_BA[0]      ; SSTL-15 CLASS I                   ; QSF Assignment ;
; I/O Standard                            ; dg_csr_top     ;              ; HPS_DDR3_BA[1]      ; SSTL-15 CLASS I                   ; QSF Assignment ;
; I/O Standard                            ; dg_csr_top     ;              ; HPS_DDR3_BA[2]      ; SSTL-15 CLASS I                   ; QSF Assignment ;
; I/O Standard                            ; dg_csr_top     ;              ; HPS_DDR3_CAS_N      ; SSTL-15 CLASS I                   ; QSF Assignment ;
; I/O Standard                            ; dg_csr_top     ;              ; HPS_DDR3_CKE        ; SSTL-15 CLASS I                   ; QSF Assignment ;
; I/O Standard                            ; dg_csr_top     ;              ; HPS_DDR3_CK_N       ; DIFFERENTIAL 1.5-V SSTL CLASS I   ; QSF Assignment ;
; I/O Standard                            ; dg_csr_top     ;              ; HPS_DDR3_CK_P       ; DIFFERENTIAL 1.5-V SSTL CLASS I   ; QSF Assignment ;
; I/O Standard                            ; dg_csr_top     ;              ; HPS_DDR3_CS_N       ; SSTL-15 CLASS I                   ; QSF Assignment ;
; I/O Standard                            ; dg_csr_top     ;              ; HPS_DDR3_DM[0]      ; SSTL-15 CLASS I                   ; QSF Assignment ;
; I/O Standard                            ; dg_csr_top     ;              ; HPS_DDR3_DM[1]      ; SSTL-15 CLASS I                   ; QSF Assignment ;
; I/O Standard                            ; dg_csr_top     ;              ; HPS_DDR3_DM[2]      ; SSTL-15 CLASS I                   ; QSF Assignment ;
; I/O Standard                            ; dg_csr_top     ;              ; HPS_DDR3_DM[3]      ; SSTL-15 CLASS I                   ; QSF Assignment ;
; I/O Standard                            ; dg_csr_top     ;              ; HPS_DDR3_DQS_N[0]   ; DIFFERENTIAL 1.5-V SSTL CLASS I   ; QSF Assignment ;
; I/O Standard                            ; dg_csr_top     ;              ; HPS_DDR3_DQS_N[1]   ; DIFFERENTIAL 1.5-V SSTL CLASS I   ; QSF Assignment ;
; I/O Standard                            ; dg_csr_top     ;              ; HPS_DDR3_DQS_N[2]   ; DIFFERENTIAL 1.5-V SSTL CLASS I   ; QSF Assignment ;
; I/O Standard                            ; dg_csr_top     ;              ; HPS_DDR3_DQS_N[3]   ; DIFFERENTIAL 1.5-V SSTL CLASS I   ; QSF Assignment ;
; I/O Standard                            ; dg_csr_top     ;              ; HPS_DDR3_DQS_P[0]   ; DIFFERENTIAL 1.5-V SSTL CLASS I   ; QSF Assignment ;
; I/O Standard                            ; dg_csr_top     ;              ; HPS_DDR3_DQS_P[1]   ; DIFFERENTIAL 1.5-V SSTL CLASS I   ; QSF Assignment ;
; I/O Standard                            ; dg_csr_top     ;              ; HPS_DDR3_DQS_P[2]   ; DIFFERENTIAL 1.5-V SSTL CLASS I   ; QSF Assignment ;
; I/O Standard                            ; dg_csr_top     ;              ; HPS_DDR3_DQS_P[3]   ; DIFFERENTIAL 1.5-V SSTL CLASS I   ; QSF Assignment ;
; I/O Standard                            ; dg_csr_top     ;              ; HPS_DDR3_DQ[0]      ; SSTL-15 CLASS I                   ; QSF Assignment ;
; I/O Standard                            ; dg_csr_top     ;              ; HPS_DDR3_DQ[10]     ; SSTL-15 CLASS I                   ; QSF Assignment ;
; I/O Standard                            ; dg_csr_top     ;              ; HPS_DDR3_DQ[11]     ; SSTL-15 CLASS I                   ; QSF Assignment ;
; I/O Standard                            ; dg_csr_top     ;              ; HPS_DDR3_DQ[12]     ; SSTL-15 CLASS I                   ; QSF Assignment ;
; I/O Standard                            ; dg_csr_top     ;              ; HPS_DDR3_DQ[13]     ; SSTL-15 CLASS I                   ; QSF Assignment ;
; I/O Standard                            ; dg_csr_top     ;              ; HPS_DDR3_DQ[14]     ; SSTL-15 CLASS I                   ; QSF Assignment ;
; I/O Standard                            ; dg_csr_top     ;              ; HPS_DDR3_DQ[15]     ; SSTL-15 CLASS I                   ; QSF Assignment ;
; I/O Standard                            ; dg_csr_top     ;              ; HPS_DDR3_DQ[16]     ; SSTL-15 CLASS I                   ; QSF Assignment ;
; I/O Standard                            ; dg_csr_top     ;              ; HPS_DDR3_DQ[17]     ; SSTL-15 CLASS I                   ; QSF Assignment ;
; I/O Standard                            ; dg_csr_top     ;              ; HPS_DDR3_DQ[18]     ; SSTL-15 CLASS I                   ; QSF Assignment ;
; I/O Standard                            ; dg_csr_top     ;              ; HPS_DDR3_DQ[19]     ; SSTL-15 CLASS I                   ; QSF Assignment ;
; I/O Standard                            ; dg_csr_top     ;              ; HPS_DDR3_DQ[1]      ; SSTL-15 CLASS I                   ; QSF Assignment ;
; I/O Standard                            ; dg_csr_top     ;              ; HPS_DDR3_DQ[20]     ; SSTL-15 CLASS I                   ; QSF Assignment ;
; I/O Standard                            ; dg_csr_top     ;              ; HPS_DDR3_DQ[21]     ; SSTL-15 CLASS I                   ; QSF Assignment ;
; I/O Standard                            ; dg_csr_top     ;              ; HPS_DDR3_DQ[22]     ; SSTL-15 CLASS I                   ; QSF Assignment ;
; I/O Standard                            ; dg_csr_top     ;              ; HPS_DDR3_DQ[23]     ; SSTL-15 CLASS I                   ; QSF Assignment ;
; I/O Standard                            ; dg_csr_top     ;              ; HPS_DDR3_DQ[24]     ; SSTL-15 CLASS I                   ; QSF Assignment ;
; I/O Standard                            ; dg_csr_top     ;              ; HPS_DDR3_DQ[25]     ; SSTL-15 CLASS I                   ; QSF Assignment ;
; I/O Standard                            ; dg_csr_top     ;              ; HPS_DDR3_DQ[26]     ; SSTL-15 CLASS I                   ; QSF Assignment ;
; I/O Standard                            ; dg_csr_top     ;              ; HPS_DDR3_DQ[27]     ; SSTL-15 CLASS I                   ; QSF Assignment ;
; I/O Standard                            ; dg_csr_top     ;              ; HPS_DDR3_DQ[28]     ; SSTL-15 CLASS I                   ; QSF Assignment ;
; I/O Standard                            ; dg_csr_top     ;              ; HPS_DDR3_DQ[29]     ; SSTL-15 CLASS I                   ; QSF Assignment ;
; I/O Standard                            ; dg_csr_top     ;              ; HPS_DDR3_DQ[2]      ; SSTL-15 CLASS I                   ; QSF Assignment ;
; I/O Standard                            ; dg_csr_top     ;              ; HPS_DDR3_DQ[30]     ; SSTL-15 CLASS I                   ; QSF Assignment ;
; I/O Standard                            ; dg_csr_top     ;              ; HPS_DDR3_DQ[31]     ; SSTL-15 CLASS I                   ; QSF Assignment ;
; I/O Standard                            ; dg_csr_top     ;              ; HPS_DDR3_DQ[3]      ; SSTL-15 CLASS I                   ; QSF Assignment ;
; I/O Standard                            ; dg_csr_top     ;              ; HPS_DDR3_DQ[4]      ; SSTL-15 CLASS I                   ; QSF Assignment ;
; I/O Standard                            ; dg_csr_top     ;              ; HPS_DDR3_DQ[5]      ; SSTL-15 CLASS I                   ; QSF Assignment ;
; I/O Standard                            ; dg_csr_top     ;              ; HPS_DDR3_DQ[6]      ; SSTL-15 CLASS I                   ; QSF Assignment ;
; I/O Standard                            ; dg_csr_top     ;              ; HPS_DDR3_DQ[7]      ; SSTL-15 CLASS I                   ; QSF Assignment ;
; I/O Standard                            ; dg_csr_top     ;              ; HPS_DDR3_DQ[8]      ; SSTL-15 CLASS I                   ; QSF Assignment ;
; I/O Standard                            ; dg_csr_top     ;              ; HPS_DDR3_DQ[9]      ; SSTL-15 CLASS I                   ; QSF Assignment ;
; I/O Standard                            ; dg_csr_top     ;              ; HPS_DDR3_ODT        ; SSTL-15 CLASS I                   ; QSF Assignment ;
; I/O Standard                            ; dg_csr_top     ;              ; HPS_DDR3_RAS_N      ; SSTL-15 CLASS I                   ; QSF Assignment ;
; I/O Standard                            ; dg_csr_top     ;              ; HPS_DDR3_RESET_N    ; SSTL-15 CLASS I                   ; QSF Assignment ;
; I/O Standard                            ; dg_csr_top     ;              ; HPS_DDR3_RZQ        ; SSTL-15 CLASS I                   ; QSF Assignment ;
; I/O Standard                            ; dg_csr_top     ;              ; HPS_DDR3_WE_N       ; SSTL-15 CLASS I                   ; QSF Assignment ;
; I/O Standard                            ; dg_csr_top     ;              ; HPS_ENET_GTX_CLK    ; 3.3-V LVTTL                       ; QSF Assignment ;
; I/O Standard                            ; dg_csr_top     ;              ; HPS_ENET_INT_N      ; 3.3-V LVTTL                       ; QSF Assignment ;
; I/O Standard                            ; dg_csr_top     ;              ; HPS_ENET_MDC        ; 3.3-V LVTTL                       ; QSF Assignment ;
; I/O Standard                            ; dg_csr_top     ;              ; HPS_ENET_MDIO       ; 3.3-V LVTTL                       ; QSF Assignment ;
; I/O Standard                            ; dg_csr_top     ;              ; HPS_ENET_RX_CLK     ; 3.3-V LVTTL                       ; QSF Assignment ;
; I/O Standard                            ; dg_csr_top     ;              ; HPS_ENET_RX_DATA[0] ; 3.3-V LVTTL                       ; QSF Assignment ;
; I/O Standard                            ; dg_csr_top     ;              ; HPS_ENET_RX_DATA[1] ; 3.3-V LVTTL                       ; QSF Assignment ;
; I/O Standard                            ; dg_csr_top     ;              ; HPS_ENET_RX_DATA[2] ; 3.3-V LVTTL                       ; QSF Assignment ;
; I/O Standard                            ; dg_csr_top     ;              ; HPS_ENET_RX_DATA[3] ; 3.3-V LVTTL                       ; QSF Assignment ;
; I/O Standard                            ; dg_csr_top     ;              ; HPS_ENET_RX_DV      ; 3.3-V LVTTL                       ; QSF Assignment ;
; I/O Standard                            ; dg_csr_top     ;              ; HPS_ENET_TX_DATA[0] ; 3.3-V LVTTL                       ; QSF Assignment ;
; I/O Standard                            ; dg_csr_top     ;              ; HPS_ENET_TX_DATA[1] ; 3.3-V LVTTL                       ; QSF Assignment ;
; I/O Standard                            ; dg_csr_top     ;              ; HPS_ENET_TX_DATA[2] ; 3.3-V LVTTL                       ; QSF Assignment ;
; I/O Standard                            ; dg_csr_top     ;              ; HPS_ENET_TX_DATA[3] ; 3.3-V LVTTL                       ; QSF Assignment ;
; I/O Standard                            ; dg_csr_top     ;              ; HPS_ENET_TX_EN      ; 3.3-V LVTTL                       ; QSF Assignment ;
; I/O Standard                            ; dg_csr_top     ;              ; HPS_GSENSOR_INT     ; 3.3-V LVTTL                       ; QSF Assignment ;
; I/O Standard                            ; dg_csr_top     ;              ; HPS_I2C0_SCLK       ; 3.3-V LVTTL                       ; QSF Assignment ;
; I/O Standard                            ; dg_csr_top     ;              ; HPS_I2C0_SDAT       ; 3.3-V LVTTL                       ; QSF Assignment ;
; I/O Standard                            ; dg_csr_top     ;              ; HPS_I2C1_SCLK       ; 3.3-V LVTTL                       ; QSF Assignment ;
; I/O Standard                            ; dg_csr_top     ;              ; HPS_I2C1_SDAT       ; 3.3-V LVTTL                       ; QSF Assignment ;
; I/O Standard                            ; dg_csr_top     ;              ; HPS_KEY             ; 3.3-V LVTTL                       ; QSF Assignment ;
; I/O Standard                            ; dg_csr_top     ;              ; HPS_LED             ; 3.3-V LVTTL                       ; QSF Assignment ;
; I/O Standard                            ; dg_csr_top     ;              ; HPS_LTC_GPIO        ; 3.3-V LVTTL                       ; QSF Assignment ;
; I/O Standard                            ; dg_csr_top     ;              ; HPS_SD_CLK          ; 3.3-V LVTTL                       ; QSF Assignment ;
; I/O Standard                            ; dg_csr_top     ;              ; HPS_SD_CMD          ; 3.3-V LVTTL                       ; QSF Assignment ;
; I/O Standard                            ; dg_csr_top     ;              ; HPS_SD_DATA[0]      ; 3.3-V LVTTL                       ; QSF Assignment ;
; I/O Standard                            ; dg_csr_top     ;              ; HPS_SD_DATA[1]      ; 3.3-V LVTTL                       ; QSF Assignment ;
; I/O Standard                            ; dg_csr_top     ;              ; HPS_SD_DATA[2]      ; 3.3-V LVTTL                       ; QSF Assignment ;
; I/O Standard                            ; dg_csr_top     ;              ; HPS_SD_DATA[3]      ; 3.3-V LVTTL                       ; QSF Assignment ;
; I/O Standard                            ; dg_csr_top     ;              ; HPS_SPIM_CLK        ; 3.3-V LVTTL                       ; QSF Assignment ;
; I/O Standard                            ; dg_csr_top     ;              ; HPS_SPIM_MISO       ; 3.3-V LVTTL                       ; QSF Assignment ;
; I/O Standard                            ; dg_csr_top     ;              ; HPS_SPIM_MOSI       ; 3.3-V LVTTL                       ; QSF Assignment ;
; I/O Standard                            ; dg_csr_top     ;              ; HPS_SPIM_SS         ; 3.3-V LVTTL                       ; QSF Assignment ;
; I/O Standard                            ; dg_csr_top     ;              ; HPS_UART_RX         ; 3.3-V LVTTL                       ; QSF Assignment ;
; I/O Standard                            ; dg_csr_top     ;              ; HPS_UART_TX         ; 3.3-V LVTTL                       ; QSF Assignment ;
; I/O Standard                            ; dg_csr_top     ;              ; HPS_USB_CLKOUT      ; 3.3-V LVTTL                       ; QSF Assignment ;
; I/O Standard                            ; dg_csr_top     ;              ; HPS_USB_DATA[0]     ; 3.3-V LVTTL                       ; QSF Assignment ;
; I/O Standard                            ; dg_csr_top     ;              ; HPS_USB_DATA[1]     ; 3.3-V LVTTL                       ; QSF Assignment ;
; I/O Standard                            ; dg_csr_top     ;              ; HPS_USB_DATA[2]     ; 3.3-V LVTTL                       ; QSF Assignment ;
; I/O Standard                            ; dg_csr_top     ;              ; HPS_USB_DATA[3]     ; 3.3-V LVTTL                       ; QSF Assignment ;
; I/O Standard                            ; dg_csr_top     ;              ; HPS_USB_DATA[4]     ; 3.3-V LVTTL                       ; QSF Assignment ;
; I/O Standard                            ; dg_csr_top     ;              ; HPS_USB_DATA[5]     ; 3.3-V LVTTL                       ; QSF Assignment ;
; I/O Standard                            ; dg_csr_top     ;              ; HPS_USB_DATA[6]     ; 3.3-V LVTTL                       ; QSF Assignment ;
; I/O Standard                            ; dg_csr_top     ;              ; HPS_USB_DATA[7]     ; 3.3-V LVTTL                       ; QSF Assignment ;
; I/O Standard                            ; dg_csr_top     ;              ; HPS_USB_DIR         ; 3.3-V LVTTL                       ; QSF Assignment ;
; I/O Standard                            ; dg_csr_top     ;              ; HPS_USB_NXT         ; 3.3-V LVTTL                       ; QSF Assignment ;
; I/O Standard                            ; dg_csr_top     ;              ; HPS_USB_STP         ; 3.3-V LVTTL                       ; QSF Assignment ;
; I/O Standard                            ; dg_csr_top     ;              ; KEY[0]              ; 3.3-V LVTTL                       ; QSF Assignment ;
; I/O Standard                            ; dg_csr_top     ;              ; KEY[1]              ; 3.3-V LVTTL                       ; QSF Assignment ;
; I/O Standard                            ; dg_csr_top     ;              ; LED[0]              ; 3.3-V LVTTL                       ; QSF Assignment ;
; I/O Standard                            ; dg_csr_top     ;              ; LED[1]              ; 3.3-V LVTTL                       ; QSF Assignment ;
; I/O Standard                            ; dg_csr_top     ;              ; LED[2]              ; 3.3-V LVTTL                       ; QSF Assignment ;
; I/O Standard                            ; dg_csr_top     ;              ; LED[3]              ; 3.3-V LVTTL                       ; QSF Assignment ;
; I/O Standard                            ; dg_csr_top     ;              ; LED[4]              ; 3.3-V LVTTL                       ; QSF Assignment ;
; I/O Standard                            ; dg_csr_top     ;              ; LED[5]              ; 3.3-V LVTTL                       ; QSF Assignment ;
; I/O Standard                            ; dg_csr_top     ;              ; LED[6]              ; 3.3-V LVTTL                       ; QSF Assignment ;
; I/O Standard                            ; dg_csr_top     ;              ; LED[7]              ; 3.3-V LVTTL                       ; QSF Assignment ;
; I/O Standard                            ; dg_csr_top     ;              ; SW[0]               ; 3.3-V LVTTL                       ; QSF Assignment ;
; I/O Standard                            ; dg_csr_top     ;              ; SW[1]               ; 3.3-V LVTTL                       ; QSF Assignment ;
; I/O Standard                            ; dg_csr_top     ;              ; SW[2]               ; 3.3-V LVTTL                       ; QSF Assignment ;
; I/O Standard                            ; dg_csr_top     ;              ; SW[3]               ; 3.3-V LVTTL                       ; QSF Assignment ;
; Current Strength                        ; dg_csr_top     ;              ; HPS_DDR3_ADDR[0]    ; MAXIMUM CURRENT                   ; QSF Assignment ;
; Current Strength                        ; dg_csr_top     ;              ; HPS_DDR3_ADDR[10]   ; MAXIMUM CURRENT                   ; QSF Assignment ;
; Current Strength                        ; dg_csr_top     ;              ; HPS_DDR3_ADDR[11]   ; MAXIMUM CURRENT                   ; QSF Assignment ;
; Current Strength                        ; dg_csr_top     ;              ; HPS_DDR3_ADDR[12]   ; MAXIMUM CURRENT                   ; QSF Assignment ;
; Current Strength                        ; dg_csr_top     ;              ; HPS_DDR3_ADDR[13]   ; MAXIMUM CURRENT                   ; QSF Assignment ;
; Current Strength                        ; dg_csr_top     ;              ; HPS_DDR3_ADDR[14]   ; MAXIMUM CURRENT                   ; QSF Assignment ;
; Current Strength                        ; dg_csr_top     ;              ; HPS_DDR3_ADDR[1]    ; MAXIMUM CURRENT                   ; QSF Assignment ;
; Current Strength                        ; dg_csr_top     ;              ; HPS_DDR3_ADDR[2]    ; MAXIMUM CURRENT                   ; QSF Assignment ;
; Current Strength                        ; dg_csr_top     ;              ; HPS_DDR3_ADDR[3]    ; MAXIMUM CURRENT                   ; QSF Assignment ;
; Current Strength                        ; dg_csr_top     ;              ; HPS_DDR3_ADDR[4]    ; MAXIMUM CURRENT                   ; QSF Assignment ;
; Current Strength                        ; dg_csr_top     ;              ; HPS_DDR3_ADDR[5]    ; MAXIMUM CURRENT                   ; QSF Assignment ;
; Current Strength                        ; dg_csr_top     ;              ; HPS_DDR3_ADDR[6]    ; MAXIMUM CURRENT                   ; QSF Assignment ;
; Current Strength                        ; dg_csr_top     ;              ; HPS_DDR3_ADDR[7]    ; MAXIMUM CURRENT                   ; QSF Assignment ;
; Current Strength                        ; dg_csr_top     ;              ; HPS_DDR3_ADDR[8]    ; MAXIMUM CURRENT                   ; QSF Assignment ;
; Current Strength                        ; dg_csr_top     ;              ; HPS_DDR3_ADDR[9]    ; MAXIMUM CURRENT                   ; QSF Assignment ;
; Current Strength                        ; dg_csr_top     ;              ; HPS_DDR3_BA[0]      ; MAXIMUM CURRENT                   ; QSF Assignment ;
; Current Strength                        ; dg_csr_top     ;              ; HPS_DDR3_BA[1]      ; MAXIMUM CURRENT                   ; QSF Assignment ;
; Current Strength                        ; dg_csr_top     ;              ; HPS_DDR3_BA[2]      ; MAXIMUM CURRENT                   ; QSF Assignment ;
; Current Strength                        ; dg_csr_top     ;              ; HPS_DDR3_CAS_N      ; MAXIMUM CURRENT                   ; QSF Assignment ;
; Current Strength                        ; dg_csr_top     ;              ; HPS_DDR3_CKE        ; MAXIMUM CURRENT                   ; QSF Assignment ;
; Current Strength                        ; dg_csr_top     ;              ; HPS_DDR3_CS_N       ; MAXIMUM CURRENT                   ; QSF Assignment ;
; Current Strength                        ; dg_csr_top     ;              ; HPS_DDR3_ODT        ; MAXIMUM CURRENT                   ; QSF Assignment ;
; Current Strength                        ; dg_csr_top     ;              ; HPS_DDR3_RAS_N      ; MAXIMUM CURRENT                   ; QSF Assignment ;
; Current Strength                        ; dg_csr_top     ;              ; HPS_DDR3_RESET_N    ; MAXIMUM CURRENT                   ; QSF Assignment ;
; Current Strength                        ; dg_csr_top     ;              ; HPS_DDR3_WE_N       ; MAXIMUM CURRENT                   ; QSF Assignment ;
; Input Termination                       ; dg_csr_top     ;              ; HPS_DDR3_DQS_N[0]   ; PARALLEL 50 OHM WITH CALIBRATION  ; QSF Assignment ;
; Input Termination                       ; dg_csr_top     ;              ; HPS_DDR3_DQS_N[1]   ; PARALLEL 50 OHM WITH CALIBRATION  ; QSF Assignment ;
; Input Termination                       ; dg_csr_top     ;              ; HPS_DDR3_DQS_N[2]   ; PARALLEL 50 OHM WITH CALIBRATION  ; QSF Assignment ;
; Input Termination                       ; dg_csr_top     ;              ; HPS_DDR3_DQS_N[3]   ; PARALLEL 50 OHM WITH CALIBRATION  ; QSF Assignment ;
; Input Termination                       ; dg_csr_top     ;              ; HPS_DDR3_DQS_P[0]   ; PARALLEL 50 OHM WITH CALIBRATION  ; QSF Assignment ;
; Input Termination                       ; dg_csr_top     ;              ; HPS_DDR3_DQS_P[1]   ; PARALLEL 50 OHM WITH CALIBRATION  ; QSF Assignment ;
; Input Termination                       ; dg_csr_top     ;              ; HPS_DDR3_DQS_P[2]   ; PARALLEL 50 OHM WITH CALIBRATION  ; QSF Assignment ;
; Input Termination                       ; dg_csr_top     ;              ; HPS_DDR3_DQS_P[3]   ; PARALLEL 50 OHM WITH CALIBRATION  ; QSF Assignment ;
; Input Termination                       ; dg_csr_top     ;              ; HPS_DDR3_DQ[0]      ; PARALLEL 50 OHM WITH CALIBRATION  ; QSF Assignment ;
; Input Termination                       ; dg_csr_top     ;              ; HPS_DDR3_DQ[10]     ; PARALLEL 50 OHM WITH CALIBRATION  ; QSF Assignment ;
; Input Termination                       ; dg_csr_top     ;              ; HPS_DDR3_DQ[11]     ; PARALLEL 50 OHM WITH CALIBRATION  ; QSF Assignment ;
; Input Termination                       ; dg_csr_top     ;              ; HPS_DDR3_DQ[12]     ; PARALLEL 50 OHM WITH CALIBRATION  ; QSF Assignment ;
; Input Termination                       ; dg_csr_top     ;              ; HPS_DDR3_DQ[13]     ; PARALLEL 50 OHM WITH CALIBRATION  ; QSF Assignment ;
; Input Termination                       ; dg_csr_top     ;              ; HPS_DDR3_DQ[14]     ; PARALLEL 50 OHM WITH CALIBRATION  ; QSF Assignment ;
; Input Termination                       ; dg_csr_top     ;              ; HPS_DDR3_DQ[15]     ; PARALLEL 50 OHM WITH CALIBRATION  ; QSF Assignment ;
; Input Termination                       ; dg_csr_top     ;              ; HPS_DDR3_DQ[16]     ; PARALLEL 50 OHM WITH CALIBRATION  ; QSF Assignment ;
; Input Termination                       ; dg_csr_top     ;              ; HPS_DDR3_DQ[17]     ; PARALLEL 50 OHM WITH CALIBRATION  ; QSF Assignment ;
; Input Termination                       ; dg_csr_top     ;              ; HPS_DDR3_DQ[18]     ; PARALLEL 50 OHM WITH CALIBRATION  ; QSF Assignment ;
; Input Termination                       ; dg_csr_top     ;              ; HPS_DDR3_DQ[19]     ; PARALLEL 50 OHM WITH CALIBRATION  ; QSF Assignment ;
; Input Termination                       ; dg_csr_top     ;              ; HPS_DDR3_DQ[1]      ; PARALLEL 50 OHM WITH CALIBRATION  ; QSF Assignment ;
; Input Termination                       ; dg_csr_top     ;              ; HPS_DDR3_DQ[20]     ; PARALLEL 50 OHM WITH CALIBRATION  ; QSF Assignment ;
; Input Termination                       ; dg_csr_top     ;              ; HPS_DDR3_DQ[21]     ; PARALLEL 50 OHM WITH CALIBRATION  ; QSF Assignment ;
; Input Termination                       ; dg_csr_top     ;              ; HPS_DDR3_DQ[22]     ; PARALLEL 50 OHM WITH CALIBRATION  ; QSF Assignment ;
; Input Termination                       ; dg_csr_top     ;              ; HPS_DDR3_DQ[23]     ; PARALLEL 50 OHM WITH CALIBRATION  ; QSF Assignment ;
; Input Termination                       ; dg_csr_top     ;              ; HPS_DDR3_DQ[24]     ; PARALLEL 50 OHM WITH CALIBRATION  ; QSF Assignment ;
; Input Termination                       ; dg_csr_top     ;              ; HPS_DDR3_DQ[25]     ; PARALLEL 50 OHM WITH CALIBRATION  ; QSF Assignment ;
; Input Termination                       ; dg_csr_top     ;              ; HPS_DDR3_DQ[26]     ; PARALLEL 50 OHM WITH CALIBRATION  ; QSF Assignment ;
; Input Termination                       ; dg_csr_top     ;              ; HPS_DDR3_DQ[27]     ; PARALLEL 50 OHM WITH CALIBRATION  ; QSF Assignment ;
; Input Termination                       ; dg_csr_top     ;              ; HPS_DDR3_DQ[28]     ; PARALLEL 50 OHM WITH CALIBRATION  ; QSF Assignment ;
; Input Termination                       ; dg_csr_top     ;              ; HPS_DDR3_DQ[29]     ; PARALLEL 50 OHM WITH CALIBRATION  ; QSF Assignment ;
; Input Termination                       ; dg_csr_top     ;              ; HPS_DDR3_DQ[2]      ; PARALLEL 50 OHM WITH CALIBRATION  ; QSF Assignment ;
; Input Termination                       ; dg_csr_top     ;              ; HPS_DDR3_DQ[30]     ; PARALLEL 50 OHM WITH CALIBRATION  ; QSF Assignment ;
; Input Termination                       ; dg_csr_top     ;              ; HPS_DDR3_DQ[31]     ; PARALLEL 50 OHM WITH CALIBRATION  ; QSF Assignment ;
; Input Termination                       ; dg_csr_top     ;              ; HPS_DDR3_DQ[3]      ; PARALLEL 50 OHM WITH CALIBRATION  ; QSF Assignment ;
; Input Termination                       ; dg_csr_top     ;              ; HPS_DDR3_DQ[4]      ; PARALLEL 50 OHM WITH CALIBRATION  ; QSF Assignment ;
; Input Termination                       ; dg_csr_top     ;              ; HPS_DDR3_DQ[5]      ; PARALLEL 50 OHM WITH CALIBRATION  ; QSF Assignment ;
; Input Termination                       ; dg_csr_top     ;              ; HPS_DDR3_DQ[6]      ; PARALLEL 50 OHM WITH CALIBRATION  ; QSF Assignment ;
; Input Termination                       ; dg_csr_top     ;              ; HPS_DDR3_DQ[7]      ; PARALLEL 50 OHM WITH CALIBRATION  ; QSF Assignment ;
; Input Termination                       ; dg_csr_top     ;              ; HPS_DDR3_DQ[8]      ; PARALLEL 50 OHM WITH CALIBRATION  ; QSF Assignment ;
; Input Termination                       ; dg_csr_top     ;              ; HPS_DDR3_DQ[9]      ; PARALLEL 50 OHM WITH CALIBRATION  ; QSF Assignment ;
; Output Termination                      ; dg_csr_top     ;              ; HPS_DDR3_CK_N       ; SERIES 50 OHM WITHOUT CALIBRATION ; QSF Assignment ;
; Output Termination                      ; dg_csr_top     ;              ; HPS_DDR3_CK_P       ; SERIES 50 OHM WITHOUT CALIBRATION ; QSF Assignment ;
; Output Termination                      ; dg_csr_top     ;              ; HPS_DDR3_DM[0]      ; SERIES 50 OHM WITH CALIBRATION    ; QSF Assignment ;
; Output Termination                      ; dg_csr_top     ;              ; HPS_DDR3_DM[1]      ; SERIES 50 OHM WITH CALIBRATION    ; QSF Assignment ;
; Output Termination                      ; dg_csr_top     ;              ; HPS_DDR3_DM[2]      ; SERIES 50 OHM WITH CALIBRATION    ; QSF Assignment ;
; Output Termination                      ; dg_csr_top     ;              ; HPS_DDR3_DM[3]      ; SERIES 50 OHM WITH CALIBRATION    ; QSF Assignment ;
; Output Termination                      ; dg_csr_top     ;              ; HPS_DDR3_DQS_N[0]   ; SERIES 50 OHM WITH CALIBRATION    ; QSF Assignment ;
; Output Termination                      ; dg_csr_top     ;              ; HPS_DDR3_DQS_N[1]   ; SERIES 50 OHM WITH CALIBRATION    ; QSF Assignment ;
; Output Termination                      ; dg_csr_top     ;              ; HPS_DDR3_DQS_N[2]   ; SERIES 50 OHM WITH CALIBRATION    ; QSF Assignment ;
; Output Termination                      ; dg_csr_top     ;              ; HPS_DDR3_DQS_N[3]   ; SERIES 50 OHM WITH CALIBRATION    ; QSF Assignment ;
; Output Termination                      ; dg_csr_top     ;              ; HPS_DDR3_DQS_P[0]   ; SERIES 50 OHM WITH CALIBRATION    ; QSF Assignment ;
; Output Termination                      ; dg_csr_top     ;              ; HPS_DDR3_DQS_P[1]   ; SERIES 50 OHM WITH CALIBRATION    ; QSF Assignment ;
; Output Termination                      ; dg_csr_top     ;              ; HPS_DDR3_DQS_P[2]   ; SERIES 50 OHM WITH CALIBRATION    ; QSF Assignment ;
; Output Termination                      ; dg_csr_top     ;              ; HPS_DDR3_DQS_P[3]   ; SERIES 50 OHM WITH CALIBRATION    ; QSF Assignment ;
; Output Termination                      ; dg_csr_top     ;              ; HPS_DDR3_DQ[0]      ; SERIES 50 OHM WITH CALIBRATION    ; QSF Assignment ;
; Output Termination                      ; dg_csr_top     ;              ; HPS_DDR3_DQ[10]     ; SERIES 50 OHM WITH CALIBRATION    ; QSF Assignment ;
; Output Termination                      ; dg_csr_top     ;              ; HPS_DDR3_DQ[11]     ; SERIES 50 OHM WITH CALIBRATION    ; QSF Assignment ;
; Output Termination                      ; dg_csr_top     ;              ; HPS_DDR3_DQ[12]     ; SERIES 50 OHM WITH CALIBRATION    ; QSF Assignment ;
; Output Termination                      ; dg_csr_top     ;              ; HPS_DDR3_DQ[13]     ; SERIES 50 OHM WITH CALIBRATION    ; QSF Assignment ;
; Output Termination                      ; dg_csr_top     ;              ; HPS_DDR3_DQ[14]     ; SERIES 50 OHM WITH CALIBRATION    ; QSF Assignment ;
; Output Termination                      ; dg_csr_top     ;              ; HPS_DDR3_DQ[15]     ; SERIES 50 OHM WITH CALIBRATION    ; QSF Assignment ;
; Output Termination                      ; dg_csr_top     ;              ; HPS_DDR3_DQ[16]     ; SERIES 50 OHM WITH CALIBRATION    ; QSF Assignment ;
; Output Termination                      ; dg_csr_top     ;              ; HPS_DDR3_DQ[17]     ; SERIES 50 OHM WITH CALIBRATION    ; QSF Assignment ;
; Output Termination                      ; dg_csr_top     ;              ; HPS_DDR3_DQ[18]     ; SERIES 50 OHM WITH CALIBRATION    ; QSF Assignment ;
; Output Termination                      ; dg_csr_top     ;              ; HPS_DDR3_DQ[19]     ; SERIES 50 OHM WITH CALIBRATION    ; QSF Assignment ;
; Output Termination                      ; dg_csr_top     ;              ; HPS_DDR3_DQ[1]      ; SERIES 50 OHM WITH CALIBRATION    ; QSF Assignment ;
; Output Termination                      ; dg_csr_top     ;              ; HPS_DDR3_DQ[20]     ; SERIES 50 OHM WITH CALIBRATION    ; QSF Assignment ;
; Output Termination                      ; dg_csr_top     ;              ; HPS_DDR3_DQ[21]     ; SERIES 50 OHM WITH CALIBRATION    ; QSF Assignment ;
; Output Termination                      ; dg_csr_top     ;              ; HPS_DDR3_DQ[22]     ; SERIES 50 OHM WITH CALIBRATION    ; QSF Assignment ;
; Output Termination                      ; dg_csr_top     ;              ; HPS_DDR3_DQ[23]     ; SERIES 50 OHM WITH CALIBRATION    ; QSF Assignment ;
; Output Termination                      ; dg_csr_top     ;              ; HPS_DDR3_DQ[24]     ; SERIES 50 OHM WITH CALIBRATION    ; QSF Assignment ;
; Output Termination                      ; dg_csr_top     ;              ; HPS_DDR3_DQ[25]     ; SERIES 50 OHM WITH CALIBRATION    ; QSF Assignment ;
; Output Termination                      ; dg_csr_top     ;              ; HPS_DDR3_DQ[26]     ; SERIES 50 OHM WITH CALIBRATION    ; QSF Assignment ;
; Output Termination                      ; dg_csr_top     ;              ; HPS_DDR3_DQ[27]     ; SERIES 50 OHM WITH CALIBRATION    ; QSF Assignment ;
; Output Termination                      ; dg_csr_top     ;              ; HPS_DDR3_DQ[28]     ; SERIES 50 OHM WITH CALIBRATION    ; QSF Assignment ;
; Output Termination                      ; dg_csr_top     ;              ; HPS_DDR3_DQ[29]     ; SERIES 50 OHM WITH CALIBRATION    ; QSF Assignment ;
; Output Termination                      ; dg_csr_top     ;              ; HPS_DDR3_DQ[2]      ; SERIES 50 OHM WITH CALIBRATION    ; QSF Assignment ;
; Output Termination                      ; dg_csr_top     ;              ; HPS_DDR3_DQ[30]     ; SERIES 50 OHM WITH CALIBRATION    ; QSF Assignment ;
; Output Termination                      ; dg_csr_top     ;              ; HPS_DDR3_DQ[31]     ; SERIES 50 OHM WITH CALIBRATION    ; QSF Assignment ;
; Output Termination                      ; dg_csr_top     ;              ; HPS_DDR3_DQ[3]      ; SERIES 50 OHM WITH CALIBRATION    ; QSF Assignment ;
; Output Termination                      ; dg_csr_top     ;              ; HPS_DDR3_DQ[4]      ; SERIES 50 OHM WITH CALIBRATION    ; QSF Assignment ;
; Output Termination                      ; dg_csr_top     ;              ; HPS_DDR3_DQ[5]      ; SERIES 50 OHM WITH CALIBRATION    ; QSF Assignment ;
; Output Termination                      ; dg_csr_top     ;              ; HPS_DDR3_DQ[6]      ; SERIES 50 OHM WITH CALIBRATION    ; QSF Assignment ;
; Output Termination                      ; dg_csr_top     ;              ; HPS_DDR3_DQ[7]      ; SERIES 50 OHM WITH CALIBRATION    ; QSF Assignment ;
; Output Termination                      ; dg_csr_top     ;              ; HPS_DDR3_DQ[8]      ; SERIES 50 OHM WITH CALIBRATION    ; QSF Assignment ;
; Output Termination                      ; dg_csr_top     ;              ; HPS_DDR3_DQ[9]      ; SERIES 50 OHM WITH CALIBRATION    ; QSF Assignment ;
; D5 Delay (output register to io buffer) ; dg_csr_top     ;              ; HPS_DDR3_CK_N       ; 2                                 ; QSF Assignment ;
; D5 Delay (output register to io buffer) ; dg_csr_top     ;              ; HPS_DDR3_CK_P       ; 2                                 ; QSF Assignment ;
+-----------------------------------------+----------------+--------------+---------------------+-----------------------------------+----------------+


+---------------------------------------------------------------------------------------------------+
; Incremental Compilation Preservation Summary                                                      ;
+---------------------+---------------------+----------------------------+--------------------------+
; Type                ; Total [A + B]       ; From Design Partitions [A] ; From Rapid Recompile [B] ;
+---------------------+---------------------+----------------------------+--------------------------+
; Placement (by node) ;                     ;                            ;                          ;
;     -- Requested    ; 0.00 % ( 0 / 2340 ) ; 0.00 % ( 0 / 2340 )        ; 0.00 % ( 0 / 2340 )      ;
;     -- Achieved     ; 0.00 % ( 0 / 2340 ) ; 0.00 % ( 0 / 2340 )        ; 0.00 % ( 0 / 2340 )      ;
;                     ;                     ;                            ;                          ;
; Routing (by net)    ;                     ;                            ;                          ;
;     -- Requested    ; 0.00 % ( 0 / 0 )    ; 0.00 % ( 0 / 0 )           ; 0.00 % ( 0 / 0 )         ;
;     -- Achieved     ; 0.00 % ( 0 / 0 )    ; 0.00 % ( 0 / 0 )           ; 0.00 % ( 0 / 0 )         ;
+---------------------+---------------------+----------------------------+--------------------------+


+----------------------------------------------------------------------------------------------------------------------------------------------------------------------------------------+
; Incremental Compilation Partition Settings                                                                                                                                             ;
+--------------------------------+----------------+-------------------+-------------------------+------------------------+------------------------------+--------------------------------+
; Partition Name                 ; Partition Type ; Netlist Type Used ; Preservation Level Used ; Netlist Type Requested ; Preservation Level Requested ; Contents                       ;
+--------------------------------+----------------+-------------------+-------------------------+------------------------+------------------------------+--------------------------------+
; Top                            ; User-created   ; Source File       ; N/A                     ; Source File            ; N/A                          ;                                ;
; hard_block:auto_generated_inst ; Auto-generated ; Source File       ; N/A                     ; Source File            ; N/A                          ; hard_block:auto_generated_inst ;
+--------------------------------+----------------+-------------------+-------------------------+------------------------+------------------------------+--------------------------------+


+------------------------------------------------------------------------------------------------------------------------------------+
; Incremental Compilation Placement Preservation                                                                                     ;
+--------------------------------+-----------------------+-------------------------+-------------------+---------------------+-------+
; Partition Name                 ; Preservation Achieved ; Preservation Level Used ; Netlist Type Used ; Preservation Method ; Notes ;
+--------------------------------+-----------------------+-------------------------+-------------------+---------------------+-------+
; Top                            ; 0.00 % ( 0 / 2340 )   ; N/A                     ; Source File       ; N/A                 ;       ;
; hard_block:auto_generated_inst ; 0.00 % ( 0 / 0 )      ; N/A                     ; Source File       ; N/A                 ;       ;
+--------------------------------+-----------------------+-------------------------+-------------------+---------------------+-------+


+--------------+
; Pin-Out File ;
+--------------+
The pin-out file can be found in D:/LOMBA/HACKATOWN-PERURI/DualGuard/quartus/dualguard_8/output_files/dg_csr_top.pin.


+---------------------------------------------------------------------------------------------+
; Fitter Resource Usage Summary                                                               ;
+-------------------------------------------------------------+-----------------------+-------+
; Resource                                                    ; Usage                 ; %     ;
+-------------------------------------------------------------+-----------------------+-------+
; Logic utilization (ALMs needed / total ALMs on device)      ; 930 / 41,910          ; 2 %   ;
; ALMs needed [=A-B+C]                                        ; 930                   ;       ;
;     [A] ALMs used in final placement [=a+b+c+d]             ; 1,115 / 41,910        ; 3 %   ;
;         [a] ALMs used for LUT logic and registers           ; 105                   ;       ;
;         [b] ALMs used for LUT logic                         ; 661                   ;       ;
;         [c] ALMs used for registers                         ; 349                   ;       ;
;         [d] ALMs used for memory (up to half of total ALMs) ; 0                     ;       ;
;     [B] Estimate of ALMs recoverable by dense packing       ; 209 / 41,910          ; < 1 % ;
;     [C] Estimate of ALMs unavailable [=a+b+c+d]             ; 24 / 41,910           ; < 1 % ;
;         [a] Due to location constrained logic               ; 0                     ;       ;
;         [b] Due to LAB-wide signal conflicts                ; 0                     ;       ;
;         [c] Due to LAB input limits                         ; 24                    ;       ;
;         [d] Due to virtual I/Os                             ; 0                     ;       ;
;                                                             ;                       ;       ;
; Difficulty packing design                                   ; Low                   ;       ;
;                                                             ;                       ;       ;
; Total LABs:  partially or completely used                   ; 154 / 4,191           ; 4 %   ;
;     -- Logic LABs                                           ; 154                   ;       ;
;     -- Memory LABs (up to half of total LABs)               ; 0                     ;       ;
;                                                             ;                       ;       ;
; Combinational ALUT usage for logic                          ; 1,135                 ;       ;
;     -- 7 input functions                                    ; 5                     ;       ;
;     -- 6 input functions                                    ; 468                   ;       ;
;     -- 5 input functions                                    ; 178                   ;       ;
;     -- 4 input functions                                    ; 76                    ;       ;
;     -- <=3 input functions                                  ; 408                   ;       ;
; Combinational ALUT usage for route-throughs                 ; 480                   ;       ;
;                                                             ;                       ;       ;
; Dedicated logic registers                                   ; 957                   ;       ;
;     -- By type:                                             ;                       ;       ;
;         -- Primary logic registers                          ; 908 / 83,820          ; 1 %   ;
;         -- Secondary logic registers                        ; 49 / 83,820           ; < 1 % ;
;     -- By function:                                         ;                       ;       ;
;         -- Design implementation registers                  ; 957                   ;       ;
;         -- Routing optimization registers                   ; 0                     ;       ;
;                                                             ;                       ;       ;
; Virtual pins                                                ; 0                     ;       ;
; I/O pins                                                    ; 82 / 314              ; 26 %  ;
;     -- Clock pins                                           ; 6 / 8                 ; 75 %  ;
;     -- Dedicated input pins                                 ; 0 / 21                ; 0 %   ;
;                                                             ;                       ;       ;
; Hard processor system peripheral utilization                ;                       ;       ;
;     -- Boot from FPGA                                       ; 0 / 1 ( 0 % )         ;       ;
;     -- Clock resets                                         ; 0 / 1 ( 0 % )         ;       ;
;     -- Cross trigger                                        ; 0 / 1 ( 0 % )         ;       ;
;     -- S2F AXI                                              ; 0 / 1 ( 0 % )         ;       ;
;     -- F2S AXI                                              ; 0 / 1 ( 0 % )         ;       ;
;     -- AXI Lightweight                                      ; 0 / 1 ( 0 % )         ;       ;
;     -- SDRAM                                                ; 0 / 1 ( 0 % )         ;       ;
;     -- Interrupts                                           ; 0 / 1 ( 0 % )         ;       ;
;     -- JTAG                                                 ; 0 / 1 ( 0 % )         ;       ;
;     -- Loan I/O                                             ; 0 / 1 ( 0 % )         ;       ;
;     -- MPU event standby                                    ; 0 / 1 ( 0 % )         ;       ;
;     -- MPU general purpose                                  ; 0 / 1 ( 0 % )         ;       ;
;     -- STM event                                            ; 0 / 1 ( 0 % )         ;       ;
;     -- TPIU trace                                           ; 0 / 1 ( 0 % )         ;       ;
;     -- DMA                                                  ; 0 / 1 ( 0 % )         ;       ;
;     -- CAN                                                  ; 0 / 2 ( 0 % )         ;       ;
;     -- EMAC                                                 ; 0 / 2 ( 0 % )         ;       ;
;     -- I2C                                                  ; 0 / 4 ( 0 % )         ;       ;
;     -- NAND Flash                                           ; 0 / 1 ( 0 % )         ;       ;
;     -- QSPI                                                 ; 0 / 1 ( 0 % )         ;       ;
;     -- SDMMC                                                ; 0 / 1 ( 0 % )         ;       ;
;     -- SPI Master                                           ; 0 / 2 ( 0 % )         ;       ;
;     -- SPI Slave                                            ; 0 / 2 ( 0 % )         ;       ;
;     -- UART                                                 ; 0 / 2 ( 0 % )         ;       ;
;     -- USB                                                  ; 0 / 2 ( 0 % )         ;       ;
;                                                             ;                       ;       ;
; M10K blocks                                                 ; 9 / 553               ; 2 %   ;
; Total MLAB memory bits                                      ; 0                     ;       ;
; Total block memory bits                                     ; 18,432 / 5,662,720    ; < 1 % ;
; Total block memory implementation bits                      ; 92,160 / 5,662,720    ; 2 %   ;
;                                                             ;                       ;       ;
; Total DSP Blocks                                            ; 11 / 112              ; 10 %  ;
;                                                             ;                       ;       ;
; Fractional PLLs                                             ; 0 / 6                 ; 0 %   ;
; Global signals                                              ; 1                     ;       ;
;     -- Global clocks                                        ; 1 / 16                ; 6 %   ;
;     -- Quadrant clocks                                      ; 0 / 66                ; 0 %   ;
;     -- Horizontal periphery clocks                          ; 0 / 18                ; 0 %   ;
; SERDES Transmitters                                         ; 0 / 100               ; 0 %   ;
; SERDES Receivers                                            ; 0 / 100               ; 0 %   ;
; JTAGs                                                       ; 0 / 1                 ; 0 %   ;
; ASMI blocks                                                 ; 0 / 1                 ; 0 %   ;
; CRC blocks                                                  ; 0 / 1                 ; 0 %   ;
; Remote update blocks                                        ; 0 / 1                 ; 0 %   ;
; Oscillator blocks                                           ; 0 / 1                 ; 0 %   ;
; Impedance control blocks                                    ; 0 / 4                 ; 0 %   ;
; Hard Memory Controllers                                     ; 0 / 1                 ; 0 %   ;
; Average interconnect usage (total/H/V)                      ; 1.3% / 1.3% / 1.0%    ;       ;
; Peak interconnect usage (total/H/V)                         ; 21.7% / 23.6% / 16.9% ;       ;
; Maximum fan-out                                             ; 966                   ;       ;
; Highest non-global fan-out                                  ; 928                   ;       ;
; Total fan-out                                               ; 10711                 ;       ;
; Average fan-out                                             ; 3.89                  ;       ;
+-------------------------------------------------------------+-----------------------+-------+


+----------------------------------------------------------------------------------------------------------------------+
; Fitter Partition Statistics                                                                                          ;
+-------------------------------------------------------------+-----------------------+--------------------------------+
; Statistic                                                   ; Top                   ; hard_block:auto_generated_inst ;
+-------------------------------------------------------------+-----------------------+--------------------------------+
; Logic utilization (ALMs needed / total ALMs on device)      ; 930 / 41910 ( 2 % )   ; 0 / 41910 ( 0 % )              ;
; ALMs needed [=A-B+C]                                        ; 930                   ; 0                              ;
;     [A] ALMs used in final placement [=a+b+c+d]             ; 1115 / 41910 ( 3 % )  ; 0 / 41910 ( 0 % )              ;
;         [a] ALMs used for LUT logic and registers           ; 105                   ; 0                              ;
;         [b] ALMs used for LUT logic                         ; 661                   ; 0                              ;
;         [c] ALMs used for registers                         ; 349                   ; 0                              ;
;         [d] ALMs used for memory (up to half of total ALMs) ; 0                     ; 0                              ;
;     [B] Estimate of ALMs recoverable by dense packing       ; 209 / 41910 ( < 1 % ) ; 0 / 41910 ( 0 % )              ;
;     [C] Estimate of ALMs unavailable [=a+b+c+d]             ; 24 / 41910 ( < 1 % )  ; 0 / 41910 ( 0 % )              ;
;         [a] Due to location constrained logic               ; 0                     ; 0                              ;
;         [b] Due to LAB-wide signal conflicts                ; 0                     ; 0                              ;
;         [c] Due to LAB input limits                         ; 24                    ; 0                              ;
;         [d] Due to virtual I/Os                             ; 0                     ; 0                              ;
;                                                             ;                       ;                                ;
; Difficulty packing design                                   ; Low                   ; Low                            ;
;                                                             ;                       ;                                ;
; Total LABs:  partially or completely used                   ; 154 / 4191 ( 4 % )    ; 0 / 4191 ( 0 % )               ;
;     -- Logic LABs                                           ; 154                   ; 0                              ;
;     -- Memory LABs (up to half of total LABs)               ; 0                     ; 0                              ;
;                                                             ;                       ;                                ;
; Combinational ALUT usage for logic                          ; 1135                  ; 0                              ;
;     -- 7 input functions                                    ; 5                     ; 0                              ;
;     -- 6 input functions                                    ; 468                   ; 0                              ;
;     -- 5 input functions                                    ; 178                   ; 0                              ;
;     -- 4 input functions                                    ; 76                    ; 0                              ;
;     -- <=3 input functions                                  ; 408                   ; 0                              ;
; Combinational ALUT usage for route-throughs                 ; 480                   ; 0                              ;
; Memory ALUT usage                                           ; 0                     ; 0                              ;
;     -- 64-address deep                                      ; 0                     ; 0                              ;
;     -- 32-address deep                                      ; 0                     ; 0                              ;
;                                                             ;                       ;                                ;
; Dedicated logic registers                                   ; 0                     ; 0                              ;
;     -- By type:                                             ;                       ;                                ;
;         -- Primary logic registers                          ; 908 / 83820 ( 1 % )   ; 0 / 83820 ( 0 % )              ;
;         -- Secondary logic registers                        ; 49 / 83820 ( < 1 % )  ; 0 / 83820 ( 0 % )              ;
;     -- By function:                                         ;                       ;                                ;
;         -- Design implementation registers                  ; 957                   ; 0                              ;
;         -- Routing optimization registers                   ; 0                     ; 0                              ;
;                                                             ;                       ;                                ;
;                                                             ;                       ;                                ;
; Virtual pins                                                ; 0                     ; 0                              ;
; I/O pins                                                    ; 82                    ; 0                              ;
; I/O registers                                               ; 0                     ; 0                              ;
; Total block memory bits                                     ; 18432                 ; 0                              ;
; Total block memory implementation bits                      ; 92160                 ; 0                              ;
; M10K block                                                  ; 9 / 553 ( 1 % )       ; 0 / 553 ( 0 % )                ;
; DSP block                                                   ; 11 / 112 ( 9 % )      ; 0 / 112 ( 0 % )                ;
; Clock enable block                                          ; 1 / 116 ( < 1 % )     ; 0 / 116 ( 0 % )                ;
;                                                             ;                       ;                                ;
; Connections                                                 ;                       ;                                ;
;     -- Input Connections                                    ; 0                     ; 0                              ;
;     -- Registered Input Connections                         ; 0                     ; 0                              ;
;     -- Output Connections                                   ; 0                     ; 0                              ;
;     -- Registered Output Connections                        ; 0                     ; 0                              ;
;                                                             ;                       ;                                ;
; Internal Connections                                        ;                       ;                                ;
;     -- Total Connections                                    ; 11040                 ; 0                              ;
;     -- Registered Connections                               ; 1992                  ; 0                              ;
;                                                             ;                       ;                                ;
; External Connections                                        ;                       ;                                ;
;     -- Top                                                  ; 0                     ; 0                              ;
;     -- hard_block:auto_generated_inst                       ; 0                     ; 0                              ;
;                                                             ;                       ;                                ;
; Partition Interface                                         ;                       ;                                ;
;     -- Input Ports                                          ; 48                    ; 0                              ;
;     -- Output Ports                                         ; 34                    ; 0                              ;
;     -- Bidir Ports                                          ; 0                     ; 0                              ;
;                                                             ;                       ;                                ;
; Registered Ports                                            ;                       ;                                ;
;     -- Registered Input Ports                               ; 0                     ; 0                              ;
;     -- Registered Output Ports                              ; 0                     ; 0                              ;
;                                                             ;                       ;                                ;
; Port Connectivity                                           ;                       ;                                ;
;     -- Input Ports driven by GND                            ; 0                     ; 0                              ;
;     -- Output Ports driven by GND                           ; 0                     ; 0                              ;
;     -- Input Ports driven by VCC                            ; 0                     ; 0                              ;
;     -- Output Ports driven by VCC                           ; 0                     ; 0                              ;
;     -- Input Ports with no Source                           ; 0                     ; 0                              ;
;     -- Output Ports with no Source                          ; 0                     ; 0                              ;
;     -- Input Ports with no Fanout                           ; 0                     ; 0                              ;
;     -- Output Ports with no Fanout                          ; 0                     ; 0                              ;
+-------------------------------------------------------------+-----------------------+--------------------------------+


+----------------------------------------------------------------------------------------------------------------------------------------------------------------------------------------------------------------------------------------------------------------------------------------------+
; Input Pins                                                                                                                                                                                                                                                                                   ;
+---------------+-------+----------+--------------+--------------+--------------+-----------------------+--------------------+--------+----------------+-----------------+----------+--------------+--------------+-------------+---------------------------+----------------------+-----------+
; Name          ; Pin # ; I/O Bank ; X coordinate ; Y coordinate ; Z coordinate ; Combinational Fan-Out ; Registered Fan-Out ; Global ; Input Register ; PCI I/O Enabled ; Bus Hold ; Weak Pull Up ; I/O Standard ; Termination ; Termination Control Block ; Location assigned by ; Slew Rate ;
+---------------+-------+----------+--------------+--------------+--------------+-----------------------+--------------------+--------+----------------+-----------------+----------+--------------+--------------+-------------+---------------------------+----------------------+-----------+
; address[0]    ; AH7   ; 4A       ; 50           ; 0            ; 91           ; 6                     ; 0                  ; no     ; no             ; no              ; no       ; Off          ; 2.5 V        ; Off         ; --                        ; Fitter               ; no        ;
; address[1]    ; AG13  ; 4A       ; 50           ; 0            ; 40           ; 6                     ; 0                  ; no     ; no             ; no              ; no       ; Off          ; 2.5 V        ; Off         ; --                        ; Fitter               ; no        ;
; address[2]    ; AE6   ; 3A       ; 8            ; 0            ; 51           ; 62                    ; 0                  ; no     ; no             ; no              ; no       ; Off          ; 2.5 V        ; Off         ; --                        ; Fitter               ; no        ;
; address[3]    ; AF9   ; 3B       ; 30           ; 0            ; 51           ; 53                    ; 0                  ; no     ; no             ; no              ; no       ; Off          ; 2.5 V        ; Off         ; --                        ; Fitter               ; no        ;
; address[4]    ; AE4   ; 3B       ; 26           ; 0            ; 74           ; 34                    ; 0                  ; no     ; no             ; no              ; no       ; Off          ; 2.5 V        ; Off         ; --                        ; Fitter               ; no        ;
; address[5]    ; AF6   ; 3B       ; 32           ; 0            ; 51           ; 33                    ; 0                  ; no     ; no             ; no              ; no       ; Off          ; 2.5 V        ; Off         ; --                        ; Fitter               ; no        ;
; address[6]    ; AH13  ; 4A       ; 60           ; 0            ; 51           ; 8                     ; 0                  ; no     ; no             ; no              ; no       ; Off          ; 2.5 V        ; Off         ; --                        ; Fitter               ; no        ;
; address[7]    ; AG16  ; 4A       ; 58           ; 0            ; 57           ; 8                     ; 0                  ; no     ; no             ; no              ; no       ; Off          ; 2.5 V        ; Off         ; --                        ; Fitter               ; no        ;
; byteenable[0] ; AH8   ; 4A       ; 52           ; 0            ; 51           ; 1                     ; 0                  ; no     ; no             ; no              ; no       ; Off          ; 2.5 V        ; Off         ; --                        ; Fitter               ; no        ;
; byteenable[1] ; U14   ; 4A       ; 52           ; 0            ; 0            ; 1                     ; 0                  ; no     ; no             ; no              ; no       ; Off          ; 2.5 V        ; Off         ; --                        ; Fitter               ; no        ;
; byteenable[2] ; AG9   ; 4A       ; 52           ; 0            ; 34           ; 1                     ; 0                  ; no     ; no             ; no              ; no       ; Off          ; 2.5 V        ; Off         ; --                        ; Fitter               ; no        ;
; byteenable[3] ; Y13   ; 4A       ; 56           ; 0            ; 0            ; 1                     ; 0                  ; no     ; no             ; no              ; no       ; Off          ; 2.5 V        ; Off         ; --                        ; Fitter               ; no        ;
; clk           ; Y24   ; 5B       ; 89           ; 25           ; 3            ; 966                   ; 0                  ; yes    ; no             ; no              ; no       ; Off          ; 2.5 V        ; Off         ; --                        ; Fitter               ; no        ;
; read          ; AD12  ; 3B       ; 38           ; 0            ; 17           ; 3                     ; 0                  ; no     ; no             ; no              ; no       ; Off          ; 2.5 V        ; Off         ; --                        ; Fitter               ; no        ;
; rst_n         ; T13   ; 3B       ; 36           ; 0            ; 0            ; 928                   ; 0                  ; no     ; no             ; no              ; no       ; Off          ; 2.5 V        ; Off         ; --                        ; Fitter               ; no        ;
; write         ; AD11  ; 3B       ; 30           ; 0            ; 0            ; 18                    ; 0                  ; no     ; no             ; no              ; no       ; Off          ; 2.5 V        ; Off         ; --                        ; Fitter               ; no        ;
; writedata[0]  ; AA11  ; 3A       ; 8            ; 0            ; 17           ; 43                    ; 0                  ; no     ; no             ; no              ; no       ; Off          ; 2.5 V        ; Off         ; --                        ; Fitter               ; no        ;
; writedata[10] ; AA19  ; 4A       ; 68           ; 0            ; 0            ; 20                    ; 0                  ; no     ; no             ; no              ; no       ; Off          ; 2.5 V        ; Off         ; --                        ; Fitter               ; no        ;
; writedata[11] ; AH3   ; 3B       ; 36           ; 0            ; 34           ; 20                    ; 0                  ; no     ; no             ; no              ; no       ; Off          ; 2.5 V        ; Off         ; --                        ; Fitter               ; no        ;
; writedata[12] ; V12   ; 3B       ; 40           ; 0            ; 0            ; 20                    ; 0                  ; no     ; no             ; no              ; no       ; Off          ; 2.5 V        ; Off         ; --                        ; Fitter               ; no        ;
; writedata[13] ; AF13  ; 4A       ; 50           ; 0            ; 57           ; 20                    ; 0                  ; no     ; no             ; no              ; no       ; Off          ; 2.5 V        ; Off         ; --                        ; Fitter               ; no        ;
; writedata[14] ; T11   ; 3B       ; 28           ; 0            ; 0            ; 20                    ; 0                  ; no     ; no             ; no              ; no       ; Off          ; 2.5 V        ; Off         ; --                        ; Fitter               ; no        ;
; writedata[15] ; AE26  ; 5A       ; 89           ; 4            ; 94           ; 20                    ; 0                  ; no     ; no             ; no              ; no       ; Off          ; 2.5 V        ; Off         ; --                        ; Fitter               ; no        ;
; writedata[16] ; AE7   ; 3B       ; 28           ; 0            ; 34           ; 17                    ; 0                  ; no     ; no             ; no              ; no       ; Off          ; 2.5 V        ; Off         ; --                        ; Fitter               ; no        ;
; writedata[17] ; AH5   ; 3B       ; 40           ; 0            ; 51           ; 17                    ; 0                  ; no     ; no             ; no              ; no       ; Off          ; 2.5 V        ; Off         ; --                        ; Fitter               ; no        ;
; writedata[18] ; AH4   ; 3B       ; 38           ; 0            ; 51           ; 17                    ; 0                  ; no     ; no             ; no              ; no       ; Off          ; 2.5 V        ; Off         ; --                        ; Fitter               ; no        ;
; writedata[19] ; U10   ; 3A       ; 6            ; 0            ; 0            ; 17                    ; 0                  ; no     ; no             ; no              ; no       ; Off          ; 2.5 V        ; Off         ; --                        ; Fitter               ; no        ;
; writedata[1]  ; AF4   ; 3B       ; 26           ; 0            ; 91           ; 41                    ; 0                  ; no     ; no             ; no              ; no       ; Off          ; 2.5 V        ; Off         ; --                        ; Fitter               ; no        ;
; writedata[20] ; AA18  ; 4A       ; 68           ; 0            ; 17           ; 21                    ; 0                  ; no     ; no             ; no              ; no       ; Off          ; 2.5 V        ; Off         ; --                        ; Fitter               ; no        ;
; writedata[21] ; AE11  ; 3B       ; 30           ; 0            ; 17           ; 17                    ; 0                  ; no     ; no             ; no              ; no       ; Off          ; 2.5 V        ; Off         ; --                        ; Fitter               ; no        ;
; writedata[22] ; AF7   ; 3B       ; 34           ; 0            ; 74           ; 17                    ; 0                  ; no     ; no             ; no              ; no       ; Off          ; 2.5 V        ; Off         ; --                        ; Fitter               ; no        ;
; writedata[23] ; AH2   ; 3B       ; 36           ; 0            ; 51           ; 17                    ; 0                  ; no     ; no             ; no              ; no       ; Off          ; 2.5 V        ; Off         ; --                        ; Fitter               ; no        ;
; writedata[24] ; U11   ; 3B       ; 28           ; 0            ; 17           ; 17                    ; 0                  ; no     ; no             ; no              ; no       ; Off          ; 2.5 V        ; Off         ; --                        ; Fitter               ; no        ;
; writedata[25] ; AF5   ; 3B       ; 32           ; 0            ; 34           ; 17                    ; 0                  ; no     ; no             ; no              ; no       ; Off          ; 2.5 V        ; Off         ; --                        ; Fitter               ; no        ;
; writedata[26] ; AA13  ; 4A       ; 56           ; 0            ; 17           ; 19                    ; 0                  ; no     ; no             ; no              ; no       ; Off          ; 2.5 V        ; Off         ; --                        ; Fitter               ; no        ;
; writedata[27] ; AG19  ; 4A       ; 70           ; 0            ; 34           ; 17                    ; 0                  ; no     ; no             ; no              ; no       ; Off          ; 2.5 V        ; Off         ; --                        ; Fitter               ; no        ;
; writedata[28] ; T12   ; 3B       ; 36           ; 0            ; 17           ; 17                    ; 0                  ; no     ; no             ; no              ; no       ; Off          ; 2.5 V        ; Off         ; --                        ; Fitter               ; no        ;
; writedata[29] ; W12   ; 3B       ; 40           ; 0            ; 17           ; 17                    ; 0                  ; no     ; no             ; no              ; no       ; Off          ; 2.5 V        ; Off         ; --                        ; Fitter               ; no        ;
; writedata[2]  ; AF8   ; 3B       ; 28           ; 0            ; 51           ; 42                    ; 0                  ; no     ; no             ; no              ; no       ; Off          ; 2.5 V        ; Off         ; --                        ; Fitter               ; no        ;
; writedata[30] ; W14   ; 4A       ; 60           ; 0            ; 0            ; 17                    ; 0                  ; no     ; no             ; no              ; no       ; Off          ; 2.5 V        ; Off         ; --                        ; Fitter               ; no        ;
; writedata[31] ; AG5   ; 3B       ; 38           ; 0            ; 34           ; 21                    ; 0                  ; no     ; no             ; no              ; no       ; Off          ; 2.5 V        ; Off         ; --                        ; Fitter               ; no        ;
; writedata[3]  ; AD10  ; 3B       ; 26           ; 0            ; 40           ; 38                    ; 0                  ; no     ; no             ; no              ; no       ; Off          ; 2.5 V        ; Off         ; --                        ; Fitter               ; no        ;
; writedata[4]  ; V11   ; 3B       ; 32           ; 0            ; 0            ; 38                    ; 0                  ; no     ; no             ; no              ; no       ; Off          ; 2.5 V        ; Off         ; --                        ; Fitter               ; no        ;
; writedata[5]  ; AE8   ; 3B       ; 30           ; 0            ; 34           ; 38                    ; 0                  ; no     ; no             ; no              ; no       ; Off          ; 2.5 V        ; Off         ; --                        ; Fitter               ; no        ;
; writedata[6]  ; AE9   ; 3B       ; 26           ; 0            ; 57           ; 30                    ; 0                  ; no     ; no             ; no              ; no       ; Off          ; 2.5 V        ; Off         ; --                        ; Fitter               ; no        ;
; writedata[7]  ; AF11  ; 3B       ; 34           ; 0            ; 40           ; 30                    ; 0                  ; no     ; no             ; no              ; no       ; Off          ; 2.5 V        ; Off         ; --                        ; Fitter               ; no        ;
; writedata[8]  ; AE12  ; 3B       ; 38           ; 0            ; 0            ; 24                    ; 0                  ; no     ; no             ; no              ; no       ; Off          ; 2.5 V        ; Off         ; --                        ; Fitter               ; no        ;
; writedata[9]  ; AF10  ; 3B       ; 34           ; 0            ; 57           ; 20                    ; 0                  ; no     ; no             ; no              ; no       ; Off          ; 2.5 V        ; Off         ; --                        ; Fitter               ; no        ;
+---------------+-------+----------+--------------+--------------+--------------+-----------------------+--------------------+--------+----------------+-----------------+----------+--------------+--------------+-------------+---------------------------+----------------------+-----------+


+---------------------------------------------------------------------------------------------------------------------------------------------------------------------------------------------------------------------------------------------------------------------------------------------------------------------------------------------------------------------------------------------------------------------------------------------------------------------------------------------------+
; Output Pins                                                                                                                                                                                                                                                                                                                                                                                                                                                                                       ;
+--------------+-------+----------+--------------+--------------+--------------+-----------------+------------------------+-----------+-----------------+------------+---------------+----------+--------------+--------------+------------------+-----------------------------------+---------------------------+----------------------------+-----------------------------+---------------------+-----------------------------+----------------------+----------------------+---------------------+
; Name         ; Pin # ; I/O Bank ; X coordinate ; Y coordinate ; Z coordinate ; Output Register ; Output Enable Register ; Slew Rate ; PCI I/O Enabled ; Open Drain ; TRI Primitive ; Bus Hold ; Weak Pull Up ; I/O Standard ; Current Strength ; Termination                       ; Termination Control Block ; Output Buffer Pre-emphasis ; Voltage Output Differential ; Output Buffer Delay ; Output Buffer Delay Control ; Location assigned by ; Output Enable Source ; Output Enable Group ;
+--------------+-------+----------+--------------+--------------+--------------+-----------------+------------------------+-----------+-----------------+------------+---------------+----------+--------------+--------------+------------------+-----------------------------------+---------------------------+----------------------------+-----------------------------+---------------------+-----------------------------+----------------------+----------------------+---------------------+
; irq          ; AG15  ; 4A       ; 62           ; 0            ; 34           ; no              ; no                     ; 1         ; no              ; no         ; no            ; no       ; Off          ; 2.5 V        ; Default          ; Series 50 Ohm without Calibration ; --                        ; no                         ; no                          ; 0                   ; Off                         ; Fitter               ; -                    ; -                   ;
; readdata[0]  ; T8    ; 3A       ; 4            ; 0            ; 17           ; no              ; no                     ; 1         ; no              ; no         ; no            ; no       ; Off          ; 2.5 V        ; Default          ; Series 50 Ohm without Calibration ; --                        ; no                         ; no                          ; 0                   ; Off                         ; Fitter               ; -                    ; -                   ;
; readdata[10] ; AG14  ; 4A       ; 60           ; 0            ; 34           ; no              ; no                     ; 1         ; no              ; no         ; no            ; no       ; Off          ; 2.5 V        ; Default          ; Series 50 Ohm without Calibration ; --                        ; no                         ; no                          ; 0                   ; Off                         ; Fitter               ; -                    ; -                   ;
; readdata[11] ; AH11  ; 4A       ; 56           ; 0            ; 51           ; no              ; no                     ; 1         ; no              ; no         ; no            ; no       ; Off          ; 2.5 V        ; Default          ; Series 50 Ohm without Calibration ; --                        ; no                         ; no                          ; 0                   ; Off                         ; Fitter               ; -                    ; -                   ;
; readdata[12] ; AG20  ; 4A       ; 72           ; 0            ; 51           ; no              ; no                     ; 1         ; no              ; no         ; no            ; no       ; Off          ; 2.5 V        ; Default          ; Series 50 Ohm without Calibration ; --                        ; no                         ; no                          ; 0                   ; Off                         ; Fitter               ; -                    ; -                   ;
; readdata[13] ; AE15  ; 4A       ; 54           ; 0            ; 17           ; no              ; no                     ; 1         ; no              ; no         ; no            ; no       ; Off          ; 2.5 V        ; Default          ; Series 50 Ohm without Calibration ; --                        ; no                         ; no                          ; 0                   ; Off                         ; Fitter               ; -                    ; -                   ;
; readdata[14] ; V13   ; 4A       ; 60           ; 0            ; 17           ; no              ; no                     ; 1         ; no              ; no         ; no            ; no       ; Off          ; 2.5 V        ; Default          ; Series 50 Ohm without Calibration ; --                        ; no                         ; no                          ; 0                   ; Off                         ; Fitter               ; -                    ; -                   ;
; readdata[15] ; AF15  ; 4A       ; 54           ; 0            ; 0            ; no              ; no                     ; 1         ; no              ; no         ; no            ; no       ; Off          ; 2.5 V        ; Default          ; Series 50 Ohm without Calibration ; --                        ; no                         ; no                          ; 0                   ; Off                         ; Fitter               ; -                    ; -                   ;
; readdata[16] ; AE20  ; 4A       ; 70           ; 0            ; 0            ; no              ; no                     ; 1         ; no              ; no         ; no            ; no       ; Off          ; 2.5 V        ; Default          ; Series 50 Ohm without Calibration ; --                        ; no                         ; no                          ; 0                   ; Off                         ; Fitter               ; -                    ; -                   ;
; readdata[17] ; AG28  ; 4A       ; 86           ; 0            ; 34           ; no              ; no                     ; 1         ; no              ; no         ; no            ; no       ; Off          ; 2.5 V        ; Default          ; Series 50 Ohm without Calibration ; --                        ; no                         ; no                          ; 0                   ; Off                         ; Fitter               ; -                    ; -                   ;
; readdata[18] ; AD17  ; 4A       ; 62           ; 0            ; 0            ; no              ; no                     ; 1         ; no              ; no         ; no            ; no       ; Off          ; 2.5 V        ; Default          ; Series 50 Ohm without Calibration ; --                        ; no                         ; no                          ; 0                   ; Off                         ; Fitter               ; -                    ; -                   ;
; readdata[19] ; AA15  ; 4A       ; 64           ; 0            ; 17           ; no              ; no                     ; 1         ; no              ; no         ; no            ; no       ; Off          ; 2.5 V        ; Default          ; Series 50 Ohm without Calibration ; --                        ; no                         ; no                          ; 0                   ; Off                         ; Fitter               ; -                    ; -                   ;
; readdata[1]  ; AH14  ; 4A       ; 62           ; 0            ; 51           ; no              ; no                     ; 1         ; no              ; no         ; no            ; no       ; Off          ; 2.5 V        ; Default          ; Series 50 Ohm without Calibration ; --                        ; no                         ; no                          ; 0                   ; Off                         ; Fitter               ; -                    ; -                   ;
; readdata[20] ; AH16  ; 4A       ; 64           ; 0            ; 51           ; no              ; no                     ; 1         ; no              ; no         ; no            ; no       ; Off          ; 2.5 V        ; Default          ; Series 50 Ohm without Calibration ; --                        ; no                         ; no                          ; 0                   ; Off                         ; Fitter               ; -                    ; -                   ;
; readdata[21] ; C12   ; 8A       ; 40           ; 81           ; 17           ; no              ; no                     ; 1         ; no              ; no         ; no            ; no       ; Off          ; 2.5 V        ; Default          ; Series 50 Ohm without Calibration ; --                        ; no                         ; no                          ; 0                   ; Off                         ; Fitter               ; -                    ; -                   ;
; readdata[22] ; AD26  ; 5A       ; 89           ; 6            ; 54           ; no              ; no                     ; 1         ; no              ; no         ; no            ; no       ; Off          ; 2.5 V        ; Default          ; Series 50 Ohm without Calibration ; --                        ; no                         ; no                          ; 0                   ; Off                         ; Fitter               ; -                    ; -                   ;
; readdata[23] ; AG11  ; 4A       ; 56           ; 0            ; 34           ; no              ; no                     ; 1         ; no              ; no         ; no            ; no       ; Off          ; 2.5 V        ; Default          ; Series 50 Ohm without Calibration ; --                        ; no                         ; no                          ; 0                   ; Off                         ; Fitter               ; -                    ; -                   ;
; readdata[24] ; AF17  ; 4A       ; 58           ; 0            ; 40           ; no              ; no                     ; 1         ; no              ; no         ; no            ; no       ; Off          ; 2.5 V        ; Default          ; Series 50 Ohm without Calibration ; --                        ; no                         ; no                          ; 0                   ; Off                         ; Fitter               ; -                    ; -                   ;
; readdata[25] ; U13   ; 4A       ; 52           ; 0            ; 17           ; no              ; no                     ; 1         ; no              ; no         ; no            ; no       ; Off          ; 2.5 V        ; Default          ; Series 50 Ohm without Calibration ; --                        ; no                         ; no                          ; 0                   ; Off                         ; Fitter               ; -                    ; -                   ;
; readdata[26] ; AG8   ; 4A       ; 50           ; 0            ; 74           ; no              ; no                     ; 1         ; no              ; no         ; no            ; no       ; Off          ; 2.5 V        ; Default          ; Series 50 Ohm without Calibration ; --                        ; no                         ; no                          ; 0                   ; Off                         ; Fitter               ; -                    ; -                   ;
; readdata[27] ; AH6   ; 3B       ; 40           ; 0            ; 34           ; no              ; no                     ; 1         ; no              ; no         ; no            ; no       ; Off          ; 2.5 V        ; Default          ; Series 50 Ohm without Calibration ; --                        ; no                         ; no                          ; 0                   ; Off                         ; Fitter               ; -                    ; -                   ;
; readdata[28] ; D12   ; 8A       ; 40           ; 81           ; 0            ; no              ; no                     ; 1         ; no              ; no         ; no            ; no       ; Off          ; 2.5 V        ; Default          ; Series 50 Ohm without Calibration ; --                        ; no                         ; no                          ; 0                   ; Off                         ; Fitter               ; -                    ; -                   ;
; readdata[29] ; AH22  ; 4A       ; 78           ; 0            ; 51           ; no              ; no                     ; 1         ; no              ; no         ; no            ; no       ; Off          ; 2.5 V        ; Default          ; Series 50 Ohm without Calibration ; --                        ; no                         ; no                          ; 0                   ; Off                         ; Fitter               ; -                    ; -                   ;
; readdata[2]  ; AH12  ; 4A       ; 58           ; 0            ; 74           ; no              ; no                     ; 1         ; no              ; no         ; no            ; no       ; Off          ; 2.5 V        ; Default          ; Series 50 Ohm without Calibration ; --                        ; no                         ; no                          ; 0                   ; Off                         ; Fitter               ; -                    ; -                   ;
; readdata[30] ; AF18  ; 4A       ; 66           ; 0            ; 74           ; no              ; no                     ; 1         ; no              ; no         ; no            ; no       ; Off          ; 2.5 V        ; Default          ; Series 50 Ohm without Calibration ; --                        ; no                         ; no                          ; 0                   ; Off                         ; Fitter               ; -                    ; -                   ;
; readdata[31] ; Y15   ; 4A       ; 64           ; 0            ; 0            ; no              ; no                     ; 1         ; no              ; no         ; no            ; no       ; Off          ; 2.5 V        ; Default          ; Series 50 Ohm without Calibration ; --                        ; no                         ; no                          ; 0                   ; Off                         ; Fitter               ; -                    ; -                   ;
; readdata[3]  ; AE17  ; 4A       ; 62           ; 0            ; 17           ; no              ; no                     ; 1         ; no              ; no         ; no            ; no       ; Off          ; 2.5 V        ; Default          ; Series 50 Ohm without Calibration ; --                        ; no                         ; no                          ; 0                   ; Off                         ; Fitter               ; -                    ; -                   ;
; readdata[4]  ; W11   ; 3B       ; 32           ; 0            ; 17           ; no              ; no                     ; 1         ; no              ; no         ; no            ; no       ; Off          ; 2.5 V        ; Default          ; Series 50 Ohm without Calibration ; --                        ; no                         ; no                          ; 0                   ; Off                         ; Fitter               ; -                    ; -                   ;
; readdata[5]  ; AG6   ; 3B       ; 34           ; 0            ; 91           ; no              ; no                     ; 1         ; no              ; no         ; no            ; no       ; Off          ; 2.5 V        ; Default          ; Series 50 Ohm without Calibration ; --                        ; no                         ; no                          ; 0                   ; Off                         ; Fitter               ; -                    ; -                   ;
; readdata[6]  ; AH24  ; 4A       ; 80           ; 0            ; 51           ; no              ; no                     ; 1         ; no              ; no         ; no            ; no       ; Off          ; 2.5 V        ; Default          ; Series 50 Ohm without Calibration ; --                        ; no                         ; no                          ; 0                   ; Off                         ; Fitter               ; -                    ; -                   ;
; readdata[7]  ; AH9   ; 4A       ; 54           ; 0            ; 51           ; no              ; no                     ; 1         ; no              ; no         ; no            ; no       ; Off          ; 2.5 V        ; Default          ; Series 50 Ohm without Calibration ; --                        ; no                         ; no                          ; 0                   ; Off                         ; Fitter               ; -                    ; -                   ;
; readdata[8]  ; AG10  ; 4A       ; 54           ; 0            ; 34           ; no              ; no                     ; 1         ; no              ; no         ; no            ; no       ; Off          ; 2.5 V        ; Default          ; Series 50 Ohm without Calibration ; --                        ; no                         ; no                          ; 0                   ; Off                         ; Fitter               ; -                    ; -                   ;
; readdata[9]  ; AD20  ; 4A       ; 70           ; 0            ; 17           ; no              ; no                     ; 1         ; no              ; no         ; no            ; no       ; Off          ; 2.5 V        ; Default          ; Series 50 Ohm without Calibration ; --                        ; no                         ; no                          ; 0                   ; Off                         ; Fitter               ; -                    ; -                   ;
; waitrequest  ; W24   ; 5B       ; 89           ; 25           ; 20           ; no              ; no                     ; 1         ; no              ; no         ; no            ; no       ; Off          ; 2.5 V        ; Default          ; Series 50 Ohm without Calibration ; --                        ; no                         ; no                          ; 0                   ; Off                         ; Fitter               ; -                    ; -                   ;
+--------------+-------+----------+--------------+--------------+--------------+-----------------+------------------------+-----------+-----------------+------------+---------------+----------+--------------+--------------+------------------+-----------------------------------+---------------------------+----------------------------+-----------------------------+---------------------+-----------------------------+----------------------+----------------------+---------------------+


+-----------------------------------------------------------------------------+
; I/O Bank Usage                                                              ;
+----------+-------------------+---------------+--------------+---------------+
; I/O Bank ; Usage             ; VCCIO Voltage ; VREF Voltage ; VCCPD Voltage ;
+----------+-------------------+---------------+--------------+---------------+
; B2L      ; 0 / 0 ( -- )      ; --            ; --           ; --            ;
; B1L      ; 0 / 0 ( -- )      ; --            ; --           ; --            ;
; 3A       ; 4 / 16 ( 25 % )   ; 2.5V          ; --           ; 2.5V          ;
; 3B       ; 32 / 32 ( 100 % ) ; 2.5V          ; --           ; 2.5V          ;
; 4A       ; 40 / 68 ( 59 % )  ; 2.5V          ; --           ; 2.5V          ;
; 5A       ; 2 / 16 ( 13 % )   ; 2.5V          ; --           ; 2.5V          ;
; 5B       ; 2 / 7 ( 29 % )    ; 2.5V          ; --           ; 2.5V          ;
; 6B       ; 0 / 44 ( 0 % )    ; 2.5V          ; --           ; 2.5V          ;
; 6A       ; 0 / 56 ( 0 % )    ; 2.5V          ; --           ; 2.5V          ;
; 7A       ; 0 / 19 ( 0 % )    ; 2.5V          ; --           ; 2.5V          ;
; 7B       ; 0 / 22 ( 0 % )    ; 2.5V          ; --           ; 2.5V          ;
; 7C       ; 0 / 12 ( 0 % )    ; 2.5V          ; --           ; 2.5V          ;
; 7D       ; 0 / 14 ( 0 % )    ; 2.5V          ; --           ; 2.5V          ;
; 8A       ; 2 / 6 ( 33 % )    ; 2.5V          ; --           ; 2.5V          ;
+----------+-------------------+---------------+--------------+---------------+


+-----------------------------------------------------------------------------------------------------------------------------------------------------------------------------------+
; All Package Pins                                                                                                                                                                  ;
+----------+------------+----------------+---------------------------------+--------+--------------+---------------------+--------------+-----------------+----------+--------------+
; Location ; Pad Number ; I/O Bank       ; Pin Name/Usage                  ; Dir.   ; I/O Standard ; Voltage             ; I/O Type     ; User Assignment ; Bus Hold ; Weak Pull Up ;
+----------+------------+----------------+---------------------------------+--------+--------------+---------------------+--------------+-----------------+----------+--------------+
; A2       ;            ;                ; DNU                             ;        ;              ;                     ; --           ;                 ; --       ; --           ;
; A3       ;            ;                ; GND                             ; gnd    ;              ;                     ; --           ;                 ; --       ; --           ;
; A4       ; 435        ; 7C             ; RESERVED_INPUT_WITH_WEAK_PULLUP ;        ;              ;                     ; Column I/O   ;                 ; no       ; On           ;
; A5       ; 431        ; 7C             ; RESERVED_INPUT_WITH_WEAK_PULLUP ;        ;              ;                     ; Column I/O   ;                 ; no       ; On           ;
; A6       ; 425        ; 7B             ; RESERVED_INPUT_WITH_WEAK_PULLUP ;        ;              ;                     ; Column I/O   ;                 ; no       ; On           ;
; A7       ; 423        ; 7B             ; RESERVED_INPUT_WITH_WEAK_PULLUP ;        ;              ;                     ; Column I/O   ;                 ; no       ; On           ;
; A8       ; 421        ; 7B             ; RESERVED_INPUT_WITH_WEAK_PULLUP ;        ;              ;                     ; Column I/O   ;                 ; no       ; On           ;
; A9       ; 419        ; 7B             ; RESERVED_INPUT_WITH_WEAK_PULLUP ;        ;              ;                     ; Column I/O   ;                 ; no       ; On           ;
; A10      ;            ;                ; GND                             ; gnd    ;              ;                     ; --           ;                 ; --       ; --           ;
; A11      ; 417        ; 7B             ; RESERVED_INPUT_WITH_WEAK_PULLUP ;        ;              ;                     ; Column I/O   ;                 ; no       ; On           ;
; A12      ; 415        ; 7B             ; RESERVED_INPUT_WITH_WEAK_PULLUP ;        ;              ;                     ; Column I/O   ;                 ; no       ; On           ;
; A13      ; 413        ; 7B             ; RESERVED_INPUT_WITH_WEAK_PULLUP ;        ;              ;                     ; Column I/O   ;                 ; no       ; On           ;
; A14      ; 411        ; 7B             ; RESERVED_INPUT_WITH_WEAK_PULLUP ;        ;              ;                     ; Column I/O   ;                 ; no       ; On           ;
; A15      ; 409        ; 7B             ; RESERVED_INPUT_WITH_WEAK_PULLUP ;        ;              ;                     ; Column I/O   ;                 ; no       ; On           ;
; A16      ; 407        ; 7B             ; RESERVED_INPUT_WITH_WEAK_PULLUP ;        ;              ;                     ; Column I/O   ;                 ; no       ; On           ;
; A17      ; 399        ; 7A             ; RESERVED_INPUT_WITH_WEAK_PULLUP ;        ;              ;                     ; Column I/O   ;                 ; no       ; On           ;
; A18      ; 395        ; 7A             ; RESERVED_INPUT_WITH_WEAK_PULLUP ;        ;              ;                     ; Column I/O   ;                 ; no       ; On           ;
; A19      ; 393        ; 7A             ; RESERVED_INPUT_WITH_WEAK_PULLUP ;        ;              ;                     ; Column I/O   ;                 ; no       ; On           ;
; A20      ; 391        ; 7A             ; RESERVED_INPUT_WITH_WEAK_PULLUP ;        ;              ;                     ; Column I/O   ;                 ; no       ; On           ;
; A21      ; 389        ; 7A             ; RESERVED_INPUT_WITH_WEAK_PULLUP ;        ;              ;                     ; Column I/O   ;                 ; no       ; On           ;
; A22      ; 387        ; 7A             ; RESERVED_INPUT_WITH_WEAK_PULLUP ;        ;              ;                     ; Column I/O   ;                 ; no       ; On           ;
; A23      ; 374        ; 7A             ; ^HPS_nRST                       ;        ;              ;                     ; --           ;                 ; --       ; --           ;
; A24      ; 361        ; 6A             ; RESERVED_INPUT_WITH_WEAK_PULLUP ;        ;              ;                     ; Row I/O      ;                 ; no       ; On           ;
; A25      ; 359        ; 6A             ; RESERVED_INPUT_WITH_WEAK_PULLUP ;        ;              ;                     ; Row I/O      ;                 ; no       ; On           ;
; A26      ; 357        ; 6A             ; RESERVED_INPUT_WITH_WEAK_PULLUP ;        ;              ;                     ; Row I/O      ;                 ; no       ; On           ;
; A27      ; 353        ; 6A             ; RESERVED_INPUT_WITH_WEAK_PULLUP ;        ;              ;                     ; Row I/O      ;                 ; no       ; On           ;
; AA1      ;            ;                ; GND                             ; gnd    ;              ;                     ; --           ;                 ; --       ; --           ;
; AA2      ;            ;                ; GND                             ; gnd    ;              ;                     ; --           ;                 ; --       ; --           ;
; AA3      ;            ;                ; GND                             ; gnd    ;              ;                     ; --           ;                 ; --       ; --           ;
; AA4      ; 59         ; 3A             ; RESERVED_INPUT_WITH_WEAK_PULLUP ;        ;              ;                     ; Column I/O   ;                 ; no       ; On           ;
; AA5      ;            ; 3A             ; VCCIO3A                         ; power  ;              ; 2.5V                ; --           ;                 ; --       ; --           ;
; AA6      ; 43         ; 3A             ; ^nCSO, DATA4                    ;        ;              ;                     ; Weak Pull Up ;                 ; --       ; On           ;
; AA8      ; 50         ; 3A             ; ^DCLK                           ;        ;              ;                     ; Weak Pull Up ;                 ; --       ; On           ;
; AA9      ;            ;                ; GND                             ; gnd    ;              ;                     ; --           ;                 ; --       ; --           ;
; AA10     ;            ; 3A             ; VCCPD3A                         ; power  ;              ; 2.5V                ; --           ;                 ; --       ; --           ;
; AA11     ; 64         ; 3A             ; writedata[0]                    ; input  ; 2.5 V        ;                     ; Column I/O   ; N               ; no       ; Off          ;
; AA12     ;            ; 3B             ; VCCIO3B                         ; power  ;              ; 2.5V                ; --           ;                 ; --       ; --           ;
; AA13     ; 144        ; 4A             ; writedata[26]                   ; input  ; 2.5 V        ;                     ; Column I/O   ; N               ; no       ; Off          ;
; AA14     ;            ; 3B, 4A         ; VCCPD3B4A                       ; power  ;              ; 2.5V                ; --           ;                 ; --       ; --           ;
; AA15     ; 160        ; 4A             ; readdata[19]                    ; output ; 2.5 V        ;                     ; Column I/O   ; N               ; no       ; Off          ;
; AA16     ;            ; 4A             ; VCCIO4A                         ; power  ;              ; 2.5V                ; --           ;                 ; --       ; --           ;
; AA17     ;            ;                ; GND                             ; gnd    ;              ;                     ; --           ;                 ; --       ; --           ;
; AA18     ; 168        ; 4A             ; writedata[20]                   ; input  ; 2.5 V        ;                     ; Column I/O   ; N               ; no       ; Off          ;
; AA19     ; 170        ; 4A             ; writedata[10]                   ; input  ; 2.5 V        ;                     ; Column I/O   ; N               ; no       ; Off          ;
; AA20     ; 213        ; 5A             ; RESERVED_INPUT_WITH_WEAK_PULLUP ;        ;              ;                     ; Row I/O      ;                 ; no       ; On           ;
; AA21     ;            ; --             ; VCCA_FPLL                       ; power  ;              ; 2.5V                ; --           ;                 ; --       ; --           ;
; AA23     ; 226        ; 5A             ; RESERVED_INPUT_WITH_WEAK_PULLUP ;        ;              ;                     ; Row I/O      ;                 ; no       ; On           ;
; AA24     ; 224        ; 5A             ; RESERVED_INPUT_WITH_WEAK_PULLUP ;        ;              ;                     ; Row I/O      ;                 ; no       ; On           ;
; AA25     ;            ; 5B             ; VREFB5BN0                       ; power  ;              ;                     ; --           ;                 ; --       ; --           ;
; AA26     ; 255        ; 5B             ; RESERVED_INPUT_WITH_WEAK_PULLUP ;        ;              ;                     ; Row I/O      ;                 ; no       ; On           ;
; AA27     ; 279        ; 6B             ; RESERVED_INPUT_WITH_WEAK_PULLUP ;        ;              ;                     ; Row I/O      ;                 ; no       ; On           ;
; AA28     ; 289        ; 6B             ; RESERVED_INPUT_WITH_WEAK_PULLUP ;        ;              ;                     ; Row I/O      ;                 ; no       ; On           ;
; AB1      ;            ;                ; GND                             ; gnd    ;              ;                     ; --           ;                 ; --       ; --           ;
; AB2      ;            ;                ; GND                             ; gnd    ;              ;                     ; --           ;                 ; --       ; --           ;
; AB3      ;            ;                ; GND                             ; gnd    ;              ;                     ; --           ;                 ; --       ; --           ;
; AB4      ; 57         ; 3A             ; RESERVED_INPUT_WITH_WEAK_PULLUP ;        ;              ;                     ; Column I/O   ;                 ; no       ; On           ;
; AB5      ; 46         ; 3A             ; #TCK                            ; input  ;              ;                     ; --           ;                 ; --       ; --           ;
; AB6      ; 45         ; 3A             ; ^AS_DATA3, DATA3                ;        ;              ;                     ; Weak Pull Up ;                 ; --       ; On           ;
; AB23     ; 222        ; 5A             ; RESERVED_INPUT_WITH_WEAK_PULLUP ;        ;              ;                     ; Row I/O      ;                 ; no       ; On           ;
; AB24     ;            ;                ; GND                             ; gnd    ;              ;                     ; --           ;                 ; --       ; --           ;
; AB25     ; 259        ; 5B             ; RESERVED_INPUT_WITH_WEAK_PULLUP ;        ;              ;                     ; Row I/O      ;                 ; no       ; On           ;
; AB26     ; 253        ; 5B             ; RESERVED_INPUT_WITH_WEAK_PULLUP ;        ;              ;                     ; Row I/O      ;                 ; no       ; On           ;
; AB27     ;            ;                ; GND                             ; gnd    ;              ;                     ; --           ;                 ; --       ; --           ;
; AB28     ; 277        ; 6B             ; RESERVED_INPUT_WITH_WEAK_PULLUP ;        ;              ;                     ; Row I/O      ;                 ; no       ; On           ;
; AC1      ;            ;                ; GND                             ; gnd    ;              ;                     ; --           ;                 ; --       ; --           ;
; AC2      ;            ;                ; GND                             ; gnd    ;              ;                     ; --           ;                 ; --       ; --           ;
; AC3      ;            ;                ; GND                             ; gnd    ;              ;                     ; --           ;                 ; --       ; --           ;
; AC4      ; 63         ; 3A             ; RESERVED_INPUT_WITH_WEAK_PULLUP ;        ;              ;                     ; Column I/O   ;                 ; no       ; On           ;
; AC5      ; 47         ; 3A             ; ^AS_DATA2, DATA2                ;        ;              ;                     ; Weak Pull Up ;                 ; --       ; On           ;
; AC6      ; 49         ; 3A             ; ^AS_DATA1, DATA1                ;        ;              ;                     ; Weak Pull Up ;                 ; --       ; On           ;
; AC7      ; 44         ; 3A             ; #TMS                            ; input  ;              ;                     ; --           ;                 ; --       ; --           ;
; AC8      ;            ; --             ; VCC_AUX                         ; power  ;              ; 2.5V                ; --           ;                 ; --       ; --           ;
; AC21     ;            ; --             ; VCC_AUX                         ; power  ;              ; 2.5V                ; --           ;                 ; --       ; --           ;
; AC22     ; 202        ; 4A             ; RESERVED_INPUT_WITH_WEAK_PULLUP ;        ;              ;                     ; Column I/O   ;                 ; no       ; On           ;
; AC23     ; 200        ; 4A             ; RESERVED_INPUT_WITH_WEAK_PULLUP ;        ;              ;                     ; Column I/O   ;                 ; no       ; On           ;
; AC24     ; 220        ; 5A             ; RESERVED_INPUT_WITH_WEAK_PULLUP ;        ;              ;                     ; Row I/O      ;                 ; no       ; On           ;
; AC25     ;            ; 5A             ; VCCIO5A                         ; power  ;              ; 2.5V                ; --           ;                 ; --       ; --           ;
; AC26     ;            ; 5A             ; VREFB5AN0                       ; power  ;              ;                     ; --           ;                 ; --       ; --           ;
; AC27     ; 275        ; 6B             ; RESERVED_INPUT_WITH_WEAK_PULLUP ;        ;              ;                     ; Row I/O      ;                 ; no       ; On           ;
; AC28     ; 273        ; 6B             ; RESERVED_INPUT_WITH_WEAK_PULLUP ;        ;              ;                     ; Row I/O      ;                 ; no       ; On           ;
; AD1      ;            ;                ; DNU                             ;        ;              ;                     ; --           ;                 ; --       ; --           ;
; AD2      ;            ;                ; DNU                             ;        ;              ;                     ; --           ;                 ; --       ; --           ;
; AD3      ;            ;                ; GND                             ; gnd    ;              ;                     ; --           ;                 ; --       ; --           ;
; AD4      ; 61         ; 3A             ; RESERVED_INPUT_WITH_WEAK_PULLUP ;        ;              ;                     ; Column I/O   ;                 ; no       ; On           ;
; AD5      ; 67         ; 3A             ; RESERVED_INPUT_WITH_WEAK_PULLUP ;        ;              ;                     ; Column I/O   ;                 ; no       ; On           ;
; AD6      ;            ;                ; GND                             ; gnd    ;              ;                     ; --           ;                 ; --       ; --           ;
; AD7      ; 51         ; 3A             ; ^AS_DATA0, ASDO, DATA0          ;        ;              ;                     ; Weak Pull Up ;                 ; --       ; On           ;
; AD8      ;            ;                ; GND                             ; gnd    ;              ;                     ; --           ;                 ; --       ; --           ;
; AD9      ;            ; 3B, 4A         ; VCCPD3B4A                       ; power  ;              ; 2.5V                ; --           ;                 ; --       ; --           ;
; AD10     ; 103        ; 3B             ; writedata[3]                    ; input  ; 2.5 V        ;                     ; Column I/O   ; N               ; no       ; Off          ;
; AD11     ; 111        ; 3B             ; write                           ; input  ; 2.5 V        ;                     ; Column I/O   ; N               ; no       ; Off          ;
; AD12     ; 125        ; 3B             ; read                            ; input  ; 2.5 V        ;                     ; Column I/O   ; N               ; no       ; Off          ;
; AD13     ;            ; 3B, 4A         ; VCCPD3B4A                       ; power  ;              ; 2.5V                ; --           ;                 ; --       ; --           ;
; AD14     ;            ;                ; GND                             ; gnd    ;              ;                     ; --           ;                 ; --       ; --           ;
; AD15     ;            ; --             ; VCC_AUX                         ; power  ;              ; 2.5V                ; --           ;                 ; --       ; --           ;
; AD16     ;            ; 3B, 4A         ; VCCPD3B4A                       ; power  ;              ; 2.5V                ; --           ;                 ; --       ; --           ;
; AD17     ; 159        ; 4A             ; readdata[18]                    ; output ; 2.5 V        ;                     ; Column I/O   ; N               ; no       ; Off          ;
; AD18     ;            ; 3B, 4A         ; VCCPD3B4A                       ; power  ;              ; 2.5V                ; --           ;                 ; --       ; --           ;
; AD19     ; 165        ; 4A             ; RESERVED_INPUT_WITH_WEAK_PULLUP ;        ;              ;                     ; Column I/O   ;                 ; no       ; On           ;
; AD20     ; 173        ; 4A             ; readdata[9]                     ; output ; 2.5 V        ;                     ; Column I/O   ; N               ; no       ; Off          ;
; AD21     ;            ; 3B, 4A         ; VCCPD3B4A                       ; power  ;              ; 2.5V                ; --           ;                 ; --       ; --           ;
; AD22     ;            ;                ; GND                             ; gnd    ;              ;                     ; --           ;                 ; --       ; --           ;
; AD23     ; 186        ; 4A             ; RESERVED_INPUT_WITH_WEAK_PULLUP ;        ;              ;                     ; Column I/O   ;                 ; no       ; On           ;
; AD24     ;            ; --             ; VCCPGM                          ; power  ;              ; 1.8V/2.5V/3.0V/3.3V ; --           ;                 ; --       ; --           ;
; AD25     ;            ;                ; GND                             ; gnd    ;              ;                     ; --           ;                 ; --       ; --           ;
; AD26     ; 218        ; 5A             ; readdata[22]                    ; output ; 2.5 V        ;                     ; Row I/O      ; N               ; no       ; Off          ;
; AD27     ;            ; 6B             ; VCCIO6B_HPS                     ; power  ;              ; 2.5V                ; --           ;                 ; --       ; --           ;
; AD28     ; 263        ; 6B             ; RESERVED_INPUT_WITH_WEAK_PULLUP ;        ;              ;                     ; Row I/O      ;                 ; no       ; On           ;
; AE1      ;            ;                ; GND                             ; gnd    ;              ;                     ; --           ;                 ; --       ; --           ;
; AE2      ;            ;                ; GND                             ; gnd    ;              ;                     ; --           ;                 ; --       ; --           ;
; AE3      ;            ;                ; GND                             ; gnd    ;              ;                     ; --           ;                 ; --       ; --           ;
; AE4      ; 102        ; 3B             ; address[4]                      ; input  ; 2.5 V        ;                     ; Column I/O   ; N               ; no       ; Off          ;
; AE5      ;            ; 3A             ; VREFB3AN0                       ; power  ;              ;                     ; --           ;                 ; --       ; --           ;
; AE6      ; 65         ; 3A             ; address[2]                      ; input  ; 2.5 V        ;                     ; Column I/O   ; N               ; no       ; Off          ;
; AE7      ; 107        ; 3B             ; writedata[16]                   ; input  ; 2.5 V        ;                     ; Column I/O   ; N               ; no       ; Off          ;
; AE8      ; 110        ; 3B             ; writedata[5]                    ; input  ; 2.5 V        ;                     ; Column I/O   ; N               ; no       ; Off          ;
; AE9      ; 101        ; 3B             ; writedata[6]                    ; input  ; 2.5 V        ;                     ; Column I/O   ; N               ; no       ; Off          ;
; AE10     ;            ; 3B             ; VCCIO3B                         ; power  ;              ; 2.5V                ; --           ;                 ; --       ; --           ;
; AE11     ; 109        ; 3B             ; writedata[21]                   ; input  ; 2.5 V        ;                     ; Column I/O   ; N               ; no       ; Off          ;
; AE12     ; 127        ; 3B             ; writedata[8]                    ; input  ; 2.5 V        ;                     ; Column I/O   ; N               ; no       ; Off          ;
; AE13     ;            ; 3B             ; VCCIO3B                         ; power  ;              ; 2.5V                ; --           ;                 ; --       ; --           ;
; AE14     ;            ;                ; DNU                             ;        ;              ;                     ; --           ;                 ; --       ; --           ;
; AE15     ; 141        ; 4A             ; readdata[13]                    ; output ; 2.5 V        ;                     ; Column I/O   ; N               ; no       ; Off          ;
; AE16     ;            ;                ; GND                             ; gnd    ;              ;                     ; --           ;                 ; --       ; --           ;
; AE17     ; 157        ; 4A             ; readdata[3]                     ; output ; 2.5 V        ;                     ; Column I/O   ; N               ; no       ; Off          ;
; AE18     ;            ;                ; GND                             ; gnd    ;              ;                     ; --           ;                 ; --       ; --           ;
; AE19     ; 167        ; 4A             ; RESERVED_INPUT_WITH_WEAK_PULLUP ;        ;              ;                     ; Column I/O   ;                 ; no       ; On           ;
; AE20     ; 175        ; 4A             ; readdata[16]                    ; output ; 2.5 V        ;                     ; Column I/O   ; N               ; no       ; Off          ;
; AE21     ;            ; 4A             ; VCCIO4A                         ; power  ;              ; 2.5V                ; --           ;                 ; --       ; --           ;
; AE22     ; 184        ; 4A             ; RESERVED_INPUT_WITH_WEAK_PULLUP ;        ;              ;                     ; Column I/O   ;                 ; no       ; On           ;
; AE23     ; 197        ; 4A             ; RESERVED_INPUT_WITH_WEAK_PULLUP ;        ;              ;                     ; Column I/O   ;                 ; no       ; On           ;
; AE24     ; 199        ; 4A             ; RESERVED_INPUT_WITH_WEAK_PULLUP ;        ;              ;                     ; Column I/O   ;                 ; no       ; On           ;
; AE25     ; 216        ; 5A             ; RESERVED_INPUT_WITH_WEAK_PULLUP ;        ;              ;                     ; Row I/O      ;                 ; no       ; On           ;
; AE26     ; 214        ; 5A             ; writedata[15]                   ; input  ; 2.5 V        ;                     ; Row I/O      ; N               ; no       ; Off          ;
; AE27     ; 265        ; 6B             ; RESERVED_INPUT_WITH_WEAK_PULLUP ;        ;              ;                     ; Row I/O      ;                 ; no       ; On           ;
; AE28     ; 261        ; 6B             ; RESERVED_INPUT_WITH_WEAK_PULLUP ;        ;              ;                     ; Row I/O      ;                 ; no       ; On           ;
; AF1      ;            ;                ; GND                             ; gnd    ;              ;                     ; --           ;                 ; --       ; --           ;
; AF2      ;            ;                ; GND                             ; gnd    ;              ;                     ; --           ;                 ; --       ; --           ;
; AF3      ;            ;                ; GND                             ; gnd    ;              ;                     ; --           ;                 ; --       ; --           ;
; AF4      ; 100        ; 3B             ; writedata[1]                    ; input  ; 2.5 V        ;                     ; Column I/O   ; N               ; no       ; Off          ;
; AF5      ; 115        ; 3B             ; writedata[25]                   ; input  ; 2.5 V        ;                     ; Column I/O   ; N               ; no       ; Off          ;
; AF6      ; 113        ; 3B             ; address[5]                      ; input  ; 2.5 V        ;                     ; Column I/O   ; N               ; no       ; Off          ;
; AF7      ; 118        ; 3B             ; writedata[22]                   ; input  ; 2.5 V        ;                     ; Column I/O   ; N               ; no       ; Off          ;
; AF8      ; 105        ; 3B             ; writedata[2]                    ; input  ; 2.5 V        ;                     ; Column I/O   ; N               ; no       ; Off          ;
; AF9      ; 108        ; 3B             ; address[3]                      ; input  ; 2.5 V        ;                     ; Column I/O   ; N               ; no       ; Off          ;
; AF10     ; 117        ; 3B             ; writedata[9]                    ; input  ; 2.5 V        ;                     ; Column I/O   ; N               ; no       ; Off          ;
; AF11     ; 119        ; 3B             ; writedata[7]                    ; input  ; 2.5 V        ;                     ; Column I/O   ; N               ; no       ; Off          ;
; AF12     ;            ; 3B             ; VREFB3BN0                       ; power  ;              ;                     ; --           ;                 ; --       ; --           ;
; AF13     ; 133        ; 4A             ; writedata[13]                   ; input  ; 2.5 V        ;                     ; Column I/O   ; N               ; no       ; Off          ;
; AF14     ;            ; 4A             ; VCCIO4A                         ; power  ;              ; 2.5V                ; --           ;                 ; --       ; --           ;
; AF15     ; 143        ; 4A             ; readdata[15]                    ; output ; 2.5 V        ;                     ; Column I/O   ; N               ; no       ; Off          ;
; AF16     ;            ; 4A             ; VREFB4AN0                       ; power  ;              ;                     ; --           ;                 ; --       ; --           ;
; AF17     ; 151        ; 4A             ; readdata[24]                    ; output ; 2.5 V        ;                     ; Column I/O   ; N               ; no       ; Off          ;
; AF18     ; 166        ; 4A             ; readdata[30]                    ; output ; 2.5 V        ;                     ; Column I/O   ; N               ; no       ; Off          ;
; AF19     ;            ; 4A             ; VCCIO4A                         ; power  ;              ; 2.5V                ; --           ;                 ; --       ; --           ;
; AF20     ; 179        ; 4A             ; RESERVED_INPUT_WITH_WEAK_PULLUP ;        ;              ;                     ; Column I/O   ;                 ; no       ; On           ;
; AF21     ; 181        ; 4A             ; RESERVED_INPUT_WITH_WEAK_PULLUP ;        ;              ;                     ; Column I/O   ;                 ; no       ; On           ;
; AF22     ; 183        ; 4A             ; RESERVED_INPUT_WITH_WEAK_PULLUP ;        ;              ;                     ; Column I/O   ;                 ; no       ; On           ;
; AF23     ; 189        ; 4A             ; RESERVED_INPUT_WITH_WEAK_PULLUP ;        ;              ;                     ; Column I/O   ;                 ; no       ; On           ;
; AF24     ;            ;                ; GND                             ; gnd    ;              ;                     ; --           ;                 ; --       ; --           ;
; AF25     ; 207        ; 4A             ; RESERVED_INPUT_WITH_WEAK_PULLUP ;        ;              ;                     ; Column I/O   ;                 ; no       ; On           ;
; AF26     ; 212        ; 5A             ; RESERVED_INPUT_WITH_WEAK_PULLUP ;        ;              ;                     ; Row I/O      ;                 ; no       ; On           ;
; AF27     ; 211        ; 4A             ; RESERVED_INPUT_WITH_WEAK_PULLUP ;        ;              ;                     ; Column I/O   ;                 ; no       ; On           ;
; AF28     ; 209        ; 4A             ; RESERVED_INPUT_WITH_WEAK_PULLUP ;        ;              ;                     ; Column I/O   ;                 ; no       ; On           ;
; AG1      ;            ;                ; GND                             ; gnd    ;              ;                     ; --           ;                 ; --       ; --           ;
; AG2      ;            ;                ; GND                             ; gnd    ;              ;                     ; --           ;                 ; --       ; --           ;
; AG3      ;            ;                ; GND                             ; gnd    ;              ;                     ; --           ;                 ; --       ; --           ;
; AG4      ;            ; 3B             ; VCCIO3B                         ; power  ;              ; 2.5V                ; --           ;                 ; --       ; --           ;
; AG5      ; 126        ; 3B             ; writedata[31]                   ; input  ; 2.5 V        ;                     ; Column I/O   ; N               ; no       ; Off          ;
; AG6      ; 116        ; 3B             ; readdata[5]                     ; output ; 2.5 V        ;                     ; Column I/O   ; N               ; no       ; Off          ;
; AG7      ;            ;                ; GND                             ; gnd    ;              ;                     ; --           ;                 ; --       ; --           ;
; AG8      ; 134        ; 4A             ; readdata[26]                    ; output ; 2.5 V        ;                     ; Column I/O   ; N               ; no       ; Off          ;
; AG9      ; 139        ; 4A             ; byteenable[2]                   ; input  ; 2.5 V        ;                     ; Column I/O   ; N               ; no       ; Off          ;
; AG10     ; 142        ; 4A             ; readdata[8]                     ; output ; 2.5 V        ;                     ; Column I/O   ; N               ; no       ; Off          ;
; AG11     ; 147        ; 4A             ; readdata[23]                    ; output ; 2.5 V        ;                     ; Column I/O   ; N               ; no       ; Off          ;
; AG12     ;            ; 4A             ; VCCIO4A                         ; power  ;              ; 2.5V                ; --           ;                 ; --       ; --           ;
; AG13     ; 135        ; 4A             ; address[1]                      ; input  ; 2.5 V        ;                     ; Column I/O   ; N               ; no       ; Off          ;
; AG14     ; 155        ; 4A             ; readdata[10]                    ; output ; 2.5 V        ;                     ; Column I/O   ; N               ; no       ; Off          ;
; AG15     ; 158        ; 4A             ; irq                             ; output ; 2.5 V        ;                     ; Column I/O   ; N               ; no       ; Off          ;
; AG16     ; 149        ; 4A             ; address[7]                      ; input  ; 2.5 V        ;                     ; Column I/O   ; N               ; no       ; Off          ;
; AG17     ;            ;                ; GND                             ; gnd    ;              ;                     ; --           ;                 ; --       ; --           ;
; AG18     ; 171        ; 4A             ; RESERVED_INPUT_WITH_WEAK_PULLUP ;        ;              ;                     ; Column I/O   ;                 ; no       ; On           ;
; AG19     ; 174        ; 4A             ; writedata[27]                   ; input  ; 2.5 V        ;                     ; Column I/O   ; N               ; no       ; Off          ;
; AG20     ; 177        ; 4A             ; readdata[12]                    ; output ; 2.5 V        ;                     ; Column I/O   ; N               ; no       ; Off          ;
; AG21     ; 182        ; 4A             ; RESERVED_INPUT_WITH_WEAK_PULLUP ;        ;              ;                     ; Column I/O   ;                 ; no       ; On           ;
; AG22     ;            ; 4A             ; VCCIO4A                         ; power  ;              ; 2.5V                ; --           ;                 ; --       ; --           ;
; AG23     ; 191        ; 4A             ; RESERVED_INPUT_WITH_WEAK_PULLUP ;        ;              ;                     ; Column I/O   ;                 ; no       ; On           ;
; AG24     ; 195        ; 4A             ; RESERVED_INPUT_WITH_WEAK_PULLUP ;        ;              ;                     ; Column I/O   ;                 ; no       ; On           ;
; AG25     ; 205        ; 4A             ; RESERVED_INPUT_WITH_WEAK_PULLUP ;        ;              ;                     ; Column I/O   ;                 ; no       ; On           ;
; AG26     ; 198        ; 4A             ; RESERVED_INPUT_WITH_WEAK_PULLUP ;        ;              ;                     ; Column I/O   ;                 ; no       ; On           ;
; AG27     ;            ;                ; GND                             ; gnd    ;              ;                     ; --           ;                 ; --       ; --           ;
; AG28     ; 206        ; 4A             ; readdata[17]                    ; output ; 2.5 V        ;                     ; Column I/O   ; N               ; no       ; Off          ;
; AH2      ; 121        ; 3B             ; writedata[23]                   ; input  ; 2.5 V        ;                     ; Column I/O   ; N               ; no       ; Off          ;
; AH3      ; 123        ; 3B             ; writedata[11]                   ; input  ; 2.5 V        ;                     ; Column I/O   ; N               ; no       ; Off          ;
; AH4      ; 124        ; 3B             ; writedata[18]                   ; input  ; 2.5 V        ;                     ; Column I/O   ; N               ; no       ; Off          ;
; AH5      ; 129        ; 3B             ; writedata[17]                   ; input  ; 2.5 V        ;                     ; Column I/O   ; N               ; no       ; Off          ;
; AH6      ; 131        ; 3B             ; readdata[27]                    ; output ; 2.5 V        ;                     ; Column I/O   ; N               ; no       ; Off          ;
; AH7      ; 132        ; 4A             ; address[0]                      ; input  ; 2.5 V        ;                     ; Column I/O   ; N               ; no       ; Off          ;
; AH8      ; 137        ; 4A             ; byteenable[0]                   ; input  ; 2.5 V        ;                     ; Column I/O   ; N               ; no       ; Off          ;
; AH9      ; 140        ; 4A             ; readdata[7]                     ; output ; 2.5 V        ;                     ; Column I/O   ; N               ; no       ; Off          ;
; AH10     ;            ;                ; GND                             ; gnd    ;              ;                     ; --           ;                 ; --       ; --           ;
; AH11     ; 145        ; 4A             ; readdata[11]                    ; output ; 2.5 V        ;                     ; Column I/O   ; N               ; no       ; Off          ;
; AH12     ; 150        ; 4A             ; readdata[2]                     ; output ; 2.5 V        ;                     ; Column I/O   ; N               ; no       ; Off          ;
; AH13     ; 153        ; 4A             ; address[6]                      ; input  ; 2.5 V        ;                     ; Column I/O   ; N               ; no       ; Off          ;
; AH14     ; 156        ; 4A             ; readdata[1]                     ; output ; 2.5 V        ;                     ; Column I/O   ; N               ; no       ; Off          ;
; AH15     ;            ; 4A             ; VCCIO4A                         ; power  ;              ; 2.5V                ; --           ;                 ; --       ; --           ;
; AH16     ; 161        ; 4A             ; readdata[20]                    ; output ; 2.5 V        ;                     ; Column I/O   ; N               ; no       ; Off          ;
; AH17     ; 163        ; 4A             ; RESERVED_INPUT_WITH_WEAK_PULLUP ;        ;              ;                     ; Column I/O   ;                 ; no       ; On           ;
; AH18     ; 169        ; 4A             ; RESERVED_INPUT_WITH_WEAK_PULLUP ;        ;              ;                     ; Column I/O   ;                 ; no       ; On           ;
; AH19     ; 172        ; 4A             ; RESERVED_INPUT_WITH_WEAK_PULLUP ;        ;              ;                     ; Column I/O   ;                 ; no       ; On           ;
; AH20     ;            ;                ; GND                             ; gnd    ;              ;                     ; --           ;                 ; --       ; --           ;
; AH21     ; 185        ; 4A             ; RESERVED_INPUT_WITH_WEAK_PULLUP ;        ;              ;                     ; Column I/O   ;                 ; no       ; On           ;
; AH22     ; 188        ; 4A             ; readdata[29]                    ; output ; 2.5 V        ;                     ; Column I/O   ; N               ; no       ; Off          ;
; AH23     ; 190        ; 4A             ; RESERVED_INPUT_WITH_WEAK_PULLUP ;        ;              ;                     ; Column I/O   ;                 ; no       ; On           ;
; AH24     ; 193        ; 4A             ; readdata[6]                     ; output ; 2.5 V        ;                     ; Column I/O   ; N               ; no       ; Off          ;
; AH25     ;            ; 4A             ; VCCIO4A                         ; power  ;              ; 2.5V                ; --           ;                 ; --       ; --           ;
; AH26     ; 201        ; 4A             ; RESERVED_INPUT_WITH_WEAK_PULLUP ;        ;              ;                     ; Column I/O   ;                 ; no       ; On           ;
; AH27     ; 204        ; 4A             ; RESERVED_INPUT_WITH_WEAK_PULLUP ;        ;              ;                     ; Column I/O   ;                 ; no       ; On           ;
; B1       ;            ;                ; GND                             ;        ;              ;                     ; --           ;                 ; --       ; --           ;
; B2       ;            ;                ; DNU                             ;        ;              ;                     ; --           ;                 ; --       ; --           ;
; B3       ;            ;                ; GND                             ; gnd    ;              ;                     ; --           ;                 ; --       ; --           ;
; B4       ; 437        ; 7C             ; RESERVED_INPUT_WITH_WEAK_PULLUP ;        ;              ;                     ; Column I/O   ;                 ; no       ; On           ;
; B5       ;            ;                ; GND                             ; gnd    ;              ;                     ; --           ;                 ; --       ; --           ;
; B6       ; 433        ; 7C             ; RESERVED_INPUT_WITH_WEAK_PULLUP ;        ;              ;                     ; Column I/O   ;                 ; no       ; On           ;
; B7       ;            ;                ; GND                             ; gnd    ;              ;                     ; --           ;                 ; --       ; --           ;
; B8       ; 439        ; 7C             ; RESERVED_INPUT_WITH_WEAK_PULLUP ;        ;              ;                     ; Column I/O   ;                 ; no       ; On           ;
; B9       ; 441        ; 7C             ; RESERVED_INPUT_WITH_WEAK_PULLUP ;        ;              ;                     ; Column I/O   ;                 ; no       ; On           ;
; B10      ;            ; 7C             ; VCCIO7C_HPS                     ; power  ;              ; 2.5V                ; --           ;                 ; --       ; --           ;
; B11      ; 440        ; 7C             ; RESERVED_INPUT_WITH_WEAK_PULLUP ;        ;              ;                     ; Column I/O   ;                 ; no       ; On           ;
; B12      ; 438        ; 7C             ; RESERVED_INPUT_WITH_WEAK_PULLUP ;        ;              ;                     ; Column I/O   ;                 ; no       ; On           ;
; B13      ;            ; 7B             ; VCCIO7B_HPS                     ; power  ;              ; 2.5V                ; --           ;                 ; --       ; --           ;
; B14      ; 427        ; 7B             ; RESERVED_INPUT_WITH_WEAK_PULLUP ;        ;              ;                     ; Column I/O   ;                 ; no       ; On           ;
; B15      ;            ;                ; GND                             ; gnd    ;              ;                     ; --           ;                 ; --       ; --           ;
; B16      ; 402        ; 7A             ; RESERVED_INPUT_WITH_WEAK_PULLUP ;        ;              ;                     ; Column I/O   ;                 ; no       ; On           ;
; B17      ;            ;                ; GND                             ; gnd    ;              ;                     ; --           ;                 ; --       ; --           ;
; B18      ; 397        ; 7A             ; RESERVED_INPUT_WITH_WEAK_PULLUP ;        ;              ;                     ; Column I/O   ;                 ; no       ; On           ;
; B19      ; 403        ; 7A             ; RESERVED_INPUT_WITH_WEAK_PULLUP ;        ;              ;                     ; Column I/O   ;                 ; no       ; On           ;
; B20      ;            ;                ; GND                             ; gnd    ;              ;                     ; --           ;                 ; --       ; --           ;
; B21      ; 388        ; 7A             ; RESERVED_INPUT_WITH_WEAK_PULLUP ;        ;              ;                     ; Column I/O   ;                 ; no       ; On           ;
; B22      ;            ;                ; GND                             ; gnd    ;              ;                     ; --           ;                 ; --       ; --           ;
; B23      ; 376        ; 7A             ; ^HPS_TDO                        ;        ;              ;                     ; --           ;                 ; --       ; --           ;
; B24      ; 363        ; 6A             ; RESERVED_INPUT_WITH_WEAK_PULLUP ;        ;              ;                     ; Row I/O      ;                 ; no       ; On           ;
; B25      ;            ;                ; GND                             ; gnd    ;              ;                     ; --           ;                 ; --       ; --           ;
; B26      ; 351        ; 6A             ; RESERVED_INPUT_WITH_WEAK_PULLUP ;        ;              ;                     ; Row I/O      ;                 ; no       ; On           ;
; B27      ;            ;                ; GND                             ; gnd    ;              ;                     ; --           ;                 ; --       ; --           ;
; B28      ; 343        ; 6A             ; RESERVED_INPUT_WITH_WEAK_PULLUP ;        ;              ;                     ; Row I/O      ;                 ; no       ; On           ;
; C1       ;            ;                ; GND                             ; gnd    ;              ;                     ; --           ;                 ; --       ; --           ;
; C2       ;            ;                ; GND                             ; gnd    ;              ;                     ; --           ;                 ; --       ; --           ;
; C3       ;            ;                ; GND                             ; gnd    ;              ;                     ; --           ;                 ; --       ; --           ;
; C4       ; 446        ; 7D             ; RESERVED_INPUT_WITH_WEAK_PULLUP ;        ;              ;                     ; Column I/O   ;                 ; no       ; On           ;
; C5       ; 453        ; 7D             ; RESERVED_INPUT_WITH_WEAK_PULLUP ;        ;              ;                     ; Column I/O   ;                 ; no       ; On           ;
; C6       ; 451        ; 7D             ; RESERVED_INPUT_WITH_WEAK_PULLUP ;        ;              ;                     ; Column I/O   ;                 ; no       ; On           ;
; C7       ; 449        ; 7D             ; RESERVED_INPUT_WITH_WEAK_PULLUP ;        ;              ;                     ; Column I/O   ;                 ; no       ; On           ;
; C8       ; 447        ; 7D             ; RESERVED_INPUT_WITH_WEAK_PULLUP ;        ;              ;                     ; Column I/O   ;                 ; no       ; On           ;
; C9       ; 445        ; 7D             ; RESERVED_INPUT_WITH_WEAK_PULLUP ;        ;              ;                     ; Column I/O   ;                 ; no       ; On           ;
; C10      ; 443        ; 7D             ; RESERVED_INPUT_WITH_WEAK_PULLUP ;        ;              ;                     ; Column I/O   ;                 ; no       ; On           ;
; C11      ;            ;                ; GND                             ; gnd    ;              ;                     ; --           ;                 ; --       ; --           ;
; C12      ; 460        ; 8A             ; readdata[21]                    ; output ; 2.5 V        ;                     ; Column I/O   ; N               ; no       ; Off          ;
; C13      ; 432        ; 7C             ; RESERVED_INPUT_WITH_WEAK_PULLUP ;        ;              ;                     ; Column I/O   ;                 ; no       ; On           ;
; C14      ; 426        ; 7B             ; RESERVED_INPUT_WITH_WEAK_PULLUP ;        ;              ;                     ; Column I/O   ;                 ; no       ; On           ;
; C15      ; 418        ; 7B             ; RESERVED_INPUT_WITH_WEAK_PULLUP ;        ;              ;                     ; Column I/O   ;                 ; no       ; On           ;
; C16      ; 404        ; 7A             ; RESERVED_INPUT_WITH_WEAK_PULLUP ;        ;              ;                     ; Column I/O   ;                 ; no       ; On           ;
; C17      ; 396        ; 7A             ; RESERVED_INPUT_WITH_WEAK_PULLUP ;        ;              ;                     ; Column I/O   ;                 ; no       ; On           ;
; C18      ; 394        ; 7A             ; RESERVED_INPUT_WITH_WEAK_PULLUP ;        ;              ;                     ; Column I/O   ;                 ; no       ; On           ;
; C19      ; 401        ; 7A             ; RESERVED_INPUT_WITH_WEAK_PULLUP ;        ;              ;                     ; Column I/O   ;                 ; no       ; On           ;
; C20      ;            ; 7A             ; VCCIO7A_HPS                     ; power  ;              ; 2.5V                ; --           ;                 ; --       ; --           ;
; C21      ; 386        ; 7A             ; RESERVED_INPUT_WITH_WEAK_PULLUP ;        ;              ;                     ; Column I/O   ;                 ; no       ; On           ;
; C22      ; 380        ; 7A             ; ^HPS_TRST                       ;        ;              ;                     ; --           ;                 ; --       ; --           ;
; C23      ; 378        ; 7A             ; ^HPS_TMS                        ;        ;              ;                     ; --           ;                 ; --       ; --           ;
; C24      ; 367        ; 6A             ; RESERVED_INPUT_WITH_WEAK_PULLUP ;        ;              ;                     ; Row I/O      ;                 ; no       ; On           ;
; C25      ;            ; 6A             ; VCCIO6A_HPS                     ; power  ;              ; 2.5V                ; --           ;                 ; --       ; --           ;
; C26      ; 349        ; 6A             ; RESERVED_INPUT_WITH_WEAK_PULLUP ;        ;              ;                     ; Row I/O      ;                 ; no       ; On           ;
; C27      ;            ; 6A             ; VCCIO6A_HPS                     ; power  ;              ; 2.5V                ; --           ;                 ; --       ; --           ;
; C28      ; 341        ; 6A             ; RESERVED_INPUT_WITH_WEAK_PULLUP ;        ;              ;                     ; Row I/O      ;                 ; no       ; On           ;
; D1       ;            ;                ; DNU                             ;        ;              ;                     ; --           ;                 ; --       ; --           ;
; D2       ;            ;                ; DNU                             ;        ;              ;                     ; --           ;                 ; --       ; --           ;
; D3       ;            ;                ; GND                             ; gnd    ;              ;                     ; --           ;                 ; --       ; --           ;
; D4       ; 448        ; 7D             ; RESERVED_INPUT_WITH_WEAK_PULLUP ;        ;              ;                     ; Column I/O   ;                 ; no       ; On           ;
; D5       ; 455        ; 7D             ; RESERVED_INPUT_WITH_WEAK_PULLUP ;        ;              ;                     ; Column I/O   ;                 ; no       ; On           ;
; D6       ;            ; 7D             ; VCCIO7D_HPS                     ; power  ;              ; 2.5V                ; --           ;                 ; --       ; --           ;
; D7       ;            ; --             ; VCCBAT                          ; power  ;              ; 1.2V                ; --           ;                 ; --       ; --           ;
; D8       ; 465        ; 8A             ; RESERVED_INPUT_WITH_WEAK_PULLUP ;        ;              ;                     ; Column I/O   ;                 ; no       ; On           ;
; D9       ;            ; 8A             ; VREFB8AN0                       ; power  ;              ;                     ; --           ;                 ; --       ; --           ;
; D10      ;            ;                ; GND                             ; gnd    ;              ;                     ; --           ;                 ; --       ; --           ;
; D11      ; 476        ; 8A             ; RESERVED_INPUT_WITH_WEAK_PULLUP ;        ;              ;                     ; Column I/O   ;                 ; no       ; On           ;
; D12      ; 458        ; 8A             ; readdata[28]                    ; output ; 2.5 V        ;                     ; Column I/O   ; N               ; no       ; Off          ;
; D13      ;            ;                ; GND                             ; gnd    ;              ;                     ; --           ;                 ; --       ; --           ;
; D14      ; 430        ; 7C             ; RESERVED_INPUT_WITH_WEAK_PULLUP ;        ;              ;                     ; Column I/O   ;                 ; no       ; On           ;
; D15      ; 420        ; 7B             ; RESERVED_INPUT_WITH_WEAK_PULLUP ;        ;              ;                     ; Column I/O   ;                 ; no       ; On           ;
; D16      ;            ;                ; GND                             ; gnd    ;              ;                     ; --           ;                 ; --       ; --           ;
; D17      ; 410        ; 7B             ; RESERVED_INPUT_WITH_WEAK_PULLUP ;        ;              ;                     ; Column I/O   ;                 ; no       ; On           ;
; D18      ;            ; 7A             ; VCCIO7A_HPS                     ; power  ;              ; 2.5V                ; --           ;                 ; --       ; --           ;
; D19      ;            ; 7A, 7B, 7C, 7D ; VREFB7A7B7C7DN0_HPS             ; power  ;              ;                     ; --           ;                 ; --       ; --           ;
; D20      ; 385        ; 7A             ; ^HPS_CLK2                       ;        ;              ;                     ; --           ;                 ; --       ; --           ;
; D21      ; 382        ; 7A             ; ^GND                            ;        ;              ;                     ; --           ;                 ; --       ; --           ;
; D22      ; 381        ; 7A             ; ^HPS_TDI                        ;        ;              ;                     ; --           ;                 ; --       ; --           ;
; D23      ;            ;                ; DNU                             ;        ;              ;                     ; --           ;                 ; --       ; --           ;
; D24      ; 365        ; 6A             ; RESERVED_INPUT_WITH_WEAK_PULLUP ;        ;              ;                     ; Row I/O      ;                 ; no       ; On           ;
; D25      ; 371        ; 6A             ; HPS_RZQ_0                       ;        ;              ;                     ; --           ;                 ; no       ; On           ;
; D26      ; 347        ; 6A             ; RESERVED_INPUT_WITH_WEAK_PULLUP ;        ;              ;                     ; Row I/O      ;                 ; no       ; On           ;
; D27      ; 335        ; 6A             ; RESERVED_INPUT_WITH_WEAK_PULLUP ;        ;              ;                     ; Row I/O      ;                 ; no       ; On           ;
; D28      ; 333        ; 6A             ; RESERVED_INPUT_WITH_WEAK_PULLUP ;        ;              ;                     ; Row I/O      ;                 ; no       ; On           ;
; E1       ;            ;                ; GND                             ; gnd    ;              ;                     ; --           ;                 ; --       ; --           ;
; E2       ;            ;                ; GND                             ; gnd    ;              ;                     ; --           ;                 ; --       ; --           ;
; E3       ;            ;                ; GND                             ; gnd    ;              ;                     ; --           ;                 ; --       ; --           ;
; E4       ; 442        ; 7D             ; RESERVED_INPUT_WITH_WEAK_PULLUP ;        ;              ;                     ; Column I/O   ;                 ; no       ; On           ;
; E5       ; 454        ; 7D             ; RESERVED_INPUT_WITH_WEAK_PULLUP ;        ;              ;                     ; Column I/O   ;                 ; no       ; On           ;
; E6       ; 542        ; 9A             ; ^nCE                            ;        ;              ;                     ; --           ;                 ; --       ; --           ;
; E7       ;            ; 8A             ; VCCIO8A                         ; power  ;              ; 2.5V                ; --           ;                 ; --       ; --           ;
; E8       ; 463        ; 8A             ; RESERVED_INPUT_WITH_WEAK_PULLUP ;        ;              ;                     ; Column I/O   ;                 ; no       ; On           ;
; E9       ;            ;                ; GND                             ; gnd    ;              ;                     ; --           ;                 ; --       ; --           ;
; E10      ;            ; 8A             ; VCCPD8A                         ; power  ;              ; 2.5V                ; --           ;                 ; --       ; --           ;
; E11      ; 474        ; 8A             ; RESERVED_INPUT_WITH_WEAK_PULLUP ;        ;              ;                     ; Column I/O   ;                 ; no       ; On           ;
; E12      ;            ;                ; DNU                             ;        ;              ;                     ; --           ;                 ; --       ; --           ;
; E13      ;            ; 7D             ; VCCPD7D_HPS                     ; power  ;              ; 2.5V                ; --           ;                 ; --       ; --           ;
; E14      ;            ; 7C             ; VCCPD7C_HPS                     ; power  ;              ; 2.5V                ; --           ;                 ; --       ; --           ;
; E15      ;            ; --             ; VCC_AUX                         ; power  ;              ; 2.5V                ; --           ;                 ; --       ; --           ;
; E16      ; 412        ; 7B             ; RESERVED_INPUT_WITH_WEAK_PULLUP ;        ;              ;                     ; Column I/O   ;                 ; no       ; On           ;
; E17      ;            ; 7B             ; VCCPD7B_HPS                     ; power  ;              ; 2.5V                ; --           ;                 ; --       ; --           ;
; E18      ; 383        ; 7A             ; ^HPS_PORSEL                     ;        ;              ;                     ; --           ;                 ; --       ; --           ;
; E19      ;            ;                ; GND                             ; gnd    ;              ;                     ; --           ;                 ; --       ; --           ;
; E20      ; 384        ; 7A             ; ^HPS_CLK1                       ;        ;              ;                     ; --           ;                 ; --       ; --           ;
; E21      ;            ; 7A             ; VCCPD7A_HPS                     ; power  ;              ; 2.5V                ; --           ;                 ; --       ; --           ;
; E22      ;            ;                ; GND                             ; gnd    ;              ;                     ; --           ;                 ; --       ; --           ;
; E23      ; 373        ; 7A             ; ^GND                            ;        ;              ;                     ; --           ;                 ; --       ; --           ;
; E24      ;            ;                ; GND                             ; gnd    ;              ;                     ; --           ;                 ; --       ; --           ;
; E25      ; 369        ; 6A             ; RESERVED_INPUT_WITH_WEAK_PULLUP ;        ;              ;                     ; Row I/O      ;                 ; no       ; On           ;
; E26      ; 345        ; 6A             ; RESERVED_INPUT_WITH_WEAK_PULLUP ;        ;              ;                     ; Row I/O      ;                 ; no       ; On           ;
; E27      ;            ;                ; GND                             ; gnd    ;              ;                     ; --           ;                 ; --       ; --           ;
; E28      ; 337        ; 6A             ; RESERVED_INPUT_WITH_WEAK_PULLUP ;        ;              ;                     ; Row I/O      ;                 ; no       ; On           ;
; F1       ;            ;                ; GND                             ; gnd    ;              ;                     ; --           ;                 ; --       ; --           ;
; F2       ;            ;                ; GND                             ; gnd    ;              ;                     ; --           ;                 ; --       ; --           ;
; F3       ;            ;                ; GND                             ; gnd    ;              ;                     ; --           ;                 ; --       ; --           ;
; F4       ; 450        ; 7D             ; RESERVED_INPUT_WITH_WEAK_PULLUP ;        ;              ;                     ; Column I/O   ;                 ; no       ; On           ;
; F5       ; 444        ; 7D             ; RESERVED_INPUT_WITH_WEAK_PULLUP ;        ;              ;                     ; Column I/O   ;                 ; no       ; On           ;
; F6       ; 547        ; 9A             ; ^GND                            ;        ;              ;                     ; --           ;                 ; --       ; --           ;
; F7       ; 545        ; 9A             ; ^nCONFIG                        ;        ;              ;                     ; --           ;                 ; --       ; --           ;
; F8       ;            ; --             ; VCC_AUX                         ; power  ;              ; 2.5V                ; --           ;                 ; --       ; --           ;
; F21      ;            ; --             ; VCC_AUX_SHARED                  ; power  ;              ; 2.5V                ; --           ;                 ; --       ; --           ;
; F22      ;            ; --             ; VCCRSTCLK_HPS                   ; power  ;              ; 1.8V/2.5V/3.0V/3.3V ; --           ;                 ; --       ; --           ;
; F23      ; 372        ; 7A             ; ^GND                            ;        ;              ;                     ; --           ;                 ; --       ; --           ;
; F24      ; 370        ; 6A             ; RESERVED_INPUT_WITH_WEAK_PULLUP ;        ;              ;                     ; Row I/O      ;                 ; no       ; On           ;
; F25      ; 362        ; 6A             ; RESERVED_INPUT_WITH_WEAK_PULLUP ;        ;              ;                     ; Row I/O      ;                 ; no       ; On           ;
; F26      ; 360        ; 6A             ; RESERVED_INPUT_WITH_WEAK_PULLUP ;        ;              ;                     ; Row I/O      ;                 ; no       ; On           ;
; F27      ;            ; 6A             ; VCCIO6A_HPS                     ; power  ;              ; 2.5V                ; --           ;                 ; --       ; --           ;
; F28      ; 327        ; 6A             ; RESERVED_INPUT_WITH_WEAK_PULLUP ;        ;              ;                     ; Row I/O      ;                 ; no       ; On           ;
; G1       ;            ;                ; GND                             ; gnd    ;              ;                     ; --           ;                 ; --       ; --           ;
; G2       ;            ;                ; GND                             ; gnd    ;              ;                     ; --           ;                 ; --       ; --           ;
; G3       ;            ;                ; GND                             ; gnd    ;              ;                     ; --           ;                 ; --       ; --           ;
; G4       ; 452        ; 7D             ; RESERVED_INPUT_WITH_WEAK_PULLUP ;        ;              ;                     ; Column I/O   ;                 ; no       ; On           ;
; G5       ;            ; 7D             ; VCCIO7D_HPS                     ; power  ;              ; 2.5V                ; --           ;                 ; --       ; --           ;
; G6       ; 543        ; 9A             ; ^MSEL2                          ;        ;              ;                     ; --           ;                 ; --       ; --           ;
; G23      ; 368        ; 6A             ; RESERVED_INPUT_WITH_WEAK_PULLUP ;        ;              ;                     ; Row I/O      ;                 ; no       ; On           ;
; G24      ;            ; 6A             ; VCCIO6A_HPS                     ; power  ;              ; 2.5V                ; --           ;                 ; --       ; --           ;
; G25      ; 354        ; 6A             ; RESERVED_INPUT_WITH_WEAK_PULLUP ;        ;              ;                     ; Row I/O      ;                 ; no       ; On           ;
; G26      ; 331        ; 6A             ; RESERVED_INPUT_WITH_WEAK_PULLUP ;        ;              ;                     ; Row I/O      ;                 ; no       ; On           ;
; G27      ; 329        ; 6A             ; RESERVED_INPUT_WITH_WEAK_PULLUP ;        ;              ;                     ; Row I/O      ;                 ; no       ; On           ;
; G28      ; 325        ; 6A             ; RESERVED_INPUT_WITH_WEAK_PULLUP ;        ;              ;                     ; Row I/O      ;                 ; no       ; On           ;
; H1       ;            ;                ; DNU                             ;        ;              ;                     ; --           ;                 ; --       ; --           ;
; H2       ;            ;                ; DNU                             ;        ;              ;                     ; --           ;                 ; --       ; --           ;
; H3       ;            ;                ; GND                             ; gnd    ;              ;                     ; --           ;                 ; --       ; --           ;
; H4       ;            ;                ; GND                             ; gnd    ;              ;                     ; --           ;                 ; --       ; --           ;
; H5       ;            ;                ; GND                             ; gnd    ;              ;                     ; --           ;                 ; --       ; --           ;
; H6       ;            ;                ; GND                             ; gnd    ;              ;                     ; --           ;                 ; --       ; --           ;
; H8       ; 541        ; 9A             ; ^nSTATUS                        ;        ;              ;                     ; --           ;                 ; --       ; --           ;
; H9       ; 540        ; 9A             ; ^MSEL1                          ;        ;              ;                     ; --           ;                 ; --       ; --           ;
; H10      ;            ; --             ; VCCPGM                          ; power  ;              ; 1.8V/2.5V/3.0V/3.3V ; --           ;                 ; --       ; --           ;
; H11      ;            ;                ; GND                             ; gnd    ;              ;                     ; --           ;                 ; --       ; --           ;
; H12      ; 436        ; 7C             ; RESERVED_INPUT_WITH_WEAK_PULLUP ;        ;              ;                     ; Column I/O   ;                 ; no       ; On           ;
; H13      ; 434        ; 7C             ; RESERVED_INPUT_WITH_WEAK_PULLUP ;        ;              ;                     ; Column I/O   ;                 ; no       ; On           ;
; H14      ;            ; 7B             ; VCCIO7B_HPS                     ; power  ;              ; 2.5V                ; --           ;                 ; --       ; --           ;
; H15      ;            ;                ; GND                             ; gnd    ;              ;                     ; --           ;                 ; --       ; --           ;
; H16      ; 422        ; 7B             ; RESERVED_INPUT_WITH_WEAK_PULLUP ;        ;              ;                     ; Column I/O   ;                 ; no       ; On           ;
; H17      ; 400        ; 7A             ; RESERVED_INPUT_WITH_WEAK_PULLUP ;        ;              ;                     ; Column I/O   ;                 ; no       ; On           ;
; H18      ;            ;                ; GND                             ; gnd    ;              ;                     ; --           ;                 ; --       ; --           ;
; H19      ; 375        ; 7A             ; ^HPS_nPOR                       ;        ;              ;                     ; --           ;                 ; --       ; --           ;
; H20      ;            ;                ; GND                             ; gnd    ;              ;                     ; --           ;                 ; --       ; --           ;
; H21      ;            ; 6A             ; VCCIO6A_HPS                     ; power  ;              ; 2.5V                ; --           ;                 ; --       ; --           ;
; H23      ;            ; --             ; VCCPLL_HPS                      ; power  ;              ; 2.5V                ; --           ;                 ; --       ; --           ;
; H24      ;            ;                ; GND                             ; gnd    ;              ;                     ; --           ;                 ; --       ; --           ;
; H25      ; 352        ; 6A             ; RESERVED_INPUT_WITH_WEAK_PULLUP ;        ;              ;                     ; Row I/O      ;                 ; no       ; On           ;
; H26      ;            ; 6A             ; VCCIO6A_HPS                     ; power  ;              ; 2.5V                ; --           ;                 ; --       ; --           ;
; H27      ;            ;                ; GND                             ; gnd    ;              ;                     ; --           ;                 ; --       ; --           ;
; H28      ; 339        ; 6A             ; RESERVED_INPUT_WITH_WEAK_PULLUP ;        ;              ;                     ; Row I/O      ;                 ; --       ; --           ;
; J1       ;            ;                ; GND                             ; gnd    ;              ;                     ; --           ;                 ; --       ; --           ;
; J2       ;            ;                ; GND                             ; gnd    ;              ;                     ; --           ;                 ; --       ; --           ;
; J3       ;            ;                ; GND                             ; gnd    ;              ;                     ; --           ;                 ; --       ; --           ;
; J4       ;            ; --             ; VCCA_FPLL                       ; power  ;              ; 2.5V                ; --           ;                 ; --       ; --           ;
; J5       ;            ;                ; GND                             ; gnd    ;              ;                     ; --           ;                 ; --       ; --           ;
; J8       ; 539        ; 9A             ; ^CONF_DONE                      ;        ;              ;                     ; --           ;                 ; --       ; --           ;
; J9       ;            ;                ; GND                             ; gnd    ;              ;                     ; --           ;                 ; --       ; --           ;
; J10      ; 538        ; 9A             ; ^MSEL0                          ;        ;              ;                     ; --           ;                 ; --       ; --           ;
; J11      ;            ; --             ; VCC                             ; power  ;              ; 1.1V                ; --           ;                 ; --       ; --           ;
; J12      ; 416        ; 7B             ; RESERVED_INPUT_WITH_WEAK_PULLUP ;        ;              ;                     ; Column I/O   ;                 ; no       ; On           ;
; J13      ; 414        ; 7B             ; RESERVED_INPUT_WITH_WEAK_PULLUP ;        ;              ;                     ; Column I/O   ;                 ; no       ; On           ;
; J14      ; 408        ; 7B             ; RESERVED_INPUT_WITH_WEAK_PULLUP ;        ;              ;                     ; Column I/O   ;                 ; no       ; On           ;
; J15      ; 406        ; 7B             ; RESERVED_INPUT_WITH_WEAK_PULLUP ;        ;              ;                     ; Column I/O   ;                 ; no       ; On           ;
; J16      ; 424        ; 7B             ; RESERVED_INPUT_WITH_WEAK_PULLUP ;        ;              ;                     ; Column I/O   ;                 ; no       ; On           ;
; J17      ; 398        ; 7A             ; RESERVED_INPUT_WITH_WEAK_PULLUP ;        ;              ;                     ; Column I/O   ;                 ; no       ; On           ;
; J18      ; 392        ; 7A             ; RESERVED_INPUT_WITH_WEAK_PULLUP ;        ;              ;                     ; Column I/O   ;                 ; no       ; On           ;
; J19      ; 377        ; 7A             ; ^VCCRSTCLK_HPS                  ;        ;              ;                     ; --           ;                 ; --       ; --           ;
; J20      ; 346        ; 6A             ; RESERVED_INPUT_WITH_WEAK_PULLUP ;        ;              ;                     ; Row I/O      ;                 ; no       ; On           ;
; J21      ; 344        ; 6A             ; RESERVED_INPUT_WITH_WEAK_PULLUP ;        ;              ;                     ; Row I/O      ;                 ; no       ; On           ;
; J24      ; 336        ; 6A             ; RESERVED_INPUT_WITH_WEAK_PULLUP ;        ;              ;                     ; Row I/O      ;                 ; no       ; On           ;
; J25      ; 338        ; 6A             ; RESERVED_INPUT_WITH_WEAK_PULLUP ;        ;              ;                     ; Row I/O      ;                 ; no       ; On           ;
; J26      ; 330        ; 6A             ; RESERVED_INPUT_WITH_WEAK_PULLUP ;        ;              ;                     ; Row I/O      ;                 ; no       ; On           ;
; J27      ; 321        ; 6A             ; RESERVED_INPUT_WITH_WEAK_PULLUP ;        ;              ;                     ; Row I/O      ;                 ; no       ; On           ;
; J28      ; 319        ; 6A             ; RESERVED_INPUT_WITH_WEAK_PULLUP ;        ;              ;                     ; Row I/O      ;                 ; no       ; On           ;
; K1       ;            ;                ; GND                             ; gnd    ;              ;                     ; --           ;                 ; --       ; --           ;
; K2       ;            ;                ; GND                             ; gnd    ;              ;                     ; --           ;                 ; --       ; --           ;
; K3       ;            ;                ; GND                             ; gnd    ;              ;                     ; --           ;                 ; --       ; --           ;
; K4       ;            ;                ; GND                             ; gnd    ;              ;                     ; --           ;                 ; --       ; --           ;
; K5       ;            ; --             ; VCCA_FPLL                       ; power  ;              ; 2.5V                ; --           ;                 ; --       ; --           ;
; K8       ;            ;                ; GND                             ; gnd    ;              ;                     ; --           ;                 ; --       ; --           ;
; K9       ; 546        ; 9A             ; ^MSEL4                          ;        ;              ;                     ; --           ;                 ; --       ; --           ;
; K10      ; 544        ; 9A             ; ^MSEL3                          ;        ;              ;                     ; --           ;                 ; --       ; --           ;
; K11      ;            ;                ; GND                             ; gnd    ;              ;                     ; --           ;                 ; --       ; --           ;
; K12      ;            ;                ; GND                             ; gnd    ;              ;                     ; --           ;                 ; --       ; --           ;
; K13      ;            ; --             ; VCC                             ; power  ;              ; 1.1V                ; --           ;                 ; --       ; --           ;
; K14      ;            ;                ; GND                             ; gnd    ;              ;                     ; --           ;                 ; --       ; --           ;
; K15      ;            ; --             ; VCC                             ; power  ;              ; 1.1V                ; --           ;                 ; --       ; --           ;
; K16      ;            ;                ; GND                             ; gnd    ;              ;                     ; --           ;                 ; --       ; --           ;
; K17      ;            ; --             ; VCC_HPS                         ; power  ;              ; 1.1V                ; --           ;                 ; --       ; --           ;
; K18      ; 390        ; 7A             ; RESERVED_INPUT_WITH_WEAK_PULLUP ;        ;              ;                     ; Column I/O   ;                 ; no       ; On           ;
; K19      ; 379        ; 7A             ; ^HPS_TCK                        ;        ;              ;                     ; --           ;                 ; --       ; --           ;
; K20      ;            ;                ; GND                             ; gnd    ;              ;                     ; --           ;                 ; --       ; --           ;
; K21      ;            ; 6A, 6B         ; VCCPD6A6B_HPS                   ; power  ;              ; 2.5V                ; --           ;                 ; --       ; --           ;
; K24      ;            ; 6A, 6B         ; VCCPD6A6B_HPS                   ; power  ;              ; 2.5V                ; --           ;                 ; --       ; --           ;
; K25      ; 322        ; 6A             ; RESERVED_INPUT_WITH_WEAK_PULLUP ;        ;              ;                     ; Row I/O      ;                 ; no       ; On           ;
; K26      ; 328        ; 6A             ; RESERVED_INPUT_WITH_WEAK_PULLUP ;        ;              ;                     ; Row I/O      ;                 ; no       ; On           ;
; K27      ; 323        ; 6A             ; RESERVED_INPUT_WITH_WEAK_PULLUP ;        ;              ;                     ; Row I/O      ;                 ; no       ; On           ;
; K28      ; 317        ; 6A             ; RESERVED_INPUT_WITH_WEAK_PULLUP ;        ;              ;                     ; Row I/O      ;                 ; no       ; On           ;
; L1       ;            ;                ; GND                             ; gnd    ;              ;                     ; --           ;                 ; --       ; --           ;
; L2       ;            ;                ; GND                             ; gnd    ;              ;                     ; --           ;                 ; --       ; --           ;
; L3       ;            ;                ; GND                             ; gnd    ;              ;                     ; --           ;                 ; --       ; --           ;
; L4       ;            ; --             ; VCC                             ; power  ;              ; 1.1V                ; --           ;                 ; --       ; --           ;
; L5       ;            ;                ; GND                             ; gnd    ;              ;                     ; --           ;                 ; --       ; --           ;
; L8       ;            ;                ; GND                             ; gnd    ;              ;                     ; --           ;                 ; --       ; --           ;
; L9       ;            ;                ; GND                             ; gnd    ;              ;                     ; --           ;                 ; --       ; --           ;
; L10      ;            ;                ; GND                             ; gnd    ;              ;                     ; --           ;                 ; --       ; --           ;
; L11      ;            ; --             ; VCC                             ; power  ;              ; 1.1V                ; --           ;                 ; --       ; --           ;
; L12      ;            ; --             ; VCC                             ; power  ;              ; 1.1V                ; --           ;                 ; --       ; --           ;
; L13      ;            ;                ; GND                             ; gnd    ;              ;                     ; --           ;                 ; --       ; --           ;
; L14      ;            ; --             ; VCC                             ; power  ;              ; 1.1V                ; --           ;                 ; --       ; --           ;
; L15      ;            ;                ; GND                             ; gnd    ;              ;                     ; --           ;                 ; --       ; --           ;
; L16      ;            ; --             ; VCC_HPS                         ; power  ;              ; 1.1V                ; --           ;                 ; --       ; --           ;
; L17      ;            ;                ; GND                             ; gnd    ;              ;                     ; --           ;                 ; --       ; --           ;
; L18      ;            ; --             ; VCC_HPS                         ; power  ;              ; 1.1V                ; --           ;                 ; --       ; --           ;
; L19      ;            ;                ; GND                             ; gnd    ;              ;                     ; --           ;                 ; --       ; --           ;
; L20      ; 366        ; 6A             ; RESERVED_INPUT_WITH_WEAK_PULLUP ;        ;              ;                     ; Row I/O      ;                 ; no       ; On           ;
; L21      ; 364        ; 6A             ; RESERVED_INPUT_WITH_WEAK_PULLUP ;        ;              ;                     ; Row I/O      ;                 ; no       ; On           ;
; L24      ;            ;                ; GND                             ; gnd    ;              ;                     ; --           ;                 ; --       ; --           ;
; L25      ; 320        ; 6A             ; RESERVED_INPUT_WITH_WEAK_PULLUP ;        ;              ;                     ; Row I/O      ;                 ; no       ; On           ;
; L26      ;            ; 6A             ; VCCIO6A_HPS                     ; power  ;              ; 2.5V                ; --           ;                 ; --       ; --           ;
; L27      ;            ;                ; GND                             ; gnd    ;              ;                     ; --           ;                 ; --       ; --           ;
; L28      ; 315        ; 6A             ; RESERVED_INPUT_WITH_WEAK_PULLUP ;        ;              ;                     ; Row I/O      ;                 ; no       ; On           ;
; M1       ;            ;                ; DNU                             ;        ;              ;                     ; --           ;                 ; --       ; --           ;
; M2       ;            ;                ; DNU                             ;        ;              ;                     ; --           ;                 ; --       ; --           ;
; M3       ;            ;                ; GND                             ; gnd    ;              ;                     ; --           ;                 ; --       ; --           ;
; M4       ;            ; --             ; VCCA_FPLL                       ; power  ;              ; 2.5V                ; --           ;                 ; --       ; --           ;
; M5       ;            ; --             ; VCC                             ; power  ;              ; 1.1V                ; --           ;                 ; --       ; --           ;
; M8       ;            ;                ; GND                             ; gnd    ;              ;                     ; --           ;                 ; --       ; --           ;
; M9       ;            ; --             ; VCC                             ; power  ;              ; 1.1V                ; --           ;                 ; --       ; --           ;
; M10      ;            ;                ; GND                             ; gnd    ;              ;                     ; --           ;                 ; --       ; --           ;
; M11      ;            ;                ; GND                             ; gnd    ;              ;                     ; --           ;                 ; --       ; --           ;
; M12      ;            ; --             ; VCC                             ; power  ;              ; 1.1V                ; --           ;                 ; --       ; --           ;
; M13      ;            ; --             ; VCC                             ; power  ;              ; 1.1V                ; --           ;                 ; --       ; --           ;
; M14      ;            ;                ; GND                             ; gnd    ;              ;                     ; --           ;                 ; --       ; --           ;
; M15      ;            ; --             ; VCC                             ; power  ;              ; 1.1V                ; --           ;                 ; --       ; --           ;
; M16      ;            ;                ; GND                             ; gnd    ;              ;                     ; --           ;                 ; --       ; --           ;
; M17      ;            ; --             ; VCC_HPS                         ; power  ;              ; 1.1V                ; --           ;                 ; --       ; --           ;
; M18      ;            ; --             ; VCC_HPS                         ; power  ;              ; 1.1V                ; --           ;                 ; --       ; --           ;
; M19      ;            ; --             ; VCC_HPS                         ; power  ;              ; 1.1V                ; --           ;                 ; --       ; --           ;
; M20      ;            ;                ; GND                             ; gnd    ;              ;                     ; --           ;                 ; --       ; --           ;
; M21      ;            ; 6A             ; VCCIO6A_HPS                     ; power  ;              ; 2.5V                ; --           ;                 ; --       ; --           ;
; M24      ;            ; 6A, 6B         ; VCCPD6A6B_HPS                   ; power  ;              ; 2.5V                ; --           ;                 ; --       ; --           ;
; M25      ; 324        ; 6A             ; RESERVED_INPUT_WITH_WEAK_PULLUP ;        ;              ;                     ; Row I/O      ;                 ; no       ; On           ;
; M26      ; 312        ; 6A             ; RESERVED_INPUT_WITH_WEAK_PULLUP ;        ;              ;                     ; Row I/O      ;                 ; no       ; On           ;
; M27      ; 314        ; 6A             ; RESERVED_INPUT_WITH_WEAK_PULLUP ;        ;              ;                     ; Row I/O      ;                 ; no       ; On           ;
; M28      ; 313        ; 6A             ; RESERVED_INPUT_WITH_WEAK_PULLUP ;        ;              ;                     ; Row I/O      ;                 ; no       ; On           ;
; N1       ;            ;                ; GND                             ; gnd    ;              ;                     ; --           ;                 ; --       ; --           ;
; N2       ;            ;                ; GND                             ; gnd    ;              ;                     ; --           ;                 ; --       ; --           ;
; N3       ;            ;                ; GND                             ; gnd    ;              ;                     ; --           ;                 ; --       ; --           ;
; N4       ;            ;                ; GND                             ; gnd    ;              ;                     ; --           ;                 ; --       ; --           ;
; N5       ;            ; --             ; VCC                             ; power  ;              ; 1.1V                ; --           ;                 ; --       ; --           ;
; N8       ;            ;                ; GND                             ; gnd    ;              ;                     ; --           ;                 ; --       ; --           ;
; N9       ;            ; --             ; VCC                             ; power  ;              ; 1.1V                ; --           ;                 ; --       ; --           ;
; N10      ;            ; --             ; VCC                             ; power  ;              ; 1.1V                ; --           ;                 ; --       ; --           ;
; N11      ;            ; --             ; VCC                             ; power  ;              ; 1.1V                ; --           ;                 ; --       ; --           ;
; N12      ;            ; --             ; VCC                             ; power  ;              ; 1.1V                ; --           ;                 ; --       ; --           ;
; N13      ;            ;                ; GND                             ; gnd    ;              ;                     ; --           ;                 ; --       ; --           ;
; N14      ;            ; --             ; VCC                             ; power  ;              ; 1.1V                ; --           ;                 ; --       ; --           ;
; N15      ;            ;                ; GND                             ; gnd    ;              ;                     ; --           ;                 ; --       ; --           ;
; N16      ;            ; --             ; VCC_HPS                         ; power  ;              ; 1.1V                ; --           ;                 ; --       ; --           ;
; N17      ;            ;                ; GND                             ; gnd    ;              ;                     ; --           ;                 ; --       ; --           ;
; N18      ;            ; --             ; VCC_HPS                         ; power  ;              ; 1.1V                ; --           ;                 ; --       ; --           ;
; N19      ;            ;                ; GND                             ; gnd    ;              ;                     ; --           ;                 ; --       ; --           ;
; N20      ; 350        ; 6A             ; RESERVED_INPUT_WITH_WEAK_PULLUP ;        ;              ;                     ; Row I/O      ;                 ; no       ; On           ;
; N21      ; 348        ; 6A             ; RESERVED_INPUT_WITH_WEAK_PULLUP ;        ;              ;                     ; Row I/O      ;                 ; no       ; On           ;
; N24      ; 306        ; 6B             ; RESERVED_INPUT_WITH_WEAK_PULLUP ;        ;              ;                     ; Row I/O      ;                 ; no       ; On           ;
; N25      ; 304        ; 6B             ; RESERVED_INPUT_WITH_WEAK_PULLUP ;        ;              ;                     ; Row I/O      ;                 ; no       ; On           ;
; N26      ; 298        ; 6B             ; RESERVED_INPUT_WITH_WEAK_PULLUP ;        ;              ;                     ; Row I/O      ;                 ; no       ; On           ;
; N27      ; 296        ; 6B             ; RESERVED_INPUT_WITH_WEAK_PULLUP ;        ;              ;                     ; Row I/O      ;                 ; no       ; On           ;
; N28      ; 311        ; 6A             ; RESERVED_INPUT_WITH_WEAK_PULLUP ;        ;              ;                     ; Row I/O      ;                 ; no       ; On           ;
; P1       ;            ;                ; GND                             ; gnd    ;              ;                     ; --           ;                 ; --       ; --           ;
; P2       ;            ;                ; GND                             ; gnd    ;              ;                     ; --           ;                 ; --       ; --           ;
; P3       ;            ;                ; GND                             ; gnd    ;              ;                     ; --           ;                 ; --       ; --           ;
; P4       ;            ; --             ; VCCA_FPLL                       ; power  ;              ; 2.5V                ; --           ;                 ; --       ; --           ;
; P5       ;            ;                ; GND                             ; gnd    ;              ;                     ; --           ;                 ; --       ; --           ;
; P8       ;            ;                ; GND                             ; gnd    ;              ;                     ; --           ;                 ; --       ; --           ;
; P9       ;            ;                ; GND                             ; gnd    ;              ;                     ; --           ;                 ; --       ; --           ;
; P10      ;            ;                ; GND                             ; gnd    ;              ;                     ; --           ;                 ; --       ; --           ;
; P11      ;            ; --             ; VCC                             ; power  ;              ; 1.1V                ; --           ;                 ; --       ; --           ;
; P12      ;            ;                ; GND                             ; gnd    ;              ;                     ; --           ;                 ; --       ; --           ;
; P13      ;            ; --             ; VCC                             ; power  ;              ; 1.1V                ; --           ;                 ; --       ; --           ;
; P14      ;            ; --             ; VCC                             ; power  ;              ; 1.1V                ; --           ;                 ; --       ; --           ;
; P15      ;            ; --             ; VCC                             ; power  ;              ; 1.1V                ; --           ;                 ; --       ; --           ;
; P16      ;            ;                ; GND                             ; gnd    ;              ;                     ; --           ;                 ; --       ; --           ;
; P17      ;            ; --             ; VCC_HPS                         ; power  ;              ; 1.1V                ; --           ;                 ; --       ; --           ;
; P18      ;            ;                ; GND                             ; gnd    ;              ;                     ; --           ;                 ; --       ; --           ;
; P19      ;            ; --             ; VCC_HPS                         ; power  ;              ; 1.1V                ; --           ;                 ; --       ; --           ;
; P20      ;            ;                ; GND                             ; gnd    ;              ;                     ; --           ;                 ; --       ; --           ;
; P21      ;            ; 6A, 6B         ; VCCPD6A6B_HPS                   ; power  ;              ; 2.5V                ; --           ;                 ; --       ; --           ;
; P24      ;            ; 6A, 6B         ; VCCPD6A6B_HPS                   ; power  ;              ; 2.5V                ; --           ;                 ; --       ; --           ;
; P25      ;            ;                ; GND                             ; gnd    ;              ;                     ; --           ;                 ; --       ; --           ;
; P26      ; 299        ; 6B             ; RESERVED_INPUT_WITH_WEAK_PULLUP ;        ;              ;                     ; Row I/O      ;                 ; no       ; On           ;
; P27      ;            ; 6B             ; VCCIO6B_HPS                     ; power  ;              ; 2.5V                ; --           ;                 ; --       ; --           ;
; P28      ; 309        ; 6A             ; RESERVED_INPUT_WITH_WEAK_PULLUP ;        ;              ;                     ; Row I/O      ;                 ; no       ; On           ;
; R1       ;            ;                ; GND                             ; gnd    ;              ;                     ; --           ;                 ; --       ; --           ;
; R2       ;            ;                ; GND                             ; gnd    ;              ;                     ; --           ;                 ; --       ; --           ;
; R3       ;            ;                ; GND                             ; gnd    ;              ;                     ; --           ;                 ; --       ; --           ;
; R4       ;            ; --             ; VCCA_FPLL                       ; power  ;              ; 2.5V                ; --           ;                 ; --       ; --           ;
; R5       ;            ; --             ; VCC                             ; power  ;              ; 1.1V                ; --           ;                 ; --       ; --           ;
; R8       ;            ;                ; GND                             ; gnd    ;              ;                     ; --           ;                 ; --       ; --           ;
; R9       ;            ; --             ; VCC                             ; power  ;              ; 1.1V                ; --           ;                 ; --       ; --           ;
; R10      ;            ; --             ; VCC                             ; power  ;              ; 1.1V                ; --           ;                 ; --       ; --           ;
; R11      ;            ;                ; GND                             ; gnd    ;              ;                     ; --           ;                 ; --       ; --           ;
; R12      ;            ; --             ; VCC                             ; power  ;              ; 1.1V                ; --           ;                 ; --       ; --           ;
; R13      ;            ;                ; GND                             ; gnd    ;              ;                     ; --           ;                 ; --       ; --           ;
; R14      ;            ; --             ; VCC                             ; power  ;              ; 1.1V                ; --           ;                 ; --       ; --           ;
; R15      ;            ;                ; GND                             ; gnd    ;              ;                     ; --           ;                 ; --       ; --           ;
; R16      ; 334        ; 6A             ; RESERVED_INPUT_WITH_WEAK_PULLUP ;        ;              ;                     ; Row I/O      ;                 ; no       ; On           ;
; R17      ; 332        ; 6A             ; RESERVED_INPUT_WITH_WEAK_PULLUP ;        ;              ;                     ; Row I/O      ;                 ; no       ; On           ;
; R18      ; 318        ; 6A             ; RESERVED_INPUT_WITH_WEAK_PULLUP ;        ;              ;                     ; Row I/O      ;                 ; no       ; On           ;
; R19      ; 316        ; 6A             ; RESERVED_INPUT_WITH_WEAK_PULLUP ;        ;              ;                     ; Row I/O      ;                 ; no       ; On           ;
; R20      ; 310        ; 6A             ; RESERVED_INPUT_WITH_WEAK_PULLUP ;        ;              ;                     ; Row I/O      ;                 ; no       ; On           ;
; R21      ; 308        ; 6A             ; RESERVED_INPUT_WITH_WEAK_PULLUP ;        ;              ;                     ; Row I/O      ;                 ; no       ; On           ;
; R24      ; 282        ; 6B             ; RESERVED_INPUT_WITH_WEAK_PULLUP ;        ;              ;                     ; Row I/O      ;                 ; no       ; On           ;
; R25      ; 288        ; 6B             ; RESERVED_INPUT_WITH_WEAK_PULLUP ;        ;              ;                     ; Row I/O      ;                 ; no       ; On           ;
; R26      ; 290        ; 6B             ; RESERVED_INPUT_WITH_WEAK_PULLUP ;        ;              ;                     ; Row I/O      ;                 ; no       ; On           ;
; R27      ; 297        ; 6B             ; RESERVED_INPUT_WITH_WEAK_PULLUP ;        ;              ;                     ; Row I/O      ;                 ; no       ; On           ;
; R28      ; 307        ; 6B             ; RESERVED_INPUT_WITH_WEAK_PULLUP ;        ;              ;                     ; Row I/O      ;                 ; no       ; On           ;
; T1       ;            ;                ; DNU                             ;        ;              ;                     ; --           ;                 ; --       ; --           ;
; T2       ;            ;                ; DNU                             ;        ;              ;                     ; --           ;                 ; --       ; --           ;
; T3       ;            ;                ; GND                             ; gnd    ;              ;                     ; --           ;                 ; --       ; --           ;
; T4       ;            ; --             ; VCC                             ; power  ;              ; 1.1V                ; --           ;                 ; --       ; --           ;
; T5       ;            ; --             ; VCC                             ; power  ;              ; 1.1V                ; --           ;                 ; --       ; --           ;
; T8       ; 56         ; 3A             ; readdata[0]                     ; output ; 2.5 V        ;                     ; Column I/O   ; N               ; no       ; Off          ;
; T9       ;            ; --             ; VCC                             ; power  ;              ; 1.1V                ; --           ;                 ; --       ; --           ;
; T10      ;            ;                ; GND                             ; gnd    ;              ;                     ; --           ;                 ; --       ; --           ;
; T11      ; 106        ; 3B             ; writedata[14]                   ; input  ; 2.5 V        ;                     ; Column I/O   ; N               ; no       ; Off          ;
; T12      ; 120        ; 3B             ; writedata[28]                   ; input  ; 2.5 V        ;                     ; Column I/O   ; N               ; no       ; Off          ;
; T13      ; 122        ; 3B             ; rst_n                           ; input  ; 2.5 V        ;                     ; Column I/O   ; N               ; no       ; Off          ;
; T14      ;            ;                ; GND                             ; gnd    ;              ;                     ; --           ;                 ; --       ; --           ;
; T15      ;            ; --             ; VCC                             ; power  ;              ; 1.1V                ; --           ;                 ; --       ; --           ;
; T16      ; 292        ; 6B             ; RESERVED_INPUT_WITH_WEAK_PULLUP ;        ;              ;                     ; Row I/O      ;                 ; no       ; On           ;
; T17      ; 294        ; 6B             ; RESERVED_INPUT_WITH_WEAK_PULLUP ;        ;              ;                     ; Row I/O      ;                 ; no       ; On           ;
; T18      ; 302        ; 6B             ; RESERVED_INPUT_WITH_WEAK_PULLUP ;        ;              ;                     ; Row I/O      ;                 ; no       ; On           ;
; T19      ; 300        ; 6B             ; RESERVED_INPUT_WITH_WEAK_PULLUP ;        ;              ;                     ; Row I/O      ;                 ; no       ; On           ;
; T20      ; 286        ; 6B             ; RESERVED_INPUT_WITH_WEAK_PULLUP ;        ;              ;                     ; Row I/O      ;                 ; no       ; On           ;
; T21      ;            ; 6B             ; VCCIO6B_HPS                     ; power  ;              ; 2.5V                ; --           ;                 ; --       ; --           ;
; T24      ; 280        ; 6B             ; RESERVED_INPUT_WITH_WEAK_PULLUP ;        ;              ;                     ; Row I/O      ;                 ; no       ; On           ;
; T25      ;            ; 6B             ; VCCIO6B_HPS                     ; power  ;              ; 2.5V                ; --           ;                 ; --       ; --           ;
; T26      ; 274        ; 6B             ; RESERVED_INPUT_WITH_WEAK_PULLUP ;        ;              ;                     ; Row I/O      ;                 ; no       ; On           ;
; T27      ; 283        ; 6B             ; RESERVED_INPUT_WITH_WEAK_PULLUP ;        ;              ;                     ; Row I/O      ;                 ; --       ; --           ;
; T28      ; 305        ; 6B             ; RESERVED_INPUT_WITH_WEAK_PULLUP ;        ;              ;                     ; Row I/O      ;                 ; no       ; On           ;
; U1       ;            ;                ; GND                             ; gnd    ;              ;                     ; --           ;                 ; --       ; --           ;
; U2       ;            ;                ; GND                             ; gnd    ;              ;                     ; --           ;                 ; --       ; --           ;
; U3       ;            ;                ; GND                             ; gnd    ;              ;                     ; --           ;                 ; --       ; --           ;
; U4       ;            ; --             ; VCCA_FPLL                       ; power  ;              ; 2.5V                ; --           ;                 ; --       ; --           ;
; U5       ;            ;                ; GND                             ; gnd    ;              ;                     ; --           ;                 ; --       ; --           ;
; U8       ;            ;                ; DNU                             ;        ;              ;                     ; --           ;                 ; --       ; --           ;
; U9       ; 58         ; 3A             ; RESERVED_INPUT_WITH_WEAK_PULLUP ;        ;              ;                     ; Column I/O   ;                 ; no       ; On           ;
; U10      ; 62         ; 3A             ; writedata[19]                   ; input  ; 2.5 V        ;                     ; Column I/O   ; N               ; no       ; Off          ;
; U11      ; 104        ; 3B             ; writedata[24]                   ; input  ; 2.5 V        ;                     ; Column I/O   ; N               ; no       ; Off          ;
; U12      ;            ;                ; GND                             ; gnd    ;              ;                     ; --           ;                 ; --       ; --           ;
; U13      ; 136        ; 4A             ; readdata[25]                    ; output ; 2.5 V        ;                     ; Column I/O   ; N               ; no       ; Off          ;
; U14      ; 138        ; 4A             ; byteenable[1]                   ; input  ; 2.5 V        ;                     ; Column I/O   ; N               ; no       ; Off          ;
; U15      ; 278        ; 6B             ; RESERVED_INPUT_WITH_WEAK_PULLUP ;        ;              ;                     ; Row I/O      ;                 ; no       ; On           ;
; U16      ; 276        ; 6B             ; RESERVED_INPUT_WITH_WEAK_PULLUP ;        ;              ;                     ; Row I/O      ;                 ; no       ; On           ;
; U17      ;            ;                ; GND                             ; gnd    ;              ;                     ; --           ;                 ; --       ; --           ;
; U18      ;            ; 6B             ; VCCIO6B_HPS                     ; power  ;              ; 2.5V                ; --           ;                 ; --       ; --           ;
; U19      ; 284        ; 6B             ; RESERVED_INPUT_WITH_WEAK_PULLUP ;        ;              ;                     ; Row I/O      ;                 ; no       ; On           ;
; U20      ;            ;                ; GND                             ; gnd    ;              ;                     ; --           ;                 ; --       ; --           ;
; U21      ;            ; --             ; VCC_HPS                         ; power  ;              ; 1.1V                ; --           ;                 ; --       ; --           ;
; U24      ;            ;                ; GND                             ; gnd    ;              ;                     ; --           ;                 ; --       ; --           ;
; U25      ; 272        ; 6B             ; RESERVED_INPUT_WITH_WEAK_PULLUP ;        ;              ;                     ; Row I/O      ;                 ; no       ; On           ;
; U26      ;            ; --             ; VCC                             ; power  ;              ; 1.1V                ; --           ;                 ; --       ; --           ;
; U27      ;            ;                ; GND                             ; gnd    ;              ;                     ; --           ;                 ; --       ; --           ;
; U28      ; 303        ; 6B             ; RESERVED_INPUT_WITH_WEAK_PULLUP ;        ;              ;                     ; Row I/O      ;                 ; no       ; On           ;
; V1       ;            ;                ; GND                             ; gnd    ;              ;                     ; --           ;                 ; --       ; --           ;
; V2       ;            ;                ; GND                             ; gnd    ;              ;                     ; --           ;                 ; --       ; --           ;
; V3       ;            ;                ; GND                             ; gnd    ;              ;                     ; --           ;                 ; --       ; --           ;
; V4       ;            ;                ; GND                             ; gnd    ;              ;                     ; --           ;                 ; --       ; --           ;
; V5       ;            ;                ; GND                             ; gnd    ;              ;                     ; --           ;                 ; --       ; --           ;
; V8       ;            ;                ; GND                             ; gnd    ;              ;                     ; --           ;                 ; --       ; --           ;
; V9       ;            ;                ; GND                             ; gnd    ;              ;                     ; --           ;                 ; --       ; --           ;
; V10      ; 60         ; 3A             ; RESERVED_INPUT_WITH_WEAK_PULLUP ;        ;              ;                     ; Column I/O   ;                 ; no       ; On           ;
; V11      ; 114        ; 3B             ; writedata[4]                    ; input  ; 2.5 V        ;                     ; Column I/O   ; N               ; no       ; Off          ;
; V12      ; 130        ; 3B             ; writedata[12]                   ; input  ; 2.5 V        ;                     ; Column I/O   ; N               ; no       ; Off          ;
; V13      ; 152        ; 4A             ; readdata[14]                    ; output ; 2.5 V        ;                     ; Column I/O   ; N               ; no       ; Off          ;
; V14      ;            ;                ; GND                             ; gnd    ;              ;                     ; --           ;                 ; --       ; --           ;
; V15      ; 227        ; 5A             ; RESERVED_INPUT_WITH_WEAK_PULLUP ;        ;              ;                     ; Row I/O      ;                 ; no       ; On           ;
; V16      ; 225        ; 5A             ; RESERVED_INPUT_WITH_WEAK_PULLUP ;        ;              ;                     ; Row I/O      ;                 ; no       ; On           ;
; V17      ; 270        ; 6B             ; RESERVED_INPUT_WITH_WEAK_PULLUP ;        ;              ;                     ; Row I/O      ;                 ; no       ; On           ;
; V18      ; 268        ; 6B             ; RESERVED_INPUT_WITH_WEAK_PULLUP ;        ;              ;                     ; Row I/O      ;                 ; no       ; On           ;
; V19      ; 266        ; 6B             ; RESERVED_INPUT_WITH_WEAK_PULLUP ;        ;              ;                     ; Row I/O      ;                 ; no       ; On           ;
; V20      ; 264        ; 6B             ; RESERVED_INPUT_WITH_WEAK_PULLUP ;        ;              ;                     ; Row I/O      ;                 ; no       ; On           ;
; V21      ;            ;                ; GND                             ; gnd    ;              ;                     ; --           ;                 ; --       ; --           ;
; V24      ; 269        ; 6B             ; RESERVED_INPUT_WITH_WEAK_PULLUP ;        ;              ;                     ; Row I/O      ;                 ; no       ; On           ;
; V25      ; 271        ; 6B             ; RESERVED_INPUT_WITH_WEAK_PULLUP ;        ;              ;                     ; Row I/O      ;                 ; no       ; On           ;
; V26      ;            ;                ; GND                             ; gnd    ;              ;                     ; --           ;                 ; --       ; --           ;
; V27      ; 295        ; 6B             ; RESERVED_INPUT_WITH_WEAK_PULLUP ;        ;              ;                     ; Row I/O      ;                 ; no       ; On           ;
; V28      ; 301        ; 6B             ; RESERVED_INPUT_WITH_WEAK_PULLUP ;        ;              ;                     ; Row I/O      ;                 ; no       ; On           ;
; W1       ;            ;                ; GND                             ; gnd    ;              ;                     ; --           ;                 ; --       ; --           ;
; W2       ;            ;                ; GND                             ; gnd    ;              ;                     ; --           ;                 ; --       ; --           ;
; W3       ;            ;                ; GND                             ; gnd    ;              ;                     ; --           ;                 ; --       ; --           ;
; W4       ;            ;                ; GND                             ; gnd    ;              ;                     ; --           ;                 ; --       ; --           ;
; W5       ;            ; --             ; VCCA_FPLL                       ; power  ;              ; 2.5V                ; --           ;                 ; --       ; --           ;
; W8       ; 54         ; 3A             ; RESERVED_INPUT_WITH_WEAK_PULLUP ;        ;              ;                     ; Column I/O   ;                 ; no       ; On           ;
; W9       ;            ; 3A             ; VCCIO3A                         ; power  ;              ; 2.5V                ; --           ;                 ; --       ; --           ;
; W10      ; 48         ; 3A             ; #TDI                            ; input  ;              ;                     ; --           ;                 ; --       ; --           ;
; W11      ; 112        ; 3B             ; readdata[4]                     ; output ; 2.5 V        ;                     ; Column I/O   ; N               ; no       ; Off          ;
; W12      ; 128        ; 3B             ; writedata[29]                   ; input  ; 2.5 V        ;                     ; Column I/O   ; N               ; no       ; Off          ;
; W13      ;            ; 4A             ; VCCIO4A                         ; power  ;              ; 2.5V                ; --           ;                 ; --       ; --           ;
; W14      ; 154        ; 4A             ; writedata[30]                   ; input  ; 2.5 V        ;                     ; Column I/O   ; N               ; no       ; Off          ;
; W15      ; 223        ; 5A             ; RESERVED_INPUT_WITH_WEAK_PULLUP ;        ;              ;                     ; Row I/O      ;                 ; no       ; On           ;
; W16      ;            ;                ; GND                             ; gnd    ;              ;                     ; --           ;                 ; --       ; --           ;
; W17      ;            ; 5A             ; VCCIO5A                         ; power  ;              ; 2.5V                ; --           ;                 ; --       ; --           ;
; W18      ;            ;                ; GND                             ; gnd    ;              ;                     ; --           ;                 ; --       ; --           ;
; W19      ;            ; 5B             ; VCCPD5B                         ; power  ;              ; 2.5V                ; --           ;                 ; --       ; --           ;
; W20      ; 254        ; 5B             ; RESERVED_INPUT_WITH_WEAK_PULLUP ;        ;              ;                     ; Row I/O      ;                 ; no       ; On           ;
; W21      ; 252        ; 5B             ; RESERVED_INPUT_WITH_WEAK_PULLUP ;        ;              ;                     ; Row I/O      ;                 ; no       ; On           ;
; W24      ; 258        ; 5B             ; waitrequest                     ; output ; 2.5 V        ;                     ; Row I/O      ; N               ; no       ; Off          ;
; W25      ;            ; 5B             ; VCCIO5B                         ; power  ;              ; 2.5V                ; --           ;                 ; --       ; --           ;
; W26      ; 287        ; 6B             ; RESERVED_INPUT_WITH_WEAK_PULLUP ;        ;              ;                     ; Row I/O      ;                 ; no       ; On           ;
; W27      ;            ; 6B             ; VCCIO6B_HPS                     ; power  ;              ; 2.5V                ; --           ;                 ; --       ; --           ;
; W28      ; 293        ; 6B             ; RESERVED_INPUT_WITH_WEAK_PULLUP ;        ;              ;                     ; Row I/O      ;                 ; no       ; On           ;
; Y1       ;            ;                ; DNU                             ;        ;              ;                     ; --           ;                 ; --       ; --           ;
; Y2       ;            ;                ; DNU                             ;        ;              ;                     ; --           ;                 ; --       ; --           ;
; Y3       ;            ;                ; GND                             ; gnd    ;              ;                     ; --           ;                 ; --       ; --           ;
; Y4       ; 53         ; 3A             ; RESERVED_INPUT_WITH_WEAK_PULLUP ;        ;              ;                     ; Column I/O   ;                 ; no       ; On           ;
; Y5       ; 55         ; 3A             ; RESERVED_INPUT_WITH_WEAK_PULLUP ;        ;              ;                     ; Column I/O   ;                 ; no       ; On           ;
; Y8       ; 52         ; 3A             ; RESERVED_INPUT_WITH_WEAK_PULLUP ;        ;              ;                     ; Column I/O   ;                 ; no       ; On           ;
; Y9       ; 42         ; 3A             ; #TDO                            ; output ;              ;                     ; --           ;                 ; --       ; --           ;
; Y10      ;            ; --             ; VCCPGM                          ; power  ;              ; 1.8V/2.5V/3.0V/3.3V ; --           ;                 ; --       ; --           ;
; Y11      ; 66         ; 3A             ; RESERVED_INPUT_WITH_WEAK_PULLUP ;        ;              ;                     ; Column I/O   ;                 ; no       ; On           ;
; Y12      ;            ;                ; GND                             ; gnd    ;              ;                     ; --           ;                 ; --       ; --           ;
; Y13      ; 146        ; 4A             ; byteenable[3]                   ; input  ; 2.5 V        ;                     ; Column I/O   ; N               ; no       ; Off          ;
; Y14      ;            ;                ; GND                             ; gnd    ;              ;                     ; --           ;                 ; --       ; --           ;
; Y15      ; 162        ; 4A             ; readdata[31]                    ; output ; 2.5 V        ;                     ; Column I/O   ; N               ; no       ; Off          ;
; Y16      ; 221        ; 5A             ; RESERVED_INPUT_WITH_WEAK_PULLUP ;        ;              ;                     ; Row I/O      ;                 ; no       ; On           ;
; Y17      ; 217        ; 5A             ; RESERVED_INPUT_WITH_WEAK_PULLUP ;        ;              ;                     ; Row I/O      ;                 ; no       ; On           ;
; Y18      ; 219        ; 5A             ; RESERVED_INPUT_WITH_WEAK_PULLUP ;        ;              ;                     ; Row I/O      ;                 ; no       ; On           ;
; Y19      ; 215        ; 5A             ; RESERVED_INPUT_WITH_WEAK_PULLUP ;        ;              ;                     ; Row I/O      ;                 ; no       ; On           ;
; Y20      ;            ;                ; GND                             ; gnd    ;              ;                     ; --           ;                 ; --       ; --           ;
; Y21      ;            ; 5A             ; VCCPD5A                         ; power  ;              ; 2.5V                ; --           ;                 ; --       ; --           ;
; Y24      ; 256        ; 5B             ; clk                             ; input  ; 2.5 V        ;                     ; Row I/O      ; N               ; no       ; Off          ;
; Y25      ;            ;                ; GND                             ; gnd    ;              ;                     ; --           ;                 ; --       ; --           ;
; Y26      ; 285        ; 6B             ; RESERVED_INPUT_WITH_WEAK_PULLUP ;        ;              ;                     ; Row I/O      ;                 ; no       ; On           ;
; Y27      ; 281        ; 6B             ; RESERVED_INPUT_WITH_WEAK_PULLUP ;        ;              ;                     ; Row I/O      ;                 ; no       ; On           ;
; Y28      ; 291        ; 6B             ; RESERVED_INPUT_WITH_WEAK_PULLUP ;        ;              ;                     ; Row I/O      ;                 ; no       ; On           ;
+----------+------------+----------------+---------------------------------+--------+--------------+---------------------+--------------+-----------------+----------+--------------+
Note: Pin directions (input, output or bidir) are based on device operating in user mode.


+------------------------------------------------------+
; I/O Assignment Warnings                              ;
+---------------+--------------------------------------+
; Pin Name      ; Reason                               ;
+---------------+--------------------------------------+
; readdata[0]   ; Missing drive strength and slew rate ;
; readdata[1]   ; Missing drive strength and slew rate ;
; readdata[2]   ; Missing drive strength and slew rate ;
; readdata[3]   ; Missing drive strength and slew rate ;
; readdata[4]   ; Missing drive strength and slew rate ;
; readdata[5]   ; Missing drive strength and slew rate ;
; readdata[6]   ; Missing drive strength and slew rate ;
; readdata[7]   ; Missing drive strength and slew rate ;
; readdata[8]   ; Missing drive strength and slew rate ;
; readdata[9]   ; Missing drive strength and slew rate ;
; readdata[10]  ; Missing drive strength and slew rate ;
; readdata[11]  ; Missing drive strength and slew rate ;
; readdata[12]  ; Missing drive strength and slew rate ;
; readdata[13]  ; Missing drive strength and slew rate ;
; readdata[14]  ; Missing drive strength and slew rate ;
; readdata[15]  ; Missing drive strength and slew rate ;
; readdata[16]  ; Missing drive strength and slew rate ;
; readdata[17]  ; Missing drive strength and slew rate ;
; readdata[18]  ; Missing drive strength and slew rate ;
; readdata[19]  ; Missing drive strength and slew rate ;
; readdata[20]  ; Missing drive strength and slew rate ;
; readdata[21]  ; Missing drive strength and slew rate ;
; readdata[22]  ; Missing drive strength and slew rate ;
; readdata[23]  ; Missing drive strength and slew rate ;
; readdata[24]  ; Missing drive strength and slew rate ;
; readdata[25]  ; Missing drive strength and slew rate ;
; readdata[26]  ; Missing drive strength and slew rate ;
; readdata[27]  ; Missing drive strength and slew rate ;
; readdata[28]  ; Missing drive strength and slew rate ;
; readdata[29]  ; Missing drive strength and slew rate ;
; readdata[30]  ; Missing drive strength and slew rate ;
; readdata[31]  ; Missing drive strength and slew rate ;
; waitrequest   ; Missing drive strength and slew rate ;
; irq           ; Missing drive strength and slew rate ;
; readdata[0]   ; Missing location assignment          ;
; readdata[1]   ; Missing location assignment          ;
; readdata[2]   ; Missing location assignment          ;
; readdata[3]   ; Missing location assignment          ;
; readdata[4]   ; Missing location assignment          ;
; readdata[5]   ; Missing location assignment          ;
; readdata[6]   ; Missing location assignment          ;
; readdata[7]   ; Missing location assignment          ;
; readdata[8]   ; Missing location assignment          ;
; readdata[9]   ; Missing location assignment          ;
; readdata[10]  ; Missing location assignment          ;
; readdata[11]  ; Missing location assignment          ;
; readdata[12]  ; Missing location assignment          ;
; readdata[13]  ; Missing location assignment          ;
; readdata[14]  ; Missing location assignment          ;
; readdata[15]  ; Missing location assignment          ;
; readdata[16]  ; Missing location assignment          ;
; readdata[17]  ; Missing location assignment          ;
; readdata[18]  ; Missing location assignment          ;
; readdata[19]  ; Missing location assignment          ;
; readdata[20]  ; Missing location assignment          ;
; readdata[21]  ; Missing location assignment          ;
; readdata[22]  ; Missing location assignment          ;
; readdata[23]  ; Missing location assignment          ;
; readdata[24]  ; Missing location assignment          ;
; readdata[25]  ; Missing location assignment          ;
; readdata[26]  ; Missing location assignment          ;
; readdata[27]  ; Missing location assignment          ;
; readdata[28]  ; Missing location assignment          ;
; readdata[29]  ; Missing location assignment          ;
; readdata[30]  ; Missing location assignment          ;
; readdata[31]  ; Missing location assignment          ;
; waitrequest   ; Missing location assignment          ;
; irq           ; Missing location assignment          ;
; address[5]    ; Missing location assignment          ;
; address[2]    ; Missing location assignment          ;
; address[3]    ; Missing location assignment          ;
; address[4]    ; Missing location assignment          ;
; address[6]    ; Missing location assignment          ;
; address[7]    ; Missing location assignment          ;
; read          ; Missing location assignment          ;
; address[0]    ; Missing location assignment          ;
; address[1]    ; Missing location assignment          ;
; clk           ; Missing location assignment          ;
; rst_n         ; Missing location assignment          ;
; write         ; Missing location assignment          ;
; byteenable[0] ; Missing location assignment          ;
; byteenable[1] ; Missing location assignment          ;
; byteenable[2] ; Missing location assignment          ;
; byteenable[3] ; Missing location assignment          ;
; writedata[2]  ; Missing location assignment          ;
; writedata[0]  ; Missing location assignment          ;
; writedata[1]  ; Missing location assignment          ;
; writedata[8]  ; Missing location assignment          ;
; writedata[20] ; Missing location assignment          ;
; writedata[9]  ; Missing location assignment          ;
; writedata[10] ; Missing location assignment          ;
; writedata[11] ; Missing location assignment          ;
; writedata[12] ; Missing location assignment          ;
; writedata[13] ; Missing location assignment          ;
; writedata[14] ; Missing location assignment          ;
; writedata[15] ; Missing location assignment          ;
; writedata[16] ; Missing location assignment          ;
; writedata[17] ; Missing location assignment          ;
; writedata[18] ; Missing location assignment          ;
; writedata[19] ; Missing location assignment          ;
; writedata[26] ; Missing location assignment          ;
; writedata[31] ; Missing location assignment          ;
; writedata[21] ; Missing location assignment          ;
; writedata[22] ; Missing location assignment          ;
; writedata[23] ; Missing location assignment          ;
; writedata[24] ; Missing location assignment          ;
; writedata[25] ; Missing location assignment          ;
; writedata[27] ; Missing location assignment          ;
; writedata[28] ; Missing location assignment          ;
; writedata[29] ; Missing location assignment          ;
; writedata[30] ; Missing location assignment          ;
; writedata[4]  ; Missing location assignment          ;
; writedata[5]  ; Missing location assignment          ;
; writedata[6]  ; Missing location assignment          ;
; writedata[7]  ; Missing location assignment          ;
; writedata[3]  ; Missing location assignment          ;
+---------------+--------------------------------------+


+-------------------------------------------------------------------------------------------------------------------------------------------------------------------------------------------------------------------------------------------------------------------------------------------------------------------------------------------------------------------------------------------------------------------------------------------------------------------------------------------------------------+
; Fitter Resource Utilization by Entity                                                                                                                                                                                                                                                                                                                                                                                                                                                                       ;
+----------------------------------------------+----------------------+----------------------------------+---------------------------------------------------+----------------------------------+----------------------+---------------------+---------------------------+---------------+-------------------+-------+------------+------+--------------+--------------------------------------------------------------------------------------------------------------------+-----------------+--------------+
; Compilation Hierarchy Node                   ; ALMs needed [=A-B+C] ; [A] ALMs used in final placement ; [B] Estimate of ALMs recoverable by dense packing ; [C] Estimate of ALMs unavailable ; ALMs used for memory ; Combinational ALUTs ; Dedicated Logic Registers ; I/O Registers ; Block Memory Bits ; M10Ks ; DSP Blocks ; Pins ; Virtual Pins ; Full Hierarchy Name                                                                                                ; Entity Name     ; Library Name ;
+----------------------------------------------+----------------------+----------------------------------+---------------------------------------------------+----------------------------------+----------------------+---------------------+---------------------------+---------------+-------------------+-------+------------+------+--------------+--------------------------------------------------------------------------------------------------------------------+-----------------+--------------+
; |dg_csr_top                                  ; 929.5 (148.4)        ; 1115.0 (156.3)                   ; 209.0 (8.5)                                       ; 23.5 (0.6)                       ; 0.0 (0.0)            ; 1135 (215)          ; 957 (84)                  ; 0 (0)         ; 18432             ; 9     ; 11         ; 82   ; 0            ; |dg_csr_top                                                                                                        ; dg_csr_top      ; work         ;
;    |dg_tile_core:core|                       ; 781.1 (268.0)        ; 958.7 (458.4)                    ; 200.5 (195.8)                                     ; 22.9 (5.4)                       ; 0.0 (0.0)            ; 920 (352)           ; 873 (617)                 ; 0 (0)         ; 18432             ; 9     ; 11         ; 0    ; 0            ; |dg_csr_top|dg_tile_core:core                                                                                      ; dg_tile_core    ; work         ;
;       |dg_mac_lane:banks[0].mac|             ; 18.4 (18.4)          ; 16.0 (16.0)                      ; 0.0 (0.0)                                         ; 2.4 (2.4)                        ; 0.0 (0.0)            ; 0 (0)               ; 32 (32)                   ; 0 (0)         ; 0                 ; 0     ; 1          ; 0    ; 0            ; |dg_csr_top|dg_tile_core:core|dg_mac_lane:banks[0].mac                                                             ; dg_mac_lane     ; work         ;
;       |dg_mac_lane:banks[1].mac|             ; 18.4 (18.4)          ; 16.0 (16.0)                      ; 0.0 (0.0)                                         ; 2.4 (2.4)                        ; 0.0 (0.0)            ; 0 (0)               ; 32 (32)                   ; 0 (0)         ; 0                 ; 0     ; 1          ; 0    ; 0            ; |dg_csr_top|dg_tile_core:core|dg_mac_lane:banks[1].mac                                                             ; dg_mac_lane     ; work         ;
;       |dg_mac_lane:banks[2].mac|             ; 17.5 (17.5)          ; 16.0 (16.0)                      ; 0.0 (0.0)                                         ; 1.5 (1.5)                        ; 0.0 (0.0)            ; 0 (0)               ; 32 (32)                   ; 0 (0)         ; 0                 ; 0     ; 1          ; 0    ; 0            ; |dg_csr_top|dg_tile_core:core|dg_mac_lane:banks[2].mac                                                             ; dg_mac_lane     ; work         ;
;       |dg_mac_lane:banks[3].mac|             ; 17.9 (17.9)          ; 16.0 (16.0)                      ; 0.0 (0.0)                                         ; 1.9 (1.9)                        ; 0.0 (0.0)            ; 0 (0)               ; 32 (32)                   ; 0 (0)         ; 0                 ; 0     ; 1          ; 0    ; 0            ; |dg_csr_top|dg_tile_core:core|dg_mac_lane:banks[3].mac                                                             ; dg_mac_lane     ; work         ;
;       |dg_mac_lane:banks[4].mac|             ; 18.9 (18.9)          ; 17.0 (17.0)                      ; 0.0 (0.0)                                         ; 1.9 (1.9)                        ; 0.0 (0.0)            ; 1 (1)               ; 32 (32)                   ; 0 (0)         ; 0                 ; 0     ; 1          ; 0    ; 0            ; |dg_csr_top|dg_tile_core:core|dg_mac_lane:banks[4].mac                                                             ; dg_mac_lane     ; work         ;
;       |dg_mac_lane:banks[5].mac|             ; 17.9 (17.9)          ; 16.0 (16.0)                      ; 0.0 (0.0)                                         ; 1.9 (1.9)                        ; 0.0 (0.0)            ; 0 (0)               ; 32 (32)                   ; 0 (0)         ; 0                 ; 0     ; 1          ; 0    ; 0            ; |dg_csr_top|dg_tile_core:core|dg_mac_lane:banks[5].mac                                                             ; dg_mac_lane     ; work         ;
;       |dg_mac_lane:banks[6].mac|             ; 17.9 (17.9)          ; 16.0 (16.0)                      ; 0.0 (0.0)                                         ; 1.9 (1.9)                        ; 0.0 (0.0)            ; 0 (0)               ; 32 (32)                   ; 0 (0)         ; 0                 ; 0     ; 1          ; 0    ; 0            ; |dg_csr_top|dg_tile_core:core|dg_mac_lane:banks[6].mac                                                             ; dg_mac_lane     ; work         ;
;       |dg_mac_lane:banks[7].mac|             ; 17.0 (17.0)          ; 16.0 (16.0)                      ; 0.0 (0.0)                                         ; 1.0 (1.0)                        ; 0.0 (0.0)            ; 0 (0)               ; 32 (32)                   ; 0 (0)         ; 0                 ; 0     ; 1          ; 0    ; 0            ; |dg_csr_top|dg_tile_core:core|dg_mac_lane:banks[7].mac                                                             ; dg_mac_lane     ; work         ;
;       |dg_requant:quant|                     ; 359.1 (359.1)        ; 360.7 (360.7)                    ; 4.0 (4.0)                                         ; 2.4 (2.4)                        ; 0.0 (0.0)            ; 549 (549)           ; 0 (0)                     ; 0 (0)         ; 0                 ; 0     ; 3          ; 0    ; 0            ; |dg_csr_top|dg_tile_core:core|dg_requant:quant                                                                     ; dg_requant      ; work         ;
;       |dg_tile_ram:banks[0].weight_bank|     ; 0.7 (0.7)            ; 0.7 (0.7)                        ; 0.0 (0.0)                                         ; 0.0 (0.0)                        ; 0.0 (0.0)            ; 1 (1)               ; 0 (0)                     ; 0 (0)         ; 2048              ; 1     ; 0          ; 0    ; 0            ; |dg_csr_top|dg_tile_core:core|dg_tile_ram:banks[0].weight_bank                                                     ; dg_tile_ram     ; work         ;
;          |altsyncram:mem_rtl_0|              ; 0.0 (0.0)            ; 0.0 (0.0)                        ; 0.0 (0.0)                                         ; 0.0 (0.0)                        ; 0.0 (0.0)            ; 0 (0)               ; 0 (0)                     ; 0 (0)         ; 2048              ; 1     ; 0          ; 0    ; 0            ; |dg_csr_top|dg_tile_core:core|dg_tile_ram:banks[0].weight_bank|altsyncram:mem_rtl_0                                ; altsyncram      ; work         ;
;             |altsyncram_rtr1:auto_generated| ; 0.0 (0.0)            ; 0.0 (0.0)                        ; 0.0 (0.0)                                         ; 0.0 (0.0)                        ; 0.0 (0.0)            ; 0 (0)               ; 0 (0)                     ; 0 (0)         ; 2048              ; 1     ; 0          ; 0    ; 0            ; |dg_csr_top|dg_tile_core:core|dg_tile_ram:banks[0].weight_bank|altsyncram:mem_rtl_0|altsyncram_rtr1:auto_generated ; altsyncram_rtr1 ; work         ;
;       |dg_tile_ram:banks[1].weight_bank|     ; 0.5 (0.5)            ; 0.5 (0.5)                        ; 0.0 (0.0)                                         ; 0.0 (0.0)                        ; 0.0 (0.0)            ; 1 (1)               ; 0 (0)                     ; 0 (0)         ; 2048              ; 1     ; 0          ; 0    ; 0            ; |dg_csr_top|dg_tile_core:core|dg_tile_ram:banks[1].weight_bank                                                     ; dg_tile_ram     ; work         ;
;          |altsyncram:mem_rtl_0|              ; 0.0 (0.0)            ; 0.0 (0.0)                        ; 0.0 (0.0)                                         ; 0.0 (0.0)                        ; 0.0 (0.0)            ; 0 (0)               ; 0 (0)                     ; 0 (0)         ; 2048              ; 1     ; 0          ; 0    ; 0            ; |dg_csr_top|dg_tile_core:core|dg_tile_ram:banks[1].weight_bank|altsyncram:mem_rtl_0                                ; altsyncram      ; work         ;
;             |altsyncram_rtr1:auto_generated| ; 0.0 (0.0)            ; 0.0 (0.0)                        ; 0.0 (0.0)                                         ; 0.0 (0.0)                        ; 0.0 (0.0)            ; 0 (0)               ; 0 (0)                     ; 0 (0)         ; 2048              ; 1     ; 0          ; 0    ; 0            ; |dg_csr_top|dg_tile_core:core|dg_tile_ram:banks[1].weight_bank|altsyncram:mem_rtl_0|altsyncram_rtr1:auto_generated ; altsyncram_rtr1 ; work         ;
;       |dg_tile_ram:banks[2].weight_bank|     ; 0.5 (0.5)            ; 0.5 (0.5)                        ; 0.0 (0.0)                                         ; 0.0 (0.0)                        ; 0.0 (0.0)            ; 1 (1)               ; 0 (0)                     ; 0 (0)         ; 2048              ; 1     ; 0          ; 0    ; 0            ; |dg_csr_top|dg_tile_core:core|dg_tile_ram:banks[2].weight_bank                                                     ; dg_tile_ram     ; work         ;
;          |altsyncram:mem_rtl_0|              ; 0.0 (0.0)            ; 0.0 (0.0)                        ; 0.0 (0.0)                                         ; 0.0 (0.0)                        ; 0.0 (0.0)            ; 0 (0)               ; 0 (0)                     ; 0 (0)         ; 2048              ; 1     ; 0          ; 0    ; 0            ; |dg_csr_top|dg_tile_core:core|dg_tile_ram:banks[2].weight_bank|altsyncram:mem_rtl_0                                ; altsyncram      ; work         ;
;             |altsyncram_rtr1:auto_generated| ; 0.0 (0.0)            ; 0.0 (0.0)                        ; 0.0 (0.0)                                         ; 0.0 (0.0)                        ; 0.0 (0.0)            ; 0 (0)               ; 0 (0)                     ; 0 (0)         ; 2048              ; 1     ; 0          ; 0    ; 0            ; |dg_csr_top|dg_tile_core:core|dg_tile_ram:banks[2].weight_bank|altsyncram:mem_rtl_0|altsyncram_rtr1:auto_generated ; altsyncram_rtr1 ; work         ;
;       |dg_tile_ram:banks[3].weight_bank|     ; 0.5 (0.5)            ; 1.0 (1.0)                        ; 0.5 (0.5)                                         ; 0.0 (0.0)                        ; 0.0 (0.0)            ; 1 (1)               ; 0 (0)                     ; 0 (0)         ; 2048              ; 1     ; 0          ; 0    ; 0            ; |dg_csr_top|dg_tile_core:core|dg_tile_ram:banks[3].weight_bank                                                     ; dg_tile_ram     ; work         ;
;          |altsyncram:mem_rtl_0|              ; 0.0 (0.0)            ; 0.0 (0.0)                        ; 0.0 (0.0)                                         ; 0.0 (0.0)                        ; 0.0 (0.0)            ; 0 (0)               ; 0 (0)                     ; 0 (0)         ; 2048              ; 1     ; 0          ; 0    ; 0            ; |dg_csr_top|dg_tile_core:core|dg_tile_ram:banks[3].weight_bank|altsyncram:mem_rtl_0                                ; altsyncram      ; work         ;
;             |altsyncram_rtr1:auto_generated| ; 0.0 (0.0)            ; 0.0 (0.0)                        ; 0.0 (0.0)                                         ; 0.0 (0.0)                        ; 0.0 (0.0)            ; 0 (0)               ; 0 (0)                     ; 0 (0)         ; 2048              ; 1     ; 0          ; 0    ; 0            ; |dg_csr_top|dg_tile_core:core|dg_tile_ram:banks[3].weight_bank|altsyncram:mem_rtl_0|altsyncram_rtr1:auto_generated ; altsyncram_rtr1 ; work         ;
;       |dg_tile_ram:banks[4].weight_bank|     ; 0.5 (0.5)            ; 0.7 (0.7)                        ; 0.2 (0.2)                                         ; 0.0 (0.0)                        ; 0.0 (0.0)            ; 1 (1)               ; 0 (0)                     ; 0 (0)         ; 2048              ; 1     ; 0          ; 0    ; 0            ; |dg_csr_top|dg_tile_core:core|dg_tile_ram:banks[4].weight_bank                                                     ; dg_tile_ram     ; work         ;
;          |altsyncram:mem_rtl_0|              ; 0.0 (0.0)            ; 0.0 (0.0)                        ; 0.0 (0.0)                                         ; 0.0 (0.0)                        ; 0.0 (0.0)            ; 0 (0)               ; 0 (0)                     ; 0 (0)         ; 2048              ; 1     ; 0          ; 0    ; 0            ; |dg_csr_top|dg_tile_core:core|dg_tile_ram:banks[4].weight_bank|altsyncram:mem_rtl_0                                ; altsyncram      ; work         ;
;             |altsyncram_rtr1:auto_generated| ; 0.0 (0.0)            ; 0.0 (0.0)                        ; 0.0 (0.0)                                         ; 0.0 (0.0)                        ; 0.0 (0.0)            ; 0 (0)               ; 0 (0)                     ; 0 (0)         ; 2048              ; 1     ; 0          ; 0    ; 0            ; |dg_csr_top|dg_tile_core:core|dg_tile_ram:banks[4].weight_bank|altsyncram:mem_rtl_0|altsyncram_rtr1:auto_generated ; altsyncram_rtr1 ; work         ;
;       |dg_tile_ram:banks[5].weight_bank|     ; 0.5 (0.5)            ; 0.5 (0.5)                        ; 0.0 (0.0)                                         ; 0.0 (0.0)                        ; 0.0 (0.0)            ; 1 (1)               ; 0 (0)                     ; 0 (0)         ; 2048              ; 1     ; 0          ; 0    ; 0            ; |dg_csr_top|dg_tile_core:core|dg_tile_ram:banks[5].weight_bank                                                     ; dg_tile_ram     ; work         ;
;          |altsyncram:mem_rtl_0|              ; 0.0 (0.0)            ; 0.0 (0.0)                        ; 0.0 (0.0)                                         ; 0.0 (0.0)                        ; 0.0 (0.0)            ; 0 (0)               ; 0 (0)                     ; 0 (0)         ; 2048              ; 1     ; 0          ; 0    ; 0            ; |dg_csr_top|dg_tile_core:core|dg_tile_ram:banks[5].weight_bank|altsyncram:mem_rtl_0                                ; altsyncram      ; work         ;
;             |altsyncram_rtr1:auto_generated| ; 0.0 (0.0)            ; 0.0 (0.0)                        ; 0.0 (0.0)                                         ; 0.0 (0.0)                        ; 0.0 (0.0)            ; 0 (0)               ; 0 (0)                     ; 0 (0)         ; 2048              ; 1     ; 0          ; 0    ; 0            ; |dg_csr_top|dg_tile_core:core|dg_tile_ram:banks[5].weight_bank|altsyncram:mem_rtl_0|altsyncram_rtr1:auto_generated ; altsyncram_rtr1 ; work         ;
;       |dg_tile_ram:banks[6].weight_bank|     ; 0.5 (0.5)            ; 0.7 (0.7)                        ; 0.2 (0.2)                                         ; 0.0 (0.0)                        ; 0.0 (0.0)            ; 1 (1)               ; 0 (0)                     ; 0 (0)         ; 2048              ; 1     ; 0          ; 0    ; 0            ; |dg_csr_top|dg_tile_core:core|dg_tile_ram:banks[6].weight_bank                                                     ; dg_tile_ram     ; work         ;
;          |altsyncram:mem_rtl_0|              ; 0.0 (0.0)            ; 0.0 (0.0)                        ; 0.0 (0.0)                                         ; 0.0 (0.0)                        ; 0.0 (0.0)            ; 0 (0)               ; 0 (0)                     ; 0 (0)         ; 2048              ; 1     ; 0          ; 0    ; 0            ; |dg_csr_top|dg_tile_core:core|dg_tile_ram:banks[6].weight_bank|altsyncram:mem_rtl_0                                ; altsyncram      ; work         ;
;             |altsyncram_rtr1:auto_generated| ; 0.0 (0.0)            ; 0.0 (0.0)                        ; 0.0 (0.0)                                         ; 0.0 (0.0)                        ; 0.0 (0.0)            ; 0 (0)               ; 0 (0)                     ; 0 (0)         ; 2048              ; 1     ; 0          ; 0    ; 0            ; |dg_csr_top|dg_tile_core:core|dg_tile_ram:banks[6].weight_bank|altsyncram:mem_rtl_0|altsyncram_rtr1:auto_generated ; altsyncram_rtr1 ; work         ;
;       |dg_tile_ram:banks[7].weight_bank|     ; 2.6 (2.6)            ; 2.6 (2.6)                        ; 0.0 (0.0)                                         ; 0.0 (0.0)                        ; 0.0 (0.0)            ; 5 (5)               ; 0 (0)                     ; 0 (0)         ; 2048              ; 1     ; 0          ; 0    ; 0            ; |dg_csr_top|dg_tile_core:core|dg_tile_ram:banks[7].weight_bank                                                     ; dg_tile_ram     ; work         ;
;          |altsyncram:mem_rtl_0|              ; 0.0 (0.0)            ; 0.0 (0.0)                        ; 0.0 (0.0)                                         ; 0.0 (0.0)                        ; 0.0 (0.0)            ; 0 (0)               ; 0 (0)                     ; 0 (0)         ; 2048              ; 1     ; 0          ; 0    ; 0            ; |dg_csr_top|dg_tile_core:core|dg_tile_ram:banks[7].weight_bank|altsyncram:mem_rtl_0                                ; altsyncram      ; work         ;
;             |altsyncram_rtr1:auto_generated| ; 0.0 (0.0)            ; 0.0 (0.0)                        ; 0.0 (0.0)                                         ; 0.0 (0.0)                        ; 0.0 (0.0)            ; 0 (0)               ; 0 (0)                     ; 0 (0)         ; 2048              ; 1     ; 0          ; 0    ; 0            ; |dg_csr_top|dg_tile_core:core|dg_tile_ram:banks[7].weight_bank|altsyncram:mem_rtl_0|altsyncram_rtr1:auto_generated ; altsyncram_rtr1 ; work         ;
;       |dg_tile_ram:input_bank|               ; 3.5 (3.5)            ; 3.5 (3.5)                        ; 0.0 (0.0)                                         ; 0.0 (0.0)                        ; 0.0 (0.0)            ; 6 (6)               ; 0 (0)                     ; 0 (0)         ; 2048              ; 1     ; 0          ; 0    ; 0            ; |dg_csr_top|dg_tile_core:core|dg_tile_ram:input_bank                                                               ; dg_tile_ram     ; work         ;
;          |altsyncram:mem_rtl_0|              ; 0.0 (0.0)            ; 0.0 (0.0)                        ; 0.0 (0.0)                                         ; 0.0 (0.0)                        ; 0.0 (0.0)            ; 0 (0)               ; 0 (0)                     ; 0 (0)         ; 2048              ; 1     ; 0          ; 0    ; 0            ; |dg_csr_top|dg_tile_core:core|dg_tile_ram:input_bank|altsyncram:mem_rtl_0                                          ; altsyncram      ; work         ;
;             |altsyncram_rtr1:auto_generated| ; 0.0 (0.0)            ; 0.0 (0.0)                        ; 0.0 (0.0)                                         ; 0.0 (0.0)                        ; 0.0 (0.0)            ; 0 (0)               ; 0 (0)                     ; 0 (0)         ; 2048              ; 1     ; 0          ; 0    ; 0            ; |dg_csr_top|dg_tile_core:core|dg_tile_ram:input_bank|altsyncram:mem_rtl_0|altsyncram_rtr1:auto_generated           ; altsyncram_rtr1 ; work         ;
+----------------------------------------------+----------------------+----------------------------------+---------------------------------------------------+----------------------------------+----------------------+---------------------+---------------------------+---------------+-------------------+-------+------------+------+--------------+--------------------------------------------------------------------------------------------------------------------+-----------------+--------------+
Note: For table entries with two numbers listed, the numbers in parentheses indicate the number of resources of the given type used by the specific entity alone. The numbers listed outside of parentheses indicate the total resources of the given type used by the specific entity and all of its sub-entities in the hierarchy.


+------------------------------------------------------------------------------------------------------------------------------+
; Delay Chain Summary                                                                                                          ;
+---------------+----------+----+------+------+----+------+-------+--------+------------------------+--------------------------+
; Name          ; Pin Type ; D1 ; D3_0 ; D3_1 ; D4 ; D5   ; D5 OE ; D5 OCT ; T11 (Postamble Gating) ; T11 (Postamble Ungating) ;
+---------------+----------+----+------+------+----+------+-------+--------+------------------------+--------------------------+
; readdata[0]   ; Output   ; -- ; --   ; --   ; -- ; (0)  ; (31)  ; --     ; --                     ; --                       ;
; readdata[1]   ; Output   ; -- ; --   ; --   ; -- ; (0)  ; (31)  ; --     ; --                     ; --                       ;
; readdata[2]   ; Output   ; -- ; --   ; --   ; -- ; (0)  ; (31)  ; --     ; --                     ; --                       ;
; readdata[3]   ; Output   ; -- ; --   ; --   ; -- ; (0)  ; (31)  ; --     ; --                     ; --                       ;
; readdata[4]   ; Output   ; -- ; --   ; --   ; -- ; (0)  ; (31)  ; --     ; --                     ; --                       ;
; readdata[5]   ; Output   ; -- ; --   ; --   ; -- ; (0)  ; (31)  ; --     ; --                     ; --                       ;
; readdata[6]   ; Output   ; -- ; --   ; --   ; -- ; (0)  ; (31)  ; --     ; --                     ; --                       ;
; readdata[7]   ; Output   ; -- ; --   ; --   ; -- ; (0)  ; (31)  ; --     ; --                     ; --                       ;
; readdata[8]   ; Output   ; -- ; --   ; --   ; -- ; (0)  ; (31)  ; --     ; --                     ; --                       ;
; readdata[9]   ; Output   ; -- ; --   ; --   ; -- ; (0)  ; (31)  ; --     ; --                     ; --                       ;
; readdata[10]  ; Output   ; -- ; --   ; --   ; -- ; (0)  ; (31)  ; --     ; --                     ; --                       ;
; readdata[11]  ; Output   ; -- ; --   ; --   ; -- ; (0)  ; (31)  ; --     ; --                     ; --                       ;
; readdata[12]  ; Output   ; -- ; --   ; --   ; -- ; (0)  ; (31)  ; --     ; --                     ; --                       ;
; readdata[13]  ; Output   ; -- ; --   ; --   ; -- ; (0)  ; (31)  ; --     ; --                     ; --                       ;
; readdata[14]  ; Output   ; -- ; --   ; --   ; -- ; (0)  ; (31)  ; --     ; --                     ; --                       ;
; readdata[15]  ; Output   ; -- ; --   ; --   ; -- ; (0)  ; (31)  ; --     ; --                     ; --                       ;
; readdata[16]  ; Output   ; -- ; --   ; --   ; -- ; (0)  ; (31)  ; --     ; --                     ; --                       ;
; readdata[17]  ; Output   ; -- ; --   ; --   ; -- ; (0)  ; (31)  ; --     ; --                     ; --                       ;
; readdata[18]  ; Output   ; -- ; --   ; --   ; -- ; (0)  ; (31)  ; --     ; --                     ; --                       ;
; readdata[19]  ; Output   ; -- ; --   ; --   ; -- ; (0)  ; (31)  ; --     ; --                     ; --                       ;
; readdata[20]  ; Output   ; -- ; --   ; --   ; -- ; (0)  ; (31)  ; --     ; --                     ; --                       ;
; readdata[21]  ; Output   ; -- ; --   ; --   ; -- ; (0)  ; (31)  ; --     ; --                     ; --                       ;
; readdata[22]  ; Output   ; -- ; --   ; --   ; -- ; (0)  ; (31)  ; --     ; --                     ; --                       ;
; readdata[23]  ; Output   ; -- ; --   ; --   ; -- ; (0)  ; (31)  ; --     ; --                     ; --                       ;
; readdata[24]  ; Output   ; -- ; --   ; --   ; -- ; (0)  ; (31)  ; --     ; --                     ; --                       ;
; readdata[25]  ; Output   ; -- ; --   ; --   ; -- ; (0)  ; (31)  ; --     ; --                     ; --                       ;
; readdata[26]  ; Output   ; -- ; --   ; --   ; -- ; (0)  ; (31)  ; --     ; --                     ; --                       ;
; readdata[27]  ; Output   ; -- ; --   ; --   ; -- ; (0)  ; (31)  ; --     ; --                     ; --                       ;
; readdata[28]  ; Output   ; -- ; --   ; --   ; -- ; (0)  ; (31)  ; --     ; --                     ; --                       ;
; readdata[29]  ; Output   ; -- ; --   ; --   ; -- ; (0)  ; (31)  ; --     ; --                     ; --                       ;
; readdata[30]  ; Output   ; -- ; --   ; --   ; -- ; (0)  ; (31)  ; --     ; --                     ; --                       ;
; readdata[31]  ; Output   ; -- ; --   ; --   ; -- ; (0)  ; (31)  ; --     ; --                     ; --                       ;
; waitrequest   ; Output   ; -- ; --   ; --   ; -- ; (0)  ; (31)  ; --     ; --                     ; --                       ;
; irq           ; Output   ; -- ; --   ; --   ; -- ; (0)  ; (31)  ; --     ; --                     ; --                       ;
; address[5]    ; Input    ; -- ; (0)  ; --   ; -- ; --   ; --    ; --     ; --                     ; --                       ;
; address[2]    ; Input    ; -- ; (0)  ; --   ; -- ; --   ; --    ; --     ; --                     ; --                       ;
; address[3]    ; Input    ; -- ; --   ; (0)  ; -- ; --   ; --    ; --     ; --                     ; --                       ;
; address[4]    ; Input    ; -- ; --   ; (0)  ; -- ; --   ; --    ; --     ; --                     ; --                       ;
; address[6]    ; Input    ; -- ; --   ; (0)  ; -- ; --   ; --    ; --     ; --                     ; --                       ;
; address[7]    ; Input    ; -- ; (0)  ; --   ; -- ; --   ; --    ; --     ; --                     ; --                       ;
; read          ; Input    ; -- ; --   ; (0)  ; -- ; --   ; --    ; --     ; --                     ; --                       ;
; address[0]    ; Input    ; -- ; (0)  ; --   ; -- ; --   ; --    ; --     ; --                     ; --                       ;
; address[1]    ; Input    ; -- ; --   ; (0)  ; -- ; --   ; --    ; --     ; --                     ; --                       ;
; clk           ; Input    ; -- ; (0)  ; --   ; -- ; --   ; --    ; --     ; --                     ; --                       ;
; rst_n         ; Input    ; -- ; (0)  ; --   ; -- ; --   ; --    ; --     ; --                     ; --                       ;
; write         ; Input    ; -- ; (0)  ; --   ; -- ; --   ; --    ; --     ; --                     ; --                       ;
; byteenable[0] ; Input    ; -- ; --   ; (0)  ; -- ; --   ; --    ; --     ; --                     ; --                       ;
; byteenable[1] ; Input    ; -- ; --   ; (0)  ; -- ; --   ; --    ; --     ; --                     ; --                       ;
; byteenable[2] ; Input    ; -- ; --   ; (0)  ; -- ; --   ; --    ; --     ; --                     ; --                       ;
; byteenable[3] ; Input    ; -- ; --   ; (0)  ; -- ; --   ; --    ; --     ; --                     ; --                       ;
; writedata[2]  ; Input    ; -- ; --   ; (0)  ; -- ; --   ; --    ; --     ; --                     ; --                       ;
; writedata[0]  ; Input    ; -- ; (0)  ; --   ; -- ; --   ; --    ; --     ; --                     ; --                       ;
; writedata[1]  ; Input    ; -- ; (0)  ; --   ; -- ; --   ; --    ; --     ; --                     ; --                       ;
; writedata[8]  ; Input    ; -- ; (0)  ; --   ; -- ; --   ; --    ; --     ; --                     ; --                       ;
; writedata[20] ; Input    ; -- ; (0)  ; --   ; -- ; --   ; --    ; --     ; --                     ; --                       ;
; writedata[9]  ; Input    ; -- ; --   ; (0)  ; -- ; --   ; --    ; --     ; --                     ; --                       ;
; writedata[10] ; Input    ; -- ; (0)  ; --   ; -- ; --   ; --    ; --     ; --                     ; --                       ;
; writedata[11] ; Input    ; -- ; --   ; (0)  ; -- ; --   ; --    ; --     ; --                     ; --                       ;
; writedata[12] ; Input    ; -- ; (0)  ; --   ; -- ; --   ; --    ; --     ; --                     ; --                       ;
; writedata[13] ; Input    ; -- ; (0)  ; --   ; -- ; --   ; --    ; --     ; --                     ; --                       ;
; writedata[14] ; Input    ; -- ; (0)  ; --   ; -- ; --   ; --    ; --     ; --                     ; --                       ;
; writedata[15] ; Input    ; -- ; --   ; (0)  ; -- ; --   ; --    ; --     ; --                     ; --                       ;
; writedata[16] ; Input    ; -- ; (0)  ; --   ; -- ; --   ; --    ; --     ; --                     ; --                       ;
; writedata[17] ; Input    ; -- ; --   ; (0)  ; -- ; --   ; --    ; --     ; --                     ; --                       ;
; writedata[18] ; Input    ; -- ; --   ; (0)  ; -- ; --   ; --    ; --     ; --                     ; --                       ;
; writedata[19] ; Input    ; -- ; (0)  ; --   ; -- ; --   ; --    ; --     ; --                     ; --                       ;
; writedata[26] ; Input    ; -- ; (0)  ; --   ; -- ; --   ; --    ; --     ; --                     ; --                       ;
; writedata[31] ; Input    ; -- ; (0)  ; --   ; -- ; --   ; --    ; --     ; --                     ; --                       ;
; writedata[21] ; Input    ; -- ; --   ; (0)  ; -- ; --   ; --    ; --     ; --                     ; --                       ;
; writedata[22] ; Input    ; -- ; (0)  ; --   ; -- ; --   ; --    ; --     ; --                     ; --                       ;
; writedata[23] ; Input    ; -- ; --   ; (0)  ; -- ; --   ; --    ; --     ; --                     ; --                       ;
; writedata[24] ; Input    ; -- ; (0)  ; --   ; -- ; --   ; --    ; --     ; --                     ; --                       ;
; writedata[25] ; Input    ; -- ; (0)  ; --   ; -- ; --   ; --    ; --     ; --                     ; --                       ;
; writedata[27] ; Input    ; -- ; (0)  ; --   ; -- ; --   ; --    ; --     ; --                     ; --                       ;
; writedata[28] ; Input    ; -- ; (0)  ; --   ; -- ; --   ; --    ; --     ; --                     ; --                       ;
; writedata[29] ; Input    ; -- ; (0)  ; --   ; -- ; --   ; --    ; --     ; --                     ; --                       ;
; writedata[30] ; Input    ; -- ; --   ; (0)  ; -- ; --   ; --    ; --     ; --                     ; --                       ;
; writedata[4]  ; Input    ; -- ; (0)  ; --   ; -- ; --   ; --    ; --     ; --                     ; --                       ;
; writedata[5]  ; Input    ; -- ; (0)  ; --   ; -- ; --   ; --    ; --     ; --                     ; --                       ;
; writedata[6]  ; Input    ; -- ; --   ; (0)  ; -- ; --   ; --    ; --     ; --                     ; --                       ;
; writedata[7]  ; Input    ; -- ; --   ; (0)  ; -- ; --   ; --    ; --     ; --                     ; --                       ;
; writedata[3]  ; Input    ; -- ; (0)  ; --   ; -- ; --   ; --    ; --     ; --                     ; --                       ;
+---------------+----------+----+------+------+----+------+-------+--------+------------------------+--------------------------+


+----------------------------------------------------------------------------------------------------------------------------------------------------------+
; Pad To Core Delay Chain Fanout                                                                                                                           ;
+----------------------------------------------------------------------------------------------------------------------------+-------------------+---------+
; Source Pin / Fanout                                                                                                        ; Pad To Core Index ; Setting ;
+----------------------------------------------------------------------------------------------------------------------------+-------------------+---------+
; address[5]                                                                                                                 ;                   ;         ;
;      - readdata~37                                                                                                         ; 0                 ; 0       ;
;      - readdata~38                                                                                                         ; 0                 ; 0       ;
;      - readdata~39                                                                                                         ; 0                 ; 0       ;
;      - readdata~43                                                                                                         ; 0                 ; 0       ;
;      - readdata~44                                                                                                         ; 0                 ; 0       ;
;      - readdata~45                                                                                                         ; 0                 ; 0       ;
;      - readdata~46                                                                                                         ; 0                 ; 0       ;
;      - readdata~47                                                                                                         ; 0                 ; 0       ;
;      - readdata~50                                                                                                         ; 0                 ; 0       ;
;      - readdata~52                                                                                                         ; 0                 ; 0       ;
;      - readdata~54                                                                                                         ; 0                 ; 0       ;
;      - readdata~56                                                                                                         ; 0                 ; 0       ;
;      - ctrl~0                                                                                                              ; 0                 ; 0       ;
;      - readdata~62                                                                                                         ; 0                 ; 0       ;
;      - readdata~63                                                                                                         ; 0                 ; 0       ;
;      - readdata~64                                                                                                         ; 0                 ; 0       ;
;      - readdata~67                                                                                                         ; 0                 ; 0       ;
;      - readdata~71                                                                                                         ; 0                 ; 0       ;
;      - readdata~75                                                                                                         ; 0                 ; 0       ;
;      - readdata~77                                                                                                         ; 0                 ; 0       ;
;      - readdata~78                                                                                                         ; 0                 ; 0       ;
;      - readdata~80                                                                                                         ; 0                 ; 0       ;
;      - readdata~84                                                                                                         ; 0                 ; 0       ;
;      - Selector23~1                                                                                                        ; 0                 ; 0       ;
;      - ctrl~1                                                                                                              ; 0                 ; 0       ;
;      - Equal5~0                                                                                                            ; 0                 ; 0       ;
;      - comb~0                                                                                                              ; 0                 ; 0       ;
;      - lane_reg~0                                                                                                          ; 0                 ; 0       ;
;      - Selector32~0                                                                                                        ; 0                 ; 0       ;
;      - Selector32~1                                                                                                        ; 0                 ; 0       ;
;      - Selector32~2                                                                                                        ; 0                 ; 0       ;
;      - dg_tile_core:core|dg_tile_ram:banks[7].weight_bank|always0~1                                                        ; 0                 ; 0       ;
;      - dg_tile_core:core|dg_tile_ram:input_bank|always0~4                                                                  ; 0                 ; 0       ;
; address[2]                                                                                                                 ;                   ;         ;
;      - Selector23~2                                                                                                        ; 0                 ; 0       ;
;      - readdata~30                                                                                                         ; 0                 ; 0       ;
;      - readdata~31                                                                                                         ; 0                 ; 0       ;
;      - readdata~35                                                                                                         ; 0                 ; 0       ;
;      - readdata~36                                                                                                         ; 0                 ; 0       ;
;      - readdata~37                                                                                                         ; 0                 ; 0       ;
;      - readdata~41                                                                                                         ; 0                 ; 0       ;
;      - readdata~42                                                                                                         ; 0                 ; 0       ;
;      - readdata~43                                                                                                         ; 0                 ; 0       ;
;      - readdata~46                                                                                                         ; 0                 ; 0       ;
;      - readdata~47                                                                                                         ; 0                 ; 0       ;
;      - readdata~50                                                                                                         ; 0                 ; 0       ;
;      - readdata~52                                                                                                         ; 0                 ; 0       ;
;      - readdata~54                                                                                                         ; 0                 ; 0       ;
;      - readdata~56                                                                                                         ; 0                 ; 0       ;
;      - ctrl~0                                                                                                              ; 0                 ; 0       ;
;      - readdata~63                                                                                                         ; 0                 ; 0       ;
;      - readdata~64                                                                                                         ; 0                 ; 0       ;
;      - readdata~67                                                                                                         ; 0                 ; 0       ;
;      - readdata~71                                                                                                         ; 0                 ; 0       ;
;      - readdata~75                                                                                                         ; 0                 ; 0       ;
;      - readdata~77                                                                                                         ; 0                 ; 0       ;
;      - readdata~78                                                                                                         ; 0                 ; 0       ;
;      - readdata~79                                                                                                         ; 0                 ; 0       ;
;      - Selector23~0                                                                                                        ; 0                 ; 0       ;
;      - readdata~85                                                                                                         ; 0                 ; 0       ;
;      - readdata~88                                                                                                         ; 0                 ; 0       ;
;      - readdata~91                                                                                                         ; 0                 ; 0       ;
;      - readdata~94                                                                                                         ; 0                 ; 0       ;
;      - readdata~97                                                                                                         ; 0                 ; 0       ;
;      - readdata~100                                                                                                        ; 0                 ; 0       ;
;      - readdata~103                                                                                                        ; 0                 ; 0       ;
;      - Selector15~0                                                                                                        ; 0                 ; 0       ;
;      - readdata~107                                                                                                        ; 0                 ; 0       ;
;      - readdata~108                                                                                                        ; 0                 ; 0       ;
;      - readdata~110                                                                                                        ; 0                 ; 0       ;
;      - readdata~112                                                                                                        ; 0                 ; 0       ;
;      - readdata~114                                                                                                        ; 0                 ; 0       ;
;      - readdata~116                                                                                                        ; 0                 ; 0       ;
;      - readdata~118                                                                                                        ; 0                 ; 0       ;
;      - readdata~120                                                                                                        ; 0                 ; 0       ;
;      - readdata~122                                                                                                        ; 0                 ; 0       ;
;      - readdata~124                                                                                                        ; 0                 ; 0       ;
;      - readdata~126                                                                                                        ; 0                 ; 0       ;
;      - readdata~128                                                                                                        ; 0                 ; 0       ;
;      - readdata~130                                                                                                        ; 0                 ; 0       ;
;      - readdata~132                                                                                                        ; 0                 ; 0       ;
;      - readdata~134                                                                                                        ; 0                 ; 0       ;
;      - readdata~136                                                                                                        ; 0                 ; 0       ;
;      - ctrl~1                                                                                                              ; 0                 ; 0       ;
;      - comb~0                                                                                                              ; 0                 ; 0       ;
;      - Equal7~1                                                                                                            ; 0                 ; 0       ;
;      - index_reg~3                                                                                                         ; 0                 ; 0       ;
;      - lane_reg~2                                                                                                          ; 0                 ; 0       ;
;      - Selector32~0                                                                                                        ; 0                 ; 0       ;
;      - Selector32~1                                                                                                        ; 0                 ; 0       ;
;      - Equal5~1                                                                                                            ; 0                 ; 0       ;
;      - dg_tile_core:core|error~1                                                                                           ; 0                 ; 0       ;
;      - dg_tile_core:core|dg_tile_ram:banks[7].weight_bank|always0~1                                                        ; 0                 ; 0       ;
;      - dg_tile_core:core|dg_tile_ram:input_bank|always0~4                                                                  ; 0                 ; 0       ;
;      - dg_tile_core:core|multipliers~0                                                                                     ; 0                 ; 0       ;
;      - relu~1                                                                                                              ; 0                 ; 0       ;
; address[3]                                                                                                                 ;                   ;         ;
;      - Selector23~2                                                                                                        ; 1                 ; 0       ;
;      - readdata~33                                                                                                         ; 1                 ; 0       ;
;      - readdata~35                                                                                                         ; 1                 ; 0       ;
;      - readdata~37                                                                                                         ; 1                 ; 0       ;
;      - readdata~38                                                                                                         ; 1                 ; 0       ;
;      - readdata~41                                                                                                         ; 1                 ; 0       ;
;      - readdata~43                                                                                                         ; 1                 ; 0       ;
;      - readdata~44                                                                                                         ; 1                 ; 0       ;
;      - readdata~48                                                                                                         ; 1                 ; 0       ;
;      - readdata~51                                                                                                         ; 1                 ; 0       ;
;      - readdata~52                                                                                                         ; 1                 ; 0       ;
;      - ctrl~0                                                                                                              ; 1                 ; 0       ;
;      - readdata~58                                                                                                         ; 1                 ; 0       ;
;      - readdata~59                                                                                                         ; 1                 ; 0       ;
;      - readdata~63                                                                                                         ; 1                 ; 0       ;
;      - readdata~64                                                                                                         ; 1                 ; 0       ;
;      - readdata~77                                                                                                         ; 1                 ; 0       ;
;      - readdata~78                                                                                                         ; 1                 ; 0       ;
;      - readdata~79                                                                                                         ; 1                 ; 0       ;
;      - Selector23~0                                                                                                        ; 1                 ; 0       ;
;      - readdata~85                                                                                                         ; 1                 ; 0       ;
;      - readdata~88                                                                                                         ; 1                 ; 0       ;
;      - readdata~91                                                                                                         ; 1                 ; 0       ;
;      - readdata~94                                                                                                         ; 1                 ; 0       ;
;      - readdata~97                                                                                                         ; 1                 ; 0       ;
;      - readdata~100                                                                                                        ; 1                 ; 0       ;
;      - readdata~103                                                                                                        ; 1                 ; 0       ;
;      - Selector15~0                                                                                                        ; 1                 ; 0       ;
;      - readdata~107                                                                                                        ; 1                 ; 0       ;
;      - readdata~108                                                                                                        ; 1                 ; 0       ;
;      - readdata~110                                                                                                        ; 1                 ; 0       ;
;      - readdata~112                                                                                                        ; 1                 ; 0       ;
;      - readdata~114                                                                                                        ; 1                 ; 0       ;
;      - readdata~116                                                                                                        ; 1                 ; 0       ;
;      - readdata~118                                                                                                        ; 1                 ; 0       ;
;      - readdata~120                                                                                                        ; 1                 ; 0       ;
;      - readdata~122                                                                                                        ; 1                 ; 0       ;
;      - readdata~124                                                                                                        ; 1                 ; 0       ;
;      - readdata~126                                                                                                        ; 1                 ; 0       ;
;      - readdata~128                                                                                                        ; 1                 ; 0       ;
;      - readdata~130                                                                                                        ; 1                 ; 0       ;
;      - readdata~132                                                                                                        ; 1                 ; 0       ;
;      - readdata~134                                                                                                        ; 1                 ; 0       ;
;      - readdata~136                                                                                                        ; 1                 ; 0       ;
;      - ctrl~1                                                                                                              ; 1                 ; 0       ;
;      - Equal5~0                                                                                                            ; 1                 ; 0       ;
;      - comb~0                                                                                                              ; 1                 ; 0       ;
;      - Equal7~1                                                                                                            ; 1                 ; 0       ;
;      - Selector32~0                                                                                                        ; 1                 ; 0       ;
;      - Selector32~1                                                                                                        ; 1                 ; 0       ;
;      - dg_tile_core:core|dg_tile_ram:banks[7].weight_bank|always0~1                                                        ; 1                 ; 0       ;
;      - dg_tile_core:core|dg_tile_ram:input_bank|always0~4                                                                  ; 1                 ; 0       ;
;      - relu~1                                                                                                              ; 1                 ; 0       ;
; address[4]                                                                                                                 ;                   ;         ;
;      - Selector23~2                                                                                                        ; 1                 ; 0       ;
;      - readdata~33                                                                                                         ; 1                 ; 0       ;
;      - readdata~37                                                                                                         ; 1                 ; 0       ;
;      - readdata~38                                                                                                         ; 1                 ; 0       ;
;      - readdata~43                                                                                                         ; 1                 ; 0       ;
;      - readdata~44                                                                                                         ; 1                 ; 0       ;
;      - readdata~46                                                                                                         ; 1                 ; 0       ;
;      - readdata~48                                                                                                         ; 1                 ; 0       ;
;      - readdata~50                                                                                                         ; 1                 ; 0       ;
;      - readdata~51                                                                                                         ; 1                 ; 0       ;
;      - readdata~52                                                                                                         ; 1                 ; 0       ;
;      - readdata~54                                                                                                         ; 1                 ; 0       ;
;      - readdata~56                                                                                                         ; 1                 ; 0       ;
;      - ctrl~0                                                                                                              ; 1                 ; 0       ;
;      - readdata~58                                                                                                         ; 1                 ; 0       ;
;      - readdata~59                                                                                                         ; 1                 ; 0       ;
;      - readdata~63                                                                                                         ; 1                 ; 0       ;
;      - readdata~64                                                                                                         ; 1                 ; 0       ;
;      - readdata~77                                                                                                         ; 1                 ; 0       ;
;      - readdata~78                                                                                                         ; 1                 ; 0       ;
;      - readdata~80                                                                                                         ; 1                 ; 0       ;
;      - readdata~84                                                                                                         ; 1                 ; 0       ;
;      - Selector23~1                                                                                                        ; 1                 ; 0       ;
;      - ctrl~1                                                                                                              ; 1                 ; 0       ;
;      - dg_tile_core:core|error~0                                                                                           ; 1                 ; 0       ;
;      - comb~0                                                                                                              ; 1                 ; 0       ;
;      - Equal7~1                                                                                                            ; 1                 ; 0       ;
;      - Selector32~0                                                                                                        ; 1                 ; 0       ;
;      - Selector32~1                                                                                                        ; 1                 ; 0       ;
;      - Equal5~1                                                                                                            ; 1                 ; 0       ;
;      - dg_tile_core:core|error~1                                                                                           ; 1                 ; 0       ;
;      - dg_tile_core:core|dg_tile_ram:input_bank|always0~1                                                                  ; 1                 ; 0       ;
;      - dg_tile_core:core|multipliers~0                                                                                     ; 1                 ; 0       ;
;      - relu~1                                                                                                              ; 1                 ; 0       ;
; address[6]                                                                                                                 ;                   ;         ;
;      - Selector23~2                                                                                                        ; 1                 ; 0       ;
;      - readdata~34                                                                                                         ; 1                 ; 0       ;
;      - readdata~84                                                                                                         ; 1                 ; 0       ;
;      - ctrl~1                                                                                                              ; 1                 ; 0       ;
;      - Equal5~0                                                                                                            ; 1                 ; 0       ;
;      - Equal7~0                                                                                                            ; 1                 ; 0       ;
;      - lane_reg~0                                                                                                          ; 1                 ; 0       ;
;      - dg_tile_core:core|dg_tile_ram:input_bank|always0~2                                                                  ; 1                 ; 0       ;
; address[7]                                                                                                                 ;                   ;         ;
;      - readdata~34                                                                                                         ; 0                 ; 0       ;
;      - readdata~57                                                                                                         ; 0                 ; 0       ;
;      - readdata~83                                                                                                         ; 0                 ; 0       ;
;      - ctrl~1                                                                                                              ; 0                 ; 0       ;
;      - Equal5~0                                                                                                            ; 0                 ; 0       ;
;      - Equal7~0                                                                                                            ; 0                 ; 0       ;
;      - lane_reg~0                                                                                                          ; 0                 ; 0       ;
;      - dg_tile_core:core|dg_tile_ram:input_bank|always0~2                                                                  ; 0                 ; 0       ;
; read                                                                                                                       ;                   ;         ;
;      - readdata~34                                                                                                         ; 1                 ; 0       ;
;      - readdata~57                                                                                                         ; 1                 ; 0       ;
;      - readdata~83                                                                                                         ; 1                 ; 0       ;
; address[0]                                                                                                                 ;                   ;         ;
;      - readdata~34                                                                                                         ; 0                 ; 0       ;
;      - readdata~57                                                                                                         ; 0                 ; 0       ;
;      - readdata~83                                                                                                         ; 0                 ; 0       ;
;      - dg_tile_core:core|dg_tile_ram:input_bank|always0~0                                                                  ; 0                 ; 0       ;
;      - Equal5~0                                                                                                            ; 0                 ; 0       ;
;      - lane_reg~0                                                                                                          ; 0                 ; 0       ;
; address[1]                                                                                                                 ;                   ;         ;
;      - readdata~34                                                                                                         ; 1                 ; 0       ;
;      - readdata~57                                                                                                         ; 1                 ; 0       ;
;      - readdata~83                                                                                                         ; 1                 ; 0       ;
;      - dg_tile_core:core|dg_tile_ram:input_bank|always0~0                                                                  ; 1                 ; 0       ;
;      - Equal5~0                                                                                                            ; 1                 ; 0       ;
;      - lane_reg~0                                                                                                          ; 1                 ; 0       ;
; clk                                                                                                                        ;                   ;         ;
; rst_n                                                                                                                      ;                   ;         ;
;      - length[13]                                                                                                          ; 0                 ; 0       ;
;      - length[9]                                                                                                           ; 0                 ; 0       ;
;      - length[5]                                                                                                           ; 0                 ; 0       ;
;      - length[1]                                                                                                           ; 0                 ; 0       ;
;      - length[4]                                                                                                           ; 0                 ; 0       ;
;      - length[12]                                                                                                          ; 0                 ; 0       ;
;      - length[11]                                                                                                          ; 0                 ; 0       ;
;      - length[10]                                                                                                          ; 0                 ; 0       ;
;      - length[7]                                                                                                           ; 0                 ; 0       ;
;      - length[2]                                                                                                           ; 0                 ; 0       ;
;      - length[3]                                                                                                           ; 0                 ; 0       ;
;      - length[15]                                                                                                          ; 0                 ; 0       ;
;      - length[6]                                                                                                           ; 0                 ; 0       ;
;      - length[14]                                                                                                          ; 0                 ; 0       ;
;      - length[8]                                                                                                           ; 0                 ; 0       ;
;      - index_reg[8]                                                                                                        ; 0                 ; 0       ;
;      - index_reg[4]                                                                                                        ; 0                 ; 0       ;
;      - index_reg[5]                                                                                                        ; 0                 ; 0       ;
;      - index_reg[9]                                                                                                        ; 0                 ; 0       ;
;      - index_reg[10]                                                                                                       ; 0                 ; 0       ;
;      - index_reg[2]                                                                                                        ; 0                 ; 0       ;
;      - index_reg[11]                                                                                                       ; 0                 ; 0       ;
;      - index_reg[14]                                                                                                       ; 0                 ; 0       ;
;      - index_reg[1]                                                                                                        ; 0                 ; 0       ;
;      - index_reg[0]                                                                                                        ; 0                 ; 0       ;
;      - index_reg[12]                                                                                                       ; 0                 ; 0       ;
;      - index_reg[3]                                                                                                        ; 0                 ; 0       ;
;      - index_reg[13]                                                                                                       ; 0                 ; 0       ;
;      - index_reg[6]                                                                                                        ; 0                 ; 0       ;
;      - index_reg[7]                                                                                                        ; 0                 ; 0       ;
;      - index_reg[15]                                                                                                       ; 0                 ; 0       ;
;      - lane_reg[3]                                                                                                         ; 0                 ; 0       ;
;      - lane_reg[5]                                                                                                         ; 0                 ; 0       ;
;      - lane_reg[9]                                                                                                         ; 0                 ; 0       ;
;      - lane_reg[2]                                                                                                         ; 0                 ; 0       ;
;      - lane_reg[11]                                                                                                        ; 0                 ; 0       ;
;      - lane_reg[4]                                                                                                         ; 0                 ; 0       ;
;      - lane_reg[7]                                                                                                         ; 0                 ; 0       ;
;      - lane_reg[10]                                                                                                        ; 0                 ; 0       ;
;      - lane_reg[14]                                                                                                        ; 0                 ; 0       ;
;      - lane_reg[6]                                                                                                         ; 0                 ; 0       ;
;      - lane_reg[12]                                                                                                        ; 0                 ; 0       ;
;      - lane_reg[13]                                                                                                        ; 0                 ; 0       ;
;      - lane_reg[1]                                                                                                         ; 0                 ; 0       ;
;      - lane_reg[8]                                                                                                         ; 0                 ; 0       ;
;      - lane_reg[15]                                                                                                        ; 0                 ; 0       ;
;      - lane_reg[0]                                                                                                         ; 0                 ; 0       ;
;      - dg_tile_core:core|count[3]                                                                                          ; 0                 ; 0       ;
;      - dg_tile_core:core|count[2]                                                                                          ; 0                 ; 0       ;
;      - dg_tile_core:core|count[1]                                                                                          ; 0                 ; 0       ;
;      - dg_tile_core:core|count[12]                                                                                         ; 0                 ; 0       ;
;      - dg_tile_core:core|count[0]                                                                                          ; 0                 ; 0       ;
;      - dg_tile_core:core|active_model                                                                                      ; 0                 ; 0       ;
;      - dg_tile_core:core|count[11]                                                                                         ; 0                 ; 0       ;
;      - dg_tile_core:core|active_relu                                                                                       ; 0                 ; 0       ;
;      - dg_tile_core:core|count[10]                                                                                         ; 0                 ; 0       ;
;      - dg_tile_core:core|count[9]                                                                                          ; 0                 ; 0       ;
;      - dg_tile_core:core|count[8]                                                                                          ; 0                 ; 0       ;
;      - dg_tile_core:core|count[7]                                                                                          ; 0                 ; 0       ;
;      - dg_tile_core:core|count[6]                                                                                          ; 0                 ; 0       ;
;      - dg_tile_core:core|count[5]                                                                                          ; 0                 ; 0       ;
;      - dg_tile_core:core|count[4]                                                                                          ; 0                 ; 0       ;
;      - dg_tile_core:core|count[15]                                                                                         ; 0                 ; 0       ;
;      - dg_tile_core:core|count[14]                                                                                         ; 0                 ; 0       ;
;      - dg_tile_core:core|count[13]                                                                                         ; 0                 ; 0       ;
;      - dg_tile_core:core|multipliers[0][14]                                                                                ; 0                 ; 0       ;
;      - dg_tile_core:core|multipliers[0][28]                                                                                ; 0                 ; 0       ;
;      - dg_tile_core:core|multipliers[0][9]                                                                                 ; 0                 ; 0       ;
;      - dg_tile_core:core|multipliers[0][24]                                                                                ; 0                 ; 0       ;
;      - dg_tile_core:core|multipliers[0][20]                                                                                ; 0                 ; 0       ;
;      - dg_tile_core:core|multipliers[0][17]                                                                                ; 0                 ; 0       ;
;      - dg_tile_core:core|multipliers[0][3]                                                                                 ; 0                 ; 0       ;
;      - dg_tile_core:core|multipliers[0][29]                                                                                ; 0                 ; 0       ;
;      - dg_tile_core:core|multipliers[0][13]                                                                                ; 0                 ; 0       ;
;      - dg_tile_core:core|multipliers[0][2]                                                                                 ; 0                 ; 0       ;
;      - dg_tile_core:core|multipliers[0][10]                                                                                ; 0                 ; 0       ;
;      - dg_tile_core:core|multipliers[0][31]                                                                                ; 0                 ; 0       ;
;      - dg_tile_core:core|multipliers[0][19]                                                                                ; 0                 ; 0       ;
;      - dg_tile_core:core|multipliers[0][18]                                                                                ; 0                 ; 0       ;
;      - dg_tile_core:core|multipliers[0][30]                                                                                ; 0                 ; 0       ;
;      - dg_tile_core:core|multipliers[0][23]                                                                                ; 0                 ; 0       ;
;      - dg_tile_core:core|multipliers[0][11]                                                                                ; 0                 ; 0       ;
;      - dg_tile_core:core|multipliers[0][16]                                                                                ; 0                 ; 0       ;
;      - dg_tile_core:core|multipliers[0][7]                                                                                 ; 0                 ; 0       ;
;      - dg_tile_core:core|multipliers[0][25]                                                                                ; 0                 ; 0       ;
;      - dg_tile_core:core|multipliers[0][8]                                                                                 ; 0                 ; 0       ;
;      - dg_tile_core:core|multipliers[0][15]                                                                                ; 0                 ; 0       ;
;      - dg_tile_core:core|multipliers[0][22]                                                                                ; 0                 ; 0       ;
;      - dg_tile_core:core|multipliers[0][6]                                                                                 ; 0                 ; 0       ;
;      - dg_tile_core:core|multipliers[0][12]                                                                                ; 0                 ; 0       ;
;      - dg_tile_core:core|multipliers[0][1]                                                                                 ; 0                 ; 0       ;
;      - dg_tile_core:core|multipliers[0][5]                                                                                 ; 0                 ; 0       ;
;      - dg_tile_core:core|multipliers[0][26]                                                                                ; 0                 ; 0       ;
;      - dg_tile_core:core|multipliers[0][21]                                                                                ; 0                 ; 0       ;
;      - dg_tile_core:core|multipliers[0][4]                                                                                 ; 0                 ; 0       ;
;      - dg_tile_core:core|multipliers[0][27]                                                                                ; 0                 ; 0       ;
;      - dg_tile_core:core|multipliers[1][27]                                                                                ; 0                 ; 0       ;
;      - dg_tile_core:core|multipliers[1][20]                                                                                ; 0                 ; 0       ;
;      - dg_tile_core:core|multipliers[1][28]                                                                                ; 0                 ; 0       ;
;      - dg_tile_core:core|multipliers[1][16]                                                                                ; 0                 ; 0       ;
;      - dg_tile_core:core|multipliers[1][7]                                                                                 ; 0                 ; 0       ;
;      - dg_tile_core:core|multipliers[1][9]                                                                                 ; 0                 ; 0       ;
;      - dg_tile_core:core|multipliers[1][6]                                                                                 ; 0                 ; 0       ;
;      - dg_tile_core:core|multipliers[1][19]                                                                                ; 0                 ; 0       ;
;      - dg_tile_core:core|multipliers[1][25]                                                                                ; 0                 ; 0       ;
;      - dg_tile_core:core|multipliers[1][2]                                                                                 ; 0                 ; 0       ;
;      - dg_tile_core:core|multipliers[1][11]                                                                                ; 0                 ; 0       ;
;      - dg_tile_core:core|multipliers[1][15]                                                                                ; 0                 ; 0       ;
;      - dg_tile_core:core|multipliers[1][30]                                                                                ; 0                 ; 0       ;
;      - dg_tile_core:core|multipliers[1][13]                                                                                ; 0                 ; 0       ;
;      - dg_tile_core:core|multipliers[1][22]                                                                                ; 0                 ; 0       ;
;      - dg_tile_core:core|multipliers[1][29]                                                                                ; 0                 ; 0       ;
;      - dg_tile_core:core|multipliers[1][31]                                                                                ; 0                 ; 0       ;
;      - dg_tile_core:core|multipliers[1][5]                                                                                 ; 0                 ; 0       ;
;      - dg_tile_core:core|multipliers[1][14]                                                                                ; 0                 ; 0       ;
;      - dg_tile_core:core|multipliers[1][1]                                                                                 ; 0                 ; 0       ;
;      - dg_tile_core:core|multipliers[1][3]                                                                                 ; 0                 ; 0       ;
;      - dg_tile_core:core|multipliers[1][4]                                                                                 ; 0                 ; 0       ;
;      - dg_tile_core:core|multipliers[1][10]                                                                                ; 0                 ; 0       ;
;      - dg_tile_core:core|multipliers[1][23]                                                                                ; 0                 ; 0       ;
;      - dg_tile_core:core|multipliers[1][21]                                                                                ; 0                 ; 0       ;
;      - dg_tile_core:core|multipliers[1][17]                                                                                ; 0                 ; 0       ;
;      - dg_tile_core:core|multipliers[1][24]                                                                                ; 0                 ; 0       ;
;      - dg_tile_core:core|multipliers[1][26]                                                                                ; 0                 ; 0       ;
;      - dg_tile_core:core|multipliers[1][8]                                                                                 ; 0                 ; 0       ;
;      - dg_tile_core:core|multipliers[1][12]                                                                                ; 0                 ; 0       ;
;      - dg_tile_core:core|multipliers[1][18]                                                                                ; 0                 ; 0       ;
;      - dg_tile_core:core|multipliers[2][17]                                                                                ; 0                 ; 0       ;
;      - dg_tile_core:core|multipliers[2][16]                                                                                ; 0                 ; 0       ;
;      - dg_tile_core:core|multipliers[2][15]                                                                                ; 0                 ; 0       ;
;      - dg_tile_core:core|multipliers[2][14]                                                                                ; 0                 ; 0       ;
;      - dg_tile_core:core|multipliers[2][13]                                                                                ; 0                 ; 0       ;
;      - dg_tile_core:core|multipliers[2][12]                                                                                ; 0                 ; 0       ;
;      - dg_tile_core:core|multipliers[2][29]                                                                                ; 0                 ; 0       ;
;      - dg_tile_core:core|multipliers[2][11]                                                                                ; 0                 ; 0       ;
;      - dg_tile_core:core|multipliers[2][10]                                                                                ; 0                 ; 0       ;
;      - dg_tile_core:core|multipliers[2][9]                                                                                 ; 0                 ; 0       ;
;      - dg_tile_core:core|multipliers[2][8]                                                                                 ; 0                 ; 0       ;
;      - dg_tile_core:core|multipliers[2][7]                                                                                 ; 0                 ; 0       ;
;      - dg_tile_core:core|multipliers[2][6]                                                                                 ; 0                 ; 0       ;
;      - dg_tile_core:core|multipliers[2][5]                                                                                 ; 0                 ; 0       ;
;      - dg_tile_core:core|multipliers[2][4]                                                                                 ; 0                 ; 0       ;
;      - dg_tile_core:core|multipliers[2][2]                                                                                 ; 0                 ; 0       ;
;      - dg_tile_core:core|multipliers[2][1]                                                                                 ; 0                 ; 0       ;
;      - dg_tile_core:core|multipliers[2][31]                                                                                ; 0                 ; 0       ;
;      - dg_tile_core:core|multipliers[2][3]                                                                                 ; 0                 ; 0       ;
;      - dg_tile_core:core|multipliers[2][30]                                                                                ; 0                 ; 0       ;
;      - dg_tile_core:core|multipliers[2][28]                                                                                ; 0                 ; 0       ;
;      - dg_tile_core:core|multipliers[2][27]                                                                                ; 0                 ; 0       ;
;      - dg_tile_core:core|multipliers[2][26]                                                                                ; 0                 ; 0       ;
;      - dg_tile_core:core|multipliers[2][25]                                                                                ; 0                 ; 0       ;
;      - dg_tile_core:core|multipliers[2][24]                                                                                ; 0                 ; 0       ;
;      - dg_tile_core:core|multipliers[2][23]                                                                                ; 0                 ; 0       ;
;      - dg_tile_core:core|multipliers[2][22]                                                                                ; 0                 ; 0       ;
;      - dg_tile_core:core|multipliers[2][21]                                                                                ; 0                 ; 0       ;
;      - dg_tile_core:core|multipliers[2][20]                                                                                ; 0                 ; 0       ;
;      - dg_tile_core:core|multipliers[2][19]                                                                                ; 0                 ; 0       ;
;      - dg_tile_core:core|multipliers[2][18]                                                                                ; 0                 ; 0       ;
;      - dg_tile_core:core|multipliers[3][15]                                                                                ; 0                 ; 0       ;
;      - dg_tile_core:core|multipliers[3][9]                                                                                 ; 0                 ; 0       ;
;      - dg_tile_core:core|multipliers[3][10]                                                                                ; 0                 ; 0       ;
;      - dg_tile_core:core|multipliers[3][8]                                                                                 ; 0                 ; 0       ;
;      - dg_tile_core:core|multipliers[3][11]                                                                                ; 0                 ; 0       ;
;      - dg_tile_core:core|multipliers[3][13]                                                                                ; 0                 ; 0       ;
;      - dg_tile_core:core|multipliers[3][18]                                                                                ; 0                 ; 0       ;
;      - dg_tile_core:core|multipliers[3][23]                                                                                ; 0                 ; 0       ;
;      - dg_tile_core:core|multipliers[3][25]                                                                                ; 0                 ; 0       ;
;      - dg_tile_core:core|multipliers[3][26]                                                                                ; 0                 ; 0       ;
;      - dg_tile_core:core|multipliers[3][7]                                                                                 ; 0                 ; 0       ;
;      - dg_tile_core:core|multipliers[3][1]                                                                                 ; 0                 ; 0       ;
;      - dg_tile_core:core|multipliers[3][31]                                                                                ; 0                 ; 0       ;
;      - dg_tile_core:core|multipliers[3][24]                                                                                ; 0                 ; 0       ;
;      - dg_tile_core:core|multipliers[3][14]                                                                                ; 0                 ; 0       ;
;      - dg_tile_core:core|multipliers[3][4]                                                                                 ; 0                 ; 0       ;
;      - dg_tile_core:core|multipliers[3][30]                                                                                ; 0                 ; 0       ;
;      - dg_tile_core:core|multipliers[3][20]                                                                                ; 0                 ; 0       ;
;      - dg_tile_core:core|multipliers[3][2]                                                                                 ; 0                 ; 0       ;
;      - dg_tile_core:core|multipliers[3][19]                                                                                ; 0                 ; 0       ;
;      - dg_tile_core:core|multipliers[3][29]                                                                                ; 0                 ; 0       ;
;      - dg_tile_core:core|multipliers[3][28]                                                                                ; 0                 ; 0       ;
;      - dg_tile_core:core|multipliers[3][27]                                                                                ; 0                 ; 0       ;
;      - dg_tile_core:core|multipliers[3][21]                                                                                ; 0                 ; 0       ;
;      - dg_tile_core:core|multipliers[3][3]                                                                                 ; 0                 ; 0       ;
;      - dg_tile_core:core|multipliers[3][16]                                                                                ; 0                 ; 0       ;
;      - dg_tile_core:core|multipliers[3][5]                                                                                 ; 0                 ; 0       ;
;      - dg_tile_core:core|multipliers[3][6]                                                                                 ; 0                 ; 0       ;
;      - dg_tile_core:core|multipliers[3][12]                                                                                ; 0                 ; 0       ;
;      - dg_tile_core:core|multipliers[3][22]                                                                                ; 0                 ; 0       ;
;      - dg_tile_core:core|multipliers[3][17]                                                                                ; 0                 ; 0       ;
;      - dg_tile_core:core|multipliers[4][19]                                                                                ; 0                 ; 0       ;
;      - dg_tile_core:core|multipliers[4][8]                                                                                 ; 0                 ; 0       ;
;      - dg_tile_core:core|multipliers[4][13]                                                                                ; 0                 ; 0       ;
;      - dg_tile_core:core|multipliers[4][17]                                                                                ; 0                 ; 0       ;
;      - dg_tile_core:core|multipliers[4][29]                                                                                ; 0                 ; 0       ;
;      - dg_tile_core:core|multipliers[4][2]                                                                                 ; 0                 ; 0       ;
;      - dg_tile_core:core|multipliers[4][7]                                                                                 ; 0                 ; 0       ;
;      - dg_tile_core:core|multipliers[4][20]                                                                                ; 0                 ; 0       ;
;      - dg_tile_core:core|multipliers[4][30]                                                                                ; 0                 ; 0       ;
;      - dg_tile_core:core|multipliers[4][1]                                                                                 ; 0                 ; 0       ;
;      - dg_tile_core:core|multipliers[4][14]                                                                                ; 0                 ; 0       ;
;      - dg_tile_core:core|multipliers[4][31]                                                                                ; 0                 ; 0       ;
;      - dg_tile_core:core|multipliers[4][21]                                                                                ; 0                 ; 0       ;
;      - dg_tile_core:core|multipliers[4][25]                                                                                ; 0                 ; 0       ;
;      - dg_tile_core:core|multipliers[4][9]                                                                                 ; 0                 ; 0       ;
;      - dg_tile_core:core|multipliers[4][15]                                                                                ; 0                 ; 0       ;
;      - dg_tile_core:core|multipliers[4][11]                                                                                ; 0                 ; 0       ;
;      - dg_tile_core:core|multipliers[4][22]                                                                                ; 0                 ; 0       ;
;      - dg_tile_core:core|multipliers[4][23]                                                                                ; 0                 ; 0       ;
;      - dg_tile_core:core|multipliers[4][16]                                                                                ; 0                 ; 0       ;
;      - dg_tile_core:core|multipliers[4][24]                                                                                ; 0                 ; 0       ;
;      - dg_tile_core:core|multipliers[4][6]                                                                                 ; 0                 ; 0       ;
;      - dg_tile_core:core|multipliers[4][10]                                                                                ; 0                 ; 0       ;
;      - dg_tile_core:core|multipliers[4][5]                                                                                 ; 0                 ; 0       ;
;      - dg_tile_core:core|multipliers[4][12]                                                                                ; 0                 ; 0       ;
;      - dg_tile_core:core|multipliers[4][4]                                                                                 ; 0                 ; 0       ;
;      - dg_tile_core:core|multipliers[4][18]                                                                                ; 0                 ; 0       ;
;      - dg_tile_core:core|multipliers[4][3]                                                                                 ; 0                 ; 0       ;
;      - dg_tile_core:core|multipliers[4][26]                                                                                ; 0                 ; 0       ;
;      - dg_tile_core:core|multipliers[4][27]                                                                                ; 0                 ; 0       ;
;      - dg_tile_core:core|multipliers[4][28]                                                                                ; 0                 ; 0       ;
;      - dg_tile_core:core|multipliers[5][8]                                                                                 ; 0                 ; 0       ;
;      - dg_tile_core:core|multipliers[5][9]                                                                                 ; 0                 ; 0       ;
;      - dg_tile_core:core|multipliers[5][27]                                                                                ; 0                 ; 0       ;
;      - dg_tile_core:core|multipliers[5][7]                                                                                 ; 0                 ; 0       ;
;      - dg_tile_core:core|multipliers[5][13]                                                                                ; 0                 ; 0       ;
;      - dg_tile_core:core|multipliers[5][30]                                                                                ; 0                 ; 0       ;
;      - dg_tile_core:core|multipliers[5][12]                                                                                ; 0                 ; 0       ;
;      - dg_tile_core:core|multipliers[5][14]                                                                                ; 0                 ; 0       ;
;      - dg_tile_core:core|multipliers[5][25]                                                                                ; 0                 ; 0       ;
;      - dg_tile_core:core|multipliers[5][23]                                                                                ; 0                 ; 0       ;
;      - dg_tile_core:core|multipliers[5][15]                                                                                ; 0                 ; 0       ;
;      - dg_tile_core:core|multipliers[5][19]                                                                                ; 0                 ; 0       ;
;      - dg_tile_core:core|multipliers[5][3]                                                                                 ; 0                 ; 0       ;
;      - dg_tile_core:core|multipliers[5][16]                                                                                ; 0                 ; 0       ;
;      - dg_tile_core:core|multipliers[5][6]                                                                                 ; 0                 ; 0       ;
;      - dg_tile_core:core|multipliers[5][5]                                                                                 ; 0                 ; 0       ;
;      - dg_tile_core:core|multipliers[5][17]                                                                                ; 0                 ; 0       ;
;      - dg_tile_core:core|multipliers[5][28]                                                                                ; 0                 ; 0       ;
;      - dg_tile_core:core|multipliers[5][31]                                                                                ; 0                 ; 0       ;
;      - dg_tile_core:core|multipliers[5][18]                                                                                ; 0                 ; 0       ;
;      - dg_tile_core:core|multipliers[5][26]                                                                                ; 0                 ; 0       ;
;      - dg_tile_core:core|multipliers[5][11]                                                                                ; 0                 ; 0       ;
;      - dg_tile_core:core|multipliers[5][29]                                                                                ; 0                 ; 0       ;
;      - dg_tile_core:core|multipliers[5][24]                                                                                ; 0                 ; 0       ;
;      - dg_tile_core:core|multipliers[5][4]                                                                                 ; 0                 ; 0       ;
;      - dg_tile_core:core|multipliers[5][10]                                                                                ; 0                 ; 0       ;
;      - dg_tile_core:core|multipliers[5][20]                                                                                ; 0                 ; 0       ;
;      - dg_tile_core:core|multipliers[5][2]                                                                                 ; 0                 ; 0       ;
;      - dg_tile_core:core|multipliers[5][1]                                                                                 ; 0                 ; 0       ;
;      - dg_tile_core:core|multipliers[5][21]                                                                                ; 0                 ; 0       ;
;      - dg_tile_core:core|multipliers[5][22]                                                                                ; 0                 ; 0       ;
;      - dg_tile_core:core|multipliers[6][14]                                                                                ; 0                 ; 0       ;
;      - dg_tile_core:core|multipliers[6][16]                                                                                ; 0                 ; 0       ;
;      - dg_tile_core:core|multipliers[6][17]                                                                                ; 0                 ; 0       ;
;      - dg_tile_core:core|multipliers[6][18]                                                                                ; 0                 ; 0       ;
;      - dg_tile_core:core|multipliers[6][8]                                                                                 ; 0                 ; 0       ;
;      - dg_tile_core:core|multipliers[6][15]                                                                                ; 0                 ; 0       ;
;      - dg_tile_core:core|multipliers[6][19]                                                                                ; 0                 ; 0       ;
;      - dg_tile_core:core|multipliers[6][20]                                                                                ; 0                 ; 0       ;
;      - dg_tile_core:core|multipliers[6][21]                                                                                ; 0                 ; 0       ;
;      - dg_tile_core:core|multipliers[6][25]                                                                                ; 0                 ; 0       ;
;      - dg_tile_core:core|multipliers[6][26]                                                                                ; 0                 ; 0       ;
;      - dg_tile_core:core|multipliers[6][6]                                                                                 ; 0                 ; 0       ;
;      - dg_tile_core:core|multipliers[6][27]                                                                                ; 0                 ; 0       ;
;      - dg_tile_core:core|multipliers[6][4]                                                                                 ; 0                 ; 0       ;
;      - dg_tile_core:core|multipliers[6][28]                                                                                ; 0                 ; 0       ;
;      - dg_tile_core:core|multipliers[6][11]                                                                                ; 0                 ; 0       ;
;      - dg_tile_core:core|multipliers[6][24]                                                                                ; 0                 ; 0       ;
;      - dg_tile_core:core|multipliers[6][5]                                                                                 ; 0                 ; 0       ;
;      - dg_tile_core:core|multipliers[6][10]                                                                                ; 0                 ; 0       ;
;      - dg_tile_core:core|multipliers[6][29]                                                                                ; 0                 ; 0       ;
;      - dg_tile_core:core|multipliers[6][1]                                                                                 ; 0                 ; 0       ;
;      - dg_tile_core:core|multipliers[6][30]                                                                                ; 0                 ; 0       ;
;      - dg_tile_core:core|multipliers[6][23]                                                                                ; 0                 ; 0       ;
;      - dg_tile_core:core|multipliers[6][31]                                                                                ; 0                 ; 0       ;
;      - dg_tile_core:core|multipliers[6][22]                                                                                ; 0                 ; 0       ;
;      - dg_tile_core:core|multipliers[6][2]                                                                                 ; 0                 ; 0       ;
;      - dg_tile_core:core|multipliers[6][9]                                                                                 ; 0                 ; 0       ;
;      - dg_tile_core:core|multipliers[6][3]                                                                                 ; 0                 ; 0       ;
;      - dg_tile_core:core|multipliers[6][7]                                                                                 ; 0                 ; 0       ;
;      - dg_tile_core:core|multipliers[6][13]                                                                                ; 0                 ; 0       ;
;      - dg_tile_core:core|multipliers[6][12]                                                                                ; 0                 ; 0       ;
;      - dg_tile_core:core|multipliers[7][27]                                                                                ; 0                 ; 0       ;
;      - dg_tile_core:core|multipliers[7][20]                                                                                ; 0                 ; 0       ;
;      - dg_tile_core:core|multipliers[7][25]                                                                                ; 0                 ; 0       ;
;      - dg_tile_core:core|multipliers[7][4]                                                                                 ; 0                 ; 0       ;
;      - dg_tile_core:core|multipliers[7][30]                                                                                ; 0                 ; 0       ;
;      - dg_tile_core:core|multipliers[7][23]                                                                                ; 0                 ; 0       ;
;      - dg_tile_core:core|multipliers[7][5]                                                                                 ; 0                 ; 0       ;
;      - dg_tile_core:core|multipliers[7][19]                                                                                ; 0                 ; 0       ;
;      - dg_tile_core:core|multipliers[7][18]                                                                                ; 0                 ; 0       ;
;      - dg_tile_core:core|multipliers[7][17]                                                                                ; 0                 ; 0       ;
;      - dg_tile_core:core|multipliers[7][26]                                                                                ; 0                 ; 0       ;
;      - dg_tile_core:core|multipliers[7][31]                                                                                ; 0                 ; 0       ;
;      - dg_tile_core:core|multipliers[7][16]                                                                                ; 0                 ; 0       ;
;      - dg_tile_core:core|multipliers[7][24]                                                                                ; 0                 ; 0       ;
;      - dg_tile_core:core|multipliers[7][15]                                                                                ; 0                 ; 0       ;
;      - dg_tile_core:core|multipliers[7][11]                                                                                ; 0                 ; 0       ;
;      - dg_tile_core:core|multipliers[7][14]                                                                                ; 0                 ; 0       ;
;      - dg_tile_core:core|multipliers[7][22]                                                                                ; 0                 ; 0       ;
;      - dg_tile_core:core|multipliers[7][2]                                                                                 ; 0                 ; 0       ;
;      - dg_tile_core:core|multipliers[7][6]                                                                                 ; 0                 ; 0       ;
;      - dg_tile_core:core|multipliers[7][13]                                                                                ; 0                 ; 0       ;
;      - dg_tile_core:core|multipliers[7][3]                                                                                 ; 0                 ; 0       ;
;      - dg_tile_core:core|multipliers[7][9]                                                                                 ; 0                 ; 0       ;
;      - dg_tile_core:core|multipliers[7][29]                                                                                ; 0                 ; 0       ;
;      - dg_tile_core:core|multipliers[7][7]                                                                                 ; 0                 ; 0       ;
;      - dg_tile_core:core|multipliers[7][28]                                                                                ; 0                 ; 0       ;
;      - dg_tile_core:core|multipliers[7][10]                                                                                ; 0                 ; 0       ;
;      - dg_tile_core:core|multipliers[7][21]                                                                                ; 0                 ; 0       ;
;      - dg_tile_core:core|multipliers[7][1]                                                                                 ; 0                 ; 0       ;
;      - dg_tile_core:core|multipliers[7][12]                                                                                ; 0                 ; 0       ;
;      - dg_tile_core:core|multipliers[7][8]                                                                                 ; 0                 ; 0       ;
;      - dg_tile_core:core|biases[0][18]                                                                                     ; 0                 ; 0       ;
;      - dg_tile_core:core|biases[0][19]                                                                                     ; 0                 ; 0       ;
;      - dg_tile_core:core|biases[0][20]                                                                                     ; 0                 ; 0       ;
;      - dg_tile_core:core|biases[0][21]                                                                                     ; 0                 ; 0       ;
;      - dg_tile_core:core|biases[0][22]                                                                                     ; 0                 ; 0       ;
;      - dg_tile_core:core|biases[0][23]                                                                                     ; 0                 ; 0       ;
;      - dg_tile_core:core|biases[0][2]                                                                                      ; 0                 ; 0       ;
;      - dg_tile_core:core|biases[0][24]                                                                                     ; 0                 ; 0       ;
;      - dg_tile_core:core|biases[0][25]                                                                                     ; 0                 ; 0       ;
;      - dg_tile_core:core|biases[0][26]                                                                                     ; 0                 ; 0       ;
;      - dg_tile_core:core|biases[0][27]                                                                                     ; 0                 ; 0       ;
;      - dg_tile_core:core|biases[0][28]                                                                                     ; 0                 ; 0       ;
;      - dg_tile_core:core|biases[0][29]                                                                                     ; 0                 ; 0       ;
;      - dg_tile_core:core|biases[0][30]                                                                                     ; 0                 ; 0       ;
;      - dg_tile_core:core|biases[0][31]                                                                                     ; 0                 ; 0       ;
;      - dg_tile_core:core|biases[0][1]                                                                                      ; 0                 ; 0       ;
;      - dg_tile_core:core|biases[0][17]                                                                                     ; 0                 ; 0       ;
;      - dg_tile_core:core|biases[0][3]                                                                                      ; 0                 ; 0       ;
;      - dg_tile_core:core|biases[0][4]                                                                                      ; 0                 ; 0       ;
;      - dg_tile_core:core|biases[0][5]                                                                                      ; 0                 ; 0       ;
;      - dg_tile_core:core|biases[0][6]                                                                                      ; 0                 ; 0       ;
;      - dg_tile_core:core|biases[0][7]                                                                                      ; 0                 ; 0       ;
;      - dg_tile_core:core|biases[0][8]                                                                                      ; 0                 ; 0       ;
;      - dg_tile_core:core|biases[0][0]                                                                                      ; 0                 ; 0       ;
;      - dg_tile_core:core|biases[0][9]                                                                                      ; 0                 ; 0       ;
;      - dg_tile_core:core|biases[0][10]                                                                                     ; 0                 ; 0       ;
;      - dg_tile_core:core|biases[0][11]                                                                                     ; 0                 ; 0       ;
;      - dg_tile_core:core|biases[0][12]                                                                                     ; 0                 ; 0       ;
;      - dg_tile_core:core|biases[0][13]                                                                                     ; 0                 ; 0       ;
;      - dg_tile_core:core|biases[0][14]                                                                                     ; 0                 ; 0       ;
;      - dg_tile_core:core|biases[0][15]                                                                                     ; 0                 ; 0       ;
;      - dg_tile_core:core|biases[0][16]                                                                                     ; 0                 ; 0       ;
;      - dg_tile_core:core|biases[1][9]                                                                                      ; 0                 ; 0       ;
;      - dg_tile_core:core|biases[1][24]                                                                                     ; 0                 ; 0       ;
;      - dg_tile_core:core|biases[1][10]                                                                                     ; 0                 ; 0       ;
;      - dg_tile_core:core|biases[1][17]                                                                                     ; 0                 ; 0       ;
;      - dg_tile_core:core|biases[1][0]                                                                                      ; 0                 ; 0       ;
;      - dg_tile_core:core|biases[1][2]                                                                                      ; 0                 ; 0       ;
;      - dg_tile_core:core|biases[1][23]                                                                                     ; 0                 ; 0       ;
;      - dg_tile_core:core|biases[1][3]                                                                                      ; 0                 ; 0       ;
;      - dg_tile_core:core|biases[1][5]                                                                                      ; 0                 ; 0       ;
;      - dg_tile_core:core|biases[1][21]                                                                                     ; 0                 ; 0       ;
;      - dg_tile_core:core|biases[1][6]                                                                                      ; 0                 ; 0       ;
;      - dg_tile_core:core|biases[1][4]                                                                                      ; 0                 ; 0       ;
;      - dg_tile_core:core|biases[1][16]                                                                                     ; 0                 ; 0       ;
;      - dg_tile_core:core|biases[1][1]                                                                                      ; 0                 ; 0       ;
;      - dg_tile_core:core|biases[1][14]                                                                                     ; 0                 ; 0       ;
;      - dg_tile_core:core|biases[1][19]                                                                                     ; 0                 ; 0       ;
;      - dg_tile_core:core|biases[1][20]                                                                                     ; 0                 ; 0       ;
;      - dg_tile_core:core|biases[1][22]                                                                                     ; 0                 ; 0       ;
;      - dg_tile_core:core|biases[1][15]                                                                                     ; 0                 ; 0       ;
;      - dg_tile_core:core|biases[1][11]                                                                                     ; 0                 ; 0       ;
;      - dg_tile_core:core|biases[1][12]                                                                                     ; 0                 ; 0       ;
;      - dg_tile_core:core|biases[1][8]                                                                                      ; 0                 ; 0       ;
;      - dg_tile_core:core|biases[1][13]                                                                                     ; 0                 ; 0       ;
;      - dg_tile_core:core|biases[1][7]                                                                                      ; 0                 ; 0       ;
;      - dg_tile_core:core|biases[1][18]                                                                                     ; 0                 ; 0       ;
;      - dg_tile_core:core|biases[1][25]                                                                                     ; 0                 ; 0       ;
;      - dg_tile_core:core|biases[1][26]                                                                                     ; 0                 ; 0       ;
;      - dg_tile_core:core|biases[1][27]                                                                                     ; 0                 ; 0       ;
;      - dg_tile_core:core|biases[1][28]                                                                                     ; 0                 ; 0       ;
;      - dg_tile_core:core|biases[1][29]                                                                                     ; 0                 ; 0       ;
;      - dg_tile_core:core|biases[1][30]                                                                                     ; 0                 ; 0       ;
;      - dg_tile_core:core|biases[1][31]                                                                                     ; 0                 ; 0       ;
;      - dg_tile_core:core|biases[2][11]                                                                                     ; 0                 ; 0       ;
;      - dg_tile_core:core|biases[2][4]                                                                                      ; 0                 ; 0       ;
;      - dg_tile_core:core|biases[2][8]                                                                                      ; 0                 ; 0       ;
;      - dg_tile_core:core|biases[2][7]                                                                                      ; 0                 ; 0       ;
;      - dg_tile_core:core|biases[2][6]                                                                                      ; 0                 ; 0       ;
;      - dg_tile_core:core|biases[2][5]                                                                                      ; 0                 ; 0       ;
;      - dg_tile_core:core|biases[2][17]                                                                                     ; 0                 ; 0       ;
;      - dg_tile_core:core|biases[2][23]                                                                                     ; 0                 ; 0       ;
;      - dg_tile_core:core|biases[2][9]                                                                                      ; 0                 ; 0       ;
;      - dg_tile_core:core|biases[2][2]                                                                                      ; 0                 ; 0       ;
;      - dg_tile_core:core|biases[2][12]                                                                                     ; 0                 ; 0       ;
;      - dg_tile_core:core|biases[2][3]                                                                                      ; 0                 ; 0       ;
;      - dg_tile_core:core|biases[2][16]                                                                                     ; 0                 ; 0       ;
;      - dg_tile_core:core|biases[2][15]                                                                                     ; 0                 ; 0       ;
;      - dg_tile_core:core|biases[2][13]                                                                                     ; 0                 ; 0       ;
;      - dg_tile_core:core|biases[2][18]                                                                                     ; 0                 ; 0       ;
;      - dg_tile_core:core|biases[2][22]                                                                                     ; 0                 ; 0       ;
;      - dg_tile_core:core|biases[2][24]                                                                                     ; 0                 ; 0       ;
;      - dg_tile_core:core|biases[2][1]                                                                                      ; 0                 ; 0       ;
;      - dg_tile_core:core|biases[2][25]                                                                                     ; 0                 ; 0       ;
;      - dg_tile_core:core|biases[2][19]                                                                                     ; 0                 ; 0       ;
;      - dg_tile_core:core|biases[2][26]                                                                                     ; 0                 ; 0       ;
;      - dg_tile_core:core|biases[2][0]                                                                                      ; 0                 ; 0       ;
;      - dg_tile_core:core|biases[2][27]                                                                                     ; 0                 ; 0       ;
;      - dg_tile_core:core|biases[2][21]                                                                                     ; 0                 ; 0       ;
;      - dg_tile_core:core|biases[2][28]                                                                                     ; 0                 ; 0       ;
;      - dg_tile_core:core|biases[2][20]                                                                                     ; 0                 ; 0       ;
;      - dg_tile_core:core|biases[2][29]                                                                                     ; 0                 ; 0       ;
;      - dg_tile_core:core|biases[2][10]                                                                                     ; 0                 ; 0       ;
;      - dg_tile_core:core|biases[2][30]                                                                                     ; 0                 ; 0       ;
;      - dg_tile_core:core|biases[2][14]                                                                                     ; 0                 ; 0       ;
;      - dg_tile_core:core|biases[2][31]                                                                                     ; 0                 ; 0       ;
;      - dg_tile_core:core|biases[3][4]                                                                                      ; 0                 ; 0       ;
;      - dg_tile_core:core|biases[3][9]                                                                                      ; 0                 ; 0       ;
;      - dg_tile_core:core|biases[3][10]                                                                                     ; 0                 ; 0       ;
;      - dg_tile_core:core|biases[3][16]                                                                                     ; 0                 ; 0       ;
;      - dg_tile_core:core|biases[3][15]                                                                                     ; 0                 ; 0       ;
;      - dg_tile_core:core|biases[3][11]                                                                                     ; 0                 ; 0       ;
;      - dg_tile_core:core|biases[3][20]                                                                                     ; 0                 ; 0       ;
;      - dg_tile_core:core|biases[3][21]                                                                                     ; 0                 ; 0       ;
;      - dg_tile_core:core|biases[3][22]                                                                                     ; 0                 ; 0       ;
;      - dg_tile_core:core|biases[3][2]                                                                                      ; 0                 ; 0       ;
;      - dg_tile_core:core|biases[3][24]                                                                                     ; 0                 ; 0       ;
;      - dg_tile_core:core|biases[3][19]                                                                                     ; 0                 ; 0       ;
;      - dg_tile_core:core|biases[3][1]                                                                                      ; 0                 ; 0       ;
;      - dg_tile_core:core|biases[3][25]                                                                                     ; 0                 ; 0       ;
;      - dg_tile_core:core|biases[3][0]                                                                                      ; 0                 ; 0       ;
;      - dg_tile_core:core|biases[3][8]                                                                                      ; 0                 ; 0       ;
;      - dg_tile_core:core|biases[3][26]                                                                                     ; 0                 ; 0       ;
;      - dg_tile_core:core|biases[3][18]                                                                                     ; 0                 ; 0       ;
;      - dg_tile_core:core|biases[3][5]                                                                                      ; 0                 ; 0       ;
;      - dg_tile_core:core|biases[3][27]                                                                                     ; 0                 ; 0       ;
;      - dg_tile_core:core|biases[3][6]                                                                                      ; 0                 ; 0       ;
;      - dg_tile_core:core|biases[3][7]                                                                                      ; 0                 ; 0       ;
;      - dg_tile_core:core|biases[3][28]                                                                                     ; 0                 ; 0       ;
;      - dg_tile_core:core|biases[3][14]                                                                                     ; 0                 ; 0       ;
;      - dg_tile_core:core|biases[3][3]                                                                                      ; 0                 ; 0       ;
;      - dg_tile_core:core|biases[3][29]                                                                                     ; 0                 ; 0       ;
;      - dg_tile_core:core|biases[3][12]                                                                                     ; 0                 ; 0       ;
;      - dg_tile_core:core|biases[3][23]                                                                                     ; 0                 ; 0       ;
;      - dg_tile_core:core|biases[3][30]                                                                                     ; 0                 ; 0       ;
;      - dg_tile_core:core|biases[3][17]                                                                                     ; 0                 ; 0       ;
;      - dg_tile_core:core|biases[3][13]                                                                                     ; 0                 ; 0       ;
;      - dg_tile_core:core|biases[3][31]                                                                                     ; 0                 ; 0       ;
;      - dg_tile_core:core|biases[4][11]                                                                                     ; 0                 ; 0       ;
;      - dg_tile_core:core|biases[4][7]                                                                                      ; 0                 ; 0       ;
;      - dg_tile_core:core|biases[4][10]                                                                                     ; 0                 ; 0       ;
;      - dg_tile_core:core|biases[4][24]                                                                                     ; 0                 ; 0       ;
;      - dg_tile_core:core|biases[4][14]                                                                                     ; 0                 ; 0       ;
;      - dg_tile_core:core|biases[4][9]                                                                                      ; 0                 ; 0       ;
;      - dg_tile_core:core|biases[4][13]                                                                                     ; 0                 ; 0       ;
;      - dg_tile_core:core|biases[4][25]                                                                                     ; 0                 ; 0       ;
;      - dg_tile_core:core|biases[4][5]                                                                                      ; 0                 ; 0       ;
;      - dg_tile_core:core|biases[4][3]                                                                                      ; 0                 ; 0       ;
;      - dg_tile_core:core|biases[4][16]                                                                                     ; 0                 ; 0       ;
;      - dg_tile_core:core|biases[4][26]                                                                                     ; 0                 ; 0       ;
;      - dg_tile_core:core|biases[4][4]                                                                                      ; 0                 ; 0       ;
;      - dg_tile_core:core|biases[4][8]                                                                                      ; 0                 ; 0       ;
;      - dg_tile_core:core|biases[4][6]                                                                                      ; 0                 ; 0       ;
;      - dg_tile_core:core|biases[4][27]                                                                                     ; 0                 ; 0       ;
;      - dg_tile_core:core|biases[4][20]                                                                                     ; 0                 ; 0       ;
;      - dg_tile_core:core|biases[4][15]                                                                                     ; 0                 ; 0       ;
;      - dg_tile_core:core|biases[4][18]                                                                                     ; 0                 ; 0       ;
;      - dg_tile_core:core|biases[4][28]                                                                                     ; 0                 ; 0       ;
;      - dg_tile_core:core|biases[4][12]                                                                                     ; 0                 ; 0       ;
;      - dg_tile_core:core|biases[4][21]                                                                                     ; 0                 ; 0       ;
;      - dg_tile_core:core|biases[4][0]                                                                                      ; 0                 ; 0       ;
;      - dg_tile_core:core|biases[4][29]                                                                                     ; 0                 ; 0       ;
;      - dg_tile_core:core|biases[4][1]                                                                                      ; 0                 ; 0       ;
;      - dg_tile_core:core|biases[4][17]                                                                                     ; 0                 ; 0       ;
;      - dg_tile_core:core|biases[4][22]                                                                                     ; 0                 ; 0       ;
;      - dg_tile_core:core|biases[4][30]                                                                                     ; 0                 ; 0       ;
;      - dg_tile_core:core|biases[4][19]                                                                                     ; 0                 ; 0       ;
;      - dg_tile_core:core|biases[4][2]                                                                                      ; 0                 ; 0       ;
;      - dg_tile_core:core|biases[4][23]                                                                                     ; 0                 ; 0       ;
;      - dg_tile_core:core|biases[4][31]                                                                                     ; 0                 ; 0       ;
;      - dg_tile_core:core|biases[5][0]                                                                                      ; 0                 ; 0       ;
;      - dg_tile_core:core|biases[5][25]                                                                                     ; 0                 ; 0       ;
;      - dg_tile_core:core|biases[5][8]                                                                                      ; 0                 ; 0       ;
;      - dg_tile_core:core|biases[5][20]                                                                                     ; 0                 ; 0       ;
;      - dg_tile_core:core|biases[5][3]                                                                                      ; 0                 ; 0       ;
;      - dg_tile_core:core|biases[5][4]                                                                                      ; 0                 ; 0       ;
;      - dg_tile_core:core|biases[5][26]                                                                                     ; 0                 ; 0       ;
;      - dg_tile_core:core|biases[5][14]                                                                                     ; 0                 ; 0       ;
;      - dg_tile_core:core|biases[5][7]                                                                                      ; 0                 ; 0       ;
;      - dg_tile_core:core|biases[5][21]                                                                                     ; 0                 ; 0       ;
;      - dg_tile_core:core|biases[5][6]                                                                                      ; 0                 ; 0       ;
;      - dg_tile_core:core|biases[5][27]                                                                                     ; 0                 ; 0       ;
;      - dg_tile_core:core|biases[5][5]                                                                                      ; 0                 ; 0       ;
;      - dg_tile_core:core|biases[5][9]                                                                                      ; 0                 ; 0       ;
;      - dg_tile_core:core|biases[5][10]                                                                                     ; 0                 ; 0       ;
;      - dg_tile_core:core|biases[5][22]                                                                                     ; 0                 ; 0       ;
;      - dg_tile_core:core|biases[5][28]                                                                                     ; 0                 ; 0       ;
;      - dg_tile_core:core|biases[5][11]                                                                                     ; 0                 ; 0       ;
;      - dg_tile_core:core|biases[5][12]                                                                                     ; 0                 ; 0       ;
;      - dg_tile_core:core|biases[5][15]                                                                                     ; 0                 ; 0       ;
;      - dg_tile_core:core|biases[5][23]                                                                                     ; 0                 ; 0       ;
;      - dg_tile_core:core|biases[5][29]                                                                                     ; 0                 ; 0       ;
;      - dg_tile_core:core|biases[5][13]                                                                                     ; 0                 ; 0       ;
;      - dg_tile_core:core|biases[5][16]                                                                                     ; 0                 ; 0       ;
;      - dg_tile_core:core|biases[5][17]                                                                                     ; 0                 ; 0       ;
;      - dg_tile_core:core|biases[5][18]                                                                                     ; 0                 ; 0       ;
;      - dg_tile_core:core|biases[5][30]                                                                                     ; 0                 ; 0       ;
;      - dg_tile_core:core|biases[5][24]                                                                                     ; 0                 ; 0       ;
;      - dg_tile_core:core|biases[5][19]                                                                                     ; 0                 ; 0       ;
;      - dg_tile_core:core|biases[5][2]                                                                                      ; 0                 ; 0       ;
;      - dg_tile_core:core|biases[5][1]                                                                                      ; 0                 ; 0       ;
;      - dg_tile_core:core|biases[5][31]                                                                                     ; 0                 ; 0       ;
;      - dg_tile_core:core|biases[6][8]                                                                                      ; 0                 ; 0       ;
;      - dg_tile_core:core|biases[6][26]                                                                                     ; 0                 ; 0       ;
;      - dg_tile_core:core|biases[6][10]                                                                                     ; 0                 ; 0       ;
;      - dg_tile_core:core|biases[6][18]                                                                                     ; 0                 ; 0       ;
;      - dg_tile_core:core|biases[6][0]                                                                                      ; 0                 ; 0       ;
;      - dg_tile_core:core|biases[6][22]                                                                                     ; 0                 ; 0       ;
;      - dg_tile_core:core|biases[6][1]                                                                                      ; 0                 ; 0       ;
;      - dg_tile_core:core|biases[6][27]                                                                                     ; 0                 ; 0       ;
;      - dg_tile_core:core|biases[6][15]                                                                                     ; 0                 ; 0       ;
;      - dg_tile_core:core|biases[6][13]                                                                                     ; 0                 ; 0       ;
;      - dg_tile_core:core|biases[6][9]                                                                                      ; 0                 ; 0       ;
;      - dg_tile_core:core|biases[6][23]                                                                                     ; 0                 ; 0       ;
;      - dg_tile_core:core|biases[6][19]                                                                                     ; 0                 ; 0       ;
;      - dg_tile_core:core|biases[6][28]                                                                                     ; 0                 ; 0       ;
;      - dg_tile_core:core|biases[6][12]                                                                                     ; 0                 ; 0       ;
;      - dg_tile_core:core|biases[6][16]                                                                                     ; 0                 ; 0       ;
;      - dg_tile_core:core|biases[6][4]                                                                                      ; 0                 ; 0       ;
;      - dg_tile_core:core|biases[6][6]                                                                                      ; 0                 ; 0       ;
;      - dg_tile_core:core|biases[6][24]                                                                                     ; 0                 ; 0       ;
;      - dg_tile_core:core|biases[6][29]                                                                                     ; 0                 ; 0       ;
;      - dg_tile_core:core|biases[6][2]                                                                                      ; 0                 ; 0       ;
;      - dg_tile_core:core|biases[6][20]                                                                                     ; 0                 ; 0       ;
;      - dg_tile_core:core|biases[6][7]                                                                                      ; 0                 ; 0       ;
;      - dg_tile_core:core|biases[6][11]                                                                                     ; 0                 ; 0       ;
;      - dg_tile_core:core|biases[6][17]                                                                                     ; 0                 ; 0       ;
;      - dg_tile_core:core|biases[6][30]                                                                                     ; 0                 ; 0       ;
;      - dg_tile_core:core|biases[6][25]                                                                                     ; 0                 ; 0       ;
;      - dg_tile_core:core|biases[6][5]                                                                                      ; 0                 ; 0       ;
;      - dg_tile_core:core|biases[6][14]                                                                                     ; 0                 ; 0       ;
;      - dg_tile_core:core|biases[6][21]                                                                                     ; 0                 ; 0       ;
;      - dg_tile_core:core|biases[6][3]                                                                                      ; 0                 ; 0       ;
;      - dg_tile_core:core|biases[6][31]                                                                                     ; 0                 ; 0       ;
;      - dg_tile_core:core|biases[7][2]                                                                                      ; 0                 ; 0       ;
;      - dg_tile_core:core|biases[7][3]                                                                                      ; 0                 ; 0       ;
;      - dg_tile_core:core|biases[7][23]                                                                                     ; 0                 ; 0       ;
;      - dg_tile_core:core|biases[7][27]                                                                                     ; 0                 ; 0       ;
;      - dg_tile_core:core|biases[7][9]                                                                                      ; 0                 ; 0       ;
;      - dg_tile_core:core|biases[7][10]                                                                                     ; 0                 ; 0       ;
;      - dg_tile_core:core|biases[7][17]                                                                                     ; 0                 ; 0       ;
;      - dg_tile_core:core|biases[7][20]                                                                                     ; 0                 ; 0       ;
;      - dg_tile_core:core|biases[7][11]                                                                                     ; 0                 ; 0       ;
;      - dg_tile_core:core|biases[7][12]                                                                                     ; 0                 ; 0       ;
;      - dg_tile_core:core|biases[7][28]                                                                                     ; 0                 ; 0       ;
;      - dg_tile_core:core|biases[7][24]                                                                                     ; 0                 ; 0       ;
;      - dg_tile_core:core|biases[7][13]                                                                                     ; 0                 ; 0       ;
;      - dg_tile_core:core|biases[7][15]                                                                                     ; 0                 ; 0       ;
;      - dg_tile_core:core|biases[7][8]                                                                                      ; 0                 ; 0       ;
;      - dg_tile_core:core|biases[7][1]                                                                                      ; 0                 ; 0       ;
;      - dg_tile_core:core|biases[7][21]                                                                                     ; 0                 ; 0       ;
;      - dg_tile_core:core|biases[7][29]                                                                                     ; 0                 ; 0       ;
;      - dg_tile_core:core|biases[7][18]                                                                                     ; 0                 ; 0       ;
;      - dg_tile_core:core|biases[7][25]                                                                                     ; 0                 ; 0       ;
;      - dg_tile_core:core|biases[7][0]                                                                                      ; 0                 ; 0       ;
;      - dg_tile_core:core|biases[7][14]                                                                                     ; 0                 ; 0       ;
;      - dg_tile_core:core|biases[7][4]                                                                                      ; 0                 ; 0       ;
;      - dg_tile_core:core|biases[7][7]                                                                                      ; 0                 ; 0       ;
;      - dg_tile_core:core|biases[7][30]                                                                                     ; 0                 ; 0       ;
;      - dg_tile_core:core|biases[7][16]                                                                                     ; 0                 ; 0       ;
;      - dg_tile_core:core|biases[7][22]                                                                                     ; 0                 ; 0       ;
;      - dg_tile_core:core|biases[7][26]                                                                                     ; 0                 ; 0       ;
;      - dg_tile_core:core|biases[7][5]                                                                                      ; 0                 ; 0       ;
;      - dg_tile_core:core|biases[7][19]                                                                                     ; 0                 ; 0       ;
;      - dg_tile_core:core|biases[7][6]                                                                                      ; 0                 ; 0       ;
;      - dg_tile_core:core|biases[7][31]                                                                                     ; 0                 ; 0       ;
;      - dg_tile_core:core|dg_mac_lane:banks[4].mac|acc[27]                                                                  ; 0                 ; 0       ;
;      - dg_tile_core:core|dg_mac_lane:banks[5].mac|acc[27]                                                                  ; 0                 ; 0       ;
;      - dg_tile_core:core|dg_mac_lane:banks[6].mac|acc[27]                                                                  ; 0                 ; 0       ;
;      - dg_tile_core:core|dg_mac_lane:banks[7].mac|acc[27]                                                                  ; 0                 ; 0       ;
;      - dg_tile_core:core|dg_mac_lane:banks[0].mac|acc[28]                                                                  ; 0                 ; 0       ;
;      - dg_tile_core:core|dg_mac_lane:banks[1].mac|acc[28]                                                                  ; 0                 ; 0       ;
;      - dg_tile_core:core|dg_mac_lane:banks[2].mac|acc[28]                                                                  ; 0                 ; 0       ;
;      - dg_tile_core:core|dg_mac_lane:banks[3].mac|acc[28]                                                                  ; 0                 ; 0       ;
;      - dg_tile_core:core|dg_mac_lane:banks[4].mac|acc[28]                                                                  ; 0                 ; 0       ;
;      - dg_tile_core:core|dg_mac_lane:banks[5].mac|acc[28]                                                                  ; 0                 ; 0       ;
;      - dg_tile_core:core|dg_mac_lane:banks[6].mac|acc[28]                                                                  ; 0                 ; 0       ;
;      - dg_tile_core:core|dg_mac_lane:banks[7].mac|acc[28]                                                                  ; 0                 ; 0       ;
;      - dg_tile_core:core|dg_mac_lane:banks[0].mac|acc[29]                                                                  ; 0                 ; 0       ;
;      - dg_tile_core:core|dg_mac_lane:banks[1].mac|acc[29]                                                                  ; 0                 ; 0       ;
;      - dg_tile_core:core|dg_mac_lane:banks[2].mac|acc[29]                                                                  ; 0                 ; 0       ;
;      - dg_tile_core:core|dg_mac_lane:banks[3].mac|acc[29]                                                                  ; 0                 ; 0       ;
;      - dg_tile_core:core|dg_mac_lane:banks[4].mac|acc[29]                                                                  ; 0                 ; 0       ;
;      - dg_tile_core:core|dg_mac_lane:banks[5].mac|acc[29]                                                                  ; 0                 ; 0       ;
;      - dg_tile_core:core|dg_mac_lane:banks[6].mac|acc[29]                                                                  ; 0                 ; 0       ;
;      - dg_tile_core:core|dg_mac_lane:banks[7].mac|acc[29]                                                                  ; 0                 ; 0       ;
;      - dg_tile_core:core|dg_mac_lane:banks[0].mac|acc[30]                                                                  ; 0                 ; 0       ;
;      - dg_tile_core:core|dg_mac_lane:banks[1].mac|acc[30]                                                                  ; 0                 ; 0       ;
;      - dg_tile_core:core|dg_mac_lane:banks[2].mac|acc[30]                                                                  ; 0                 ; 0       ;
;      - dg_tile_core:core|dg_mac_lane:banks[3].mac|acc[30]                                                                  ; 0                 ; 0       ;
;      - dg_tile_core:core|dg_mac_lane:banks[4].mac|acc[30]                                                                  ; 0                 ; 0       ;
;      - dg_tile_core:core|dg_mac_lane:banks[5].mac|acc[30]                                                                  ; 0                 ; 0       ;
;      - dg_tile_core:core|dg_mac_lane:banks[6].mac|acc[30]                                                                  ; 0                 ; 0       ;
;      - dg_tile_core:core|dg_mac_lane:banks[7].mac|acc[30]                                                                  ; 0                 ; 0       ;
;      - dg_tile_core:core|dg_mac_lane:banks[0].mac|acc[31]                                                                  ; 0                 ; 0       ;
;      - dg_tile_core:core|dg_mac_lane:banks[1].mac|acc[31]                                                                  ; 0                 ; 0       ;
;      - dg_tile_core:core|dg_mac_lane:banks[2].mac|acc[31]                                                                  ; 0                 ; 0       ;
;      - dg_tile_core:core|dg_mac_lane:banks[3].mac|acc[31]                                                                  ; 0                 ; 0       ;
;      - dg_tile_core:core|dg_mac_lane:banks[4].mac|acc[31]                                                                  ; 0                 ; 0       ;
;      - dg_tile_core:core|dg_mac_lane:banks[5].mac|acc[31]                                                                  ; 0                 ; 0       ;
;      - dg_tile_core:core|dg_mac_lane:banks[6].mac|acc[31]                                                                  ; 0                 ; 0       ;
;      - dg_tile_core:core|dg_mac_lane:banks[7].mac|acc[31]                                                                  ; 0                 ; 0       ;
;      - dg_tile_core:core|dg_mac_lane:banks[6].mac|acc[11]                                                                  ; 0                 ; 0       ;
;      - dg_tile_core:core|dg_mac_lane:banks[5].mac|acc[11]                                                                  ; 0                 ; 0       ;
;      - dg_tile_core:core|dg_mac_lane:banks[4].mac|acc[11]                                                                  ; 0                 ; 0       ;
;      - dg_tile_core:core|dg_mac_lane:banks[3].mac|acc[11]                                                                  ; 0                 ; 0       ;
;      - dg_tile_core:core|dg_mac_lane:banks[2].mac|acc[11]                                                                  ; 0                 ; 0       ;
;      - dg_tile_core:core|dg_mac_lane:banks[1].mac|acc[11]                                                                  ; 0                 ; 0       ;
;      - dg_tile_core:core|dg_mac_lane:banks[0].mac|acc[11]                                                                  ; 0                 ; 0       ;
;      - dg_tile_core:core|dg_mac_lane:banks[7].mac|acc[10]                                                                  ; 0                 ; 0       ;
;      - dg_tile_core:core|dg_mac_lane:banks[6].mac|acc[10]                                                                  ; 0                 ; 0       ;
;      - dg_tile_core:core|dg_mac_lane:banks[5].mac|acc[10]                                                                  ; 0                 ; 0       ;
;      - dg_tile_core:core|dg_mac_lane:banks[4].mac|acc[10]                                                                  ; 0                 ; 0       ;
;      - dg_tile_core:core|dg_mac_lane:banks[3].mac|acc[10]                                                                  ; 0                 ; 0       ;
;      - dg_tile_core:core|dg_mac_lane:banks[2].mac|acc[10]                                                                  ; 0                 ; 0       ;
;      - dg_tile_core:core|dg_mac_lane:banks[1].mac|acc[10]                                                                  ; 0                 ; 0       ;
;      - dg_tile_core:core|dg_mac_lane:banks[4].mac|acc[4]                                                                   ; 0                 ; 0       ;
;      - dg_tile_core:core|dg_mac_lane:banks[0].mac|acc[10]                                                                  ; 0                 ; 0       ;
;      - dg_tile_core:core|dg_mac_lane:banks[7].mac|acc[9]                                                                   ; 0                 ; 0       ;
;      - dg_tile_core:core|dg_mac_lane:banks[6].mac|acc[9]                                                                   ; 0                 ; 0       ;
;      - dg_tile_core:core|dg_mac_lane:banks[5].mac|acc[9]                                                                   ; 0                 ; 0       ;
;      - dg_tile_core:core|dg_mac_lane:banks[4].mac|acc[9]                                                                   ; 0                 ; 0       ;
;      - dg_tile_core:core|dg_mac_lane:banks[3].mac|acc[9]                                                                   ; 0                 ; 0       ;
;      - dg_tile_core:core|dg_mac_lane:banks[2].mac|acc[9]                                                                   ; 0                 ; 0       ;
;      - dg_tile_core:core|dg_mac_lane:banks[1].mac|acc[9]                                                                   ; 0                 ; 0       ;
;      - dg_tile_core:core|dg_mac_lane:banks[0].mac|acc[9]                                                                   ; 0                 ; 0       ;
;      - dg_tile_core:core|dg_mac_lane:banks[7].mac|acc[8]                                                                   ; 0                 ; 0       ;
;      - dg_tile_core:core|dg_mac_lane:banks[6].mac|acc[8]                                                                   ; 0                 ; 0       ;
;      - dg_tile_core:core|dg_mac_lane:banks[5].mac|acc[8]                                                                   ; 0                 ; 0       ;
;      - dg_tile_core:core|dg_mac_lane:banks[4].mac|acc[8]                                                                   ; 0                 ; 0       ;
;      - dg_tile_core:core|dg_mac_lane:banks[3].mac|acc[8]                                                                   ; 0                 ; 0       ;
;      - dg_tile_core:core|dg_mac_lane:banks[2].mac|acc[8]                                                                   ; 0                 ; 0       ;
;      - dg_tile_core:core|dg_mac_lane:banks[1].mac|acc[8]                                                                   ; 0                 ; 0       ;
;      - dg_tile_core:core|dg_mac_lane:banks[0].mac|acc[8]                                                                   ; 0                 ; 0       ;
;      - dg_tile_core:core|dg_mac_lane:banks[7].mac|acc[7]                                                                   ; 0                 ; 0       ;
;      - dg_tile_core:core|dg_mac_lane:banks[6].mac|acc[7]                                                                   ; 0                 ; 0       ;
;      - dg_tile_core:core|dg_mac_lane:banks[7].mac|acc[12]                                                                  ; 0                 ; 0       ;
;      - dg_tile_core:core|dg_mac_lane:banks[6].mac|acc[12]                                                                  ; 0                 ; 0       ;
;      - dg_tile_core:core|dg_mac_lane:banks[5].mac|acc[12]                                                                  ; 0                 ; 0       ;
;      - dg_tile_core:core|dg_mac_lane:banks[0].mac|acc[13]                                                                  ; 0                 ; 0       ;
;      - dg_tile_core:core|dg_mac_lane:banks[1].mac|acc[13]                                                                  ; 0                 ; 0       ;
;      - dg_tile_core:core|dg_mac_lane:banks[2].mac|acc[13]                                                                  ; 0                 ; 0       ;
;      - dg_tile_core:core|dg_mac_lane:banks[4].mac|acc[18]                                                                  ; 0                 ; 0       ;
;      - dg_tile_core:core|dg_mac_lane:banks[0].mac|acc[0]                                                                   ; 0                 ; 0       ;
;      - dg_tile_core:core|dg_mac_lane:banks[1].mac|acc[0]                                                                   ; 0                 ; 0       ;
;      - dg_tile_core:core|dg_mac_lane:banks[2].mac|acc[0]                                                                   ; 0                 ; 0       ;
;      - dg_tile_core:core|dg_mac_lane:banks[3].mac|acc[0]                                                                   ; 0                 ; 0       ;
;      - dg_tile_core:core|dg_mac_lane:banks[4].mac|acc[0]                                                                   ; 0                 ; 0       ;
;      - dg_tile_core:core|dg_mac_lane:banks[5].mac|acc[0]                                                                   ; 0                 ; 0       ;
;      - dg_tile_core:core|dg_mac_lane:banks[3].mac|acc[13]                                                                  ; 0                 ; 0       ;
;      - dg_tile_core:core|dg_mac_lane:banks[6].mac|acc[0]                                                                   ; 0                 ; 0       ;
;      - dg_tile_core:core|dg_mac_lane:banks[7].mac|acc[0]                                                                   ; 0                 ; 0       ;
;      - dg_tile_core:core|dg_mac_lane:banks[0].mac|acc[1]                                                                   ; 0                 ; 0       ;
;      - dg_tile_core:core|dg_mac_lane:banks[1].mac|acc[1]                                                                   ; 0                 ; 0       ;
;      - dg_tile_core:core|dg_mac_lane:banks[2].mac|acc[1]                                                                   ; 0                 ; 0       ;
;      - dg_tile_core:core|dg_mac_lane:banks[3].mac|acc[1]                                                                   ; 0                 ; 0       ;
;      - dg_tile_core:core|dg_mac_lane:banks[4].mac|acc[1]                                                                   ; 0                 ; 0       ;
;      - dg_tile_core:core|dg_mac_lane:banks[4].mac|acc[13]                                                                  ; 0                 ; 0       ;
;      - dg_tile_core:core|dg_mac_lane:banks[5].mac|acc[1]                                                                   ; 0                 ; 0       ;
;      - dg_tile_core:core|dg_mac_lane:banks[6].mac|acc[1]                                                                   ; 0                 ; 0       ;
;      - dg_tile_core:core|dg_mac_lane:banks[7].mac|acc[1]                                                                   ; 0                 ; 0       ;
;      - dg_tile_core:core|dg_mac_lane:banks[0].mac|acc[2]                                                                   ; 0                 ; 0       ;
;      - dg_tile_core:core|dg_mac_lane:banks[1].mac|acc[2]                                                                   ; 0                 ; 0       ;
;      - dg_tile_core:core|dg_mac_lane:banks[2].mac|acc[2]                                                                   ; 0                 ; 0       ;
;      - dg_tile_core:core|dg_mac_lane:banks[3].mac|acc[2]                                                                   ; 0                 ; 0       ;
;      - dg_tile_core:core|dg_mac_lane:banks[5].mac|acc[13]                                                                  ; 0                 ; 0       ;
;      - dg_tile_core:core|dg_mac_lane:banks[4].mac|acc[2]                                                                   ; 0                 ; 0       ;
;      - dg_tile_core:core|dg_mac_lane:banks[5].mac|acc[2]                                                                   ; 0                 ; 0       ;
;      - dg_tile_core:core|dg_mac_lane:banks[6].mac|acc[2]                                                                   ; 0                 ; 0       ;
;      - dg_tile_core:core|dg_mac_lane:banks[7].mac|acc[2]                                                                   ; 0                 ; 0       ;
;      - dg_tile_core:core|dg_mac_lane:banks[0].mac|acc[3]                                                                   ; 0                 ; 0       ;
;      - dg_tile_core:core|dg_mac_lane:banks[1].mac|acc[3]                                                                   ; 0                 ; 0       ;
;      - dg_tile_core:core|dg_mac_lane:banks[2].mac|acc[3]                                                                   ; 0                 ; 0       ;
;      - dg_tile_core:core|dg_mac_lane:banks[6].mac|acc[13]                                                                  ; 0                 ; 0       ;
;      - dg_tile_core:core|dg_mac_lane:banks[3].mac|acc[3]                                                                   ; 0                 ; 0       ;
;      - dg_tile_core:core|dg_mac_lane:banks[4].mac|acc[3]                                                                   ; 0                 ; 0       ;
;      - dg_tile_core:core|dg_mac_lane:banks[5].mac|acc[3]                                                                   ; 0                 ; 0       ;
;      - dg_tile_core:core|dg_mac_lane:banks[6].mac|acc[3]                                                                   ; 0                 ; 0       ;
;      - dg_tile_core:core|dg_mac_lane:banks[7].mac|acc[3]                                                                   ; 0                 ; 0       ;
;      - dg_tile_core:core|dg_mac_lane:banks[0].mac|acc[4]                                                                   ; 0                 ; 0       ;
;      - dg_tile_core:core|dg_mac_lane:banks[1].mac|acc[4]                                                                   ; 0                 ; 0       ;
;      - dg_tile_core:core|dg_mac_lane:banks[7].mac|acc[13]                                                                  ; 0                 ; 0       ;
;      - dg_tile_core:core|dg_mac_lane:banks[2].mac|acc[4]                                                                   ; 0                 ; 0       ;
;      - dg_tile_core:core|dg_mac_lane:banks[3].mac|acc[4]                                                                   ; 0                 ; 0       ;
;      - dg_tile_core:core|dg_mac_lane:banks[5].mac|acc[4]                                                                   ; 0                 ; 0       ;
;      - dg_tile_core:core|dg_mac_lane:banks[6].mac|acc[4]                                                                   ; 0                 ; 0       ;
;      - dg_tile_core:core|dg_mac_lane:banks[7].mac|acc[4]                                                                   ; 0                 ; 0       ;
;      - dg_tile_core:core|dg_mac_lane:banks[0].mac|acc[5]                                                                   ; 0                 ; 0       ;
;      - dg_tile_core:core|dg_mac_lane:banks[1].mac|acc[5]                                                                   ; 0                 ; 0       ;
;      - dg_tile_core:core|dg_mac_lane:banks[2].mac|acc[5]                                                                   ; 0                 ; 0       ;
;      - dg_tile_core:core|dg_mac_lane:banks[3].mac|acc[5]                                                                   ; 0                 ; 0       ;
;      - dg_tile_core:core|dg_mac_lane:banks[4].mac|acc[5]                                                                   ; 0                 ; 0       ;
;      - dg_tile_core:core|dg_mac_lane:banks[5].mac|acc[5]                                                                   ; 0                 ; 0       ;
;      - dg_tile_core:core|dg_mac_lane:banks[6].mac|acc[5]                                                                   ; 0                 ; 0       ;
;      - dg_tile_core:core|dg_mac_lane:banks[7].mac|acc[5]                                                                   ; 0                 ; 0       ;
;      - dg_tile_core:core|dg_mac_lane:banks[0].mac|acc[6]                                                                   ; 0                 ; 0       ;
;      - dg_tile_core:core|dg_mac_lane:banks[4].mac|acc[12]                                                                  ; 0                 ; 0       ;
;      - dg_tile_core:core|dg_mac_lane:banks[1].mac|acc[6]                                                                   ; 0                 ; 0       ;
;      - dg_tile_core:core|dg_mac_lane:banks[2].mac|acc[6]                                                                   ; 0                 ; 0       ;
;      - dg_tile_core:core|dg_mac_lane:banks[3].mac|acc[6]                                                                   ; 0                 ; 0       ;
;      - dg_tile_core:core|dg_mac_lane:banks[4].mac|acc[6]                                                                   ; 0                 ; 0       ;
;      - dg_tile_core:core|dg_mac_lane:banks[5].mac|acc[6]                                                                   ; 0                 ; 0       ;
;      - dg_tile_core:core|dg_mac_lane:banks[6].mac|acc[6]                                                                   ; 0                 ; 0       ;
;      - dg_tile_core:core|dg_mac_lane:banks[7].mac|acc[6]                                                                   ; 0                 ; 0       ;
;      - dg_tile_core:core|dg_mac_lane:banks[6].mac|acc[24]                                                                  ; 0                 ; 0       ;
;      - dg_tile_core:core|dg_mac_lane:banks[0].mac|acc[7]                                                                   ; 0                 ; 0       ;
;      - dg_tile_core:core|dg_mac_lane:banks[1].mac|acc[7]                                                                   ; 0                 ; 0       ;
;      - dg_tile_core:core|dg_mac_lane:banks[2].mac|acc[7]                                                                   ; 0                 ; 0       ;
;      - dg_tile_core:core|dg_mac_lane:banks[3].mac|acc[7]                                                                   ; 0                 ; 0       ;
;      - dg_tile_core:core|dg_mac_lane:banks[4].mac|acc[7]                                                                   ; 0                 ; 0       ;
;      - dg_tile_core:core|dg_mac_lane:banks[5].mac|acc[7]                                                                   ; 0                 ; 0       ;
;      - dg_tile_core:core|dg_mac_lane:banks[0].mac|acc[15]                                                                  ; 0                 ; 0       ;
;      - dg_tile_core:core|dg_mac_lane:banks[3].mac|acc[12]                                                                  ; 0                 ; 0       ;
;      - dg_tile_core:core|dg_mac_lane:banks[1].mac|acc[15]                                                                  ; 0                 ; 0       ;
;      - dg_tile_core:core|dg_mac_lane:banks[2].mac|acc[15]                                                                  ; 0                 ; 0       ;
;      - dg_tile_core:core|dg_mac_lane:banks[3].mac|acc[15]                                                                  ; 0                 ; 0       ;
;      - dg_tile_core:core|dg_mac_lane:banks[4].mac|acc[15]                                                                  ; 0                 ; 0       ;
;      - dg_tile_core:core|dg_mac_lane:banks[5].mac|acc[15]                                                                  ; 0                 ; 0       ;
;      - dg_tile_core:core|dg_mac_lane:banks[6].mac|acc[15]                                                                  ; 0                 ; 0       ;
;      - dg_tile_core:core|dg_mac_lane:banks[7].mac|acc[15]                                                                  ; 0                 ; 0       ;
;      - dg_tile_core:core|dg_mac_lane:banks[2].mac|acc[12]                                                                  ; 0                 ; 0       ;
;      - dg_tile_core:core|dg_mac_lane:banks[0].mac|acc[16]                                                                  ; 0                 ; 0       ;
;      - dg_tile_core:core|dg_mac_lane:banks[1].mac|acc[16]                                                                  ; 0                 ; 0       ;
;      - dg_tile_core:core|dg_mac_lane:banks[2].mac|acc[16]                                                                  ; 0                 ; 0       ;
;      - dg_tile_core:core|dg_mac_lane:banks[3].mac|acc[16]                                                                  ; 0                 ; 0       ;
;      - dg_tile_core:core|dg_mac_lane:banks[4].mac|acc[16]                                                                  ; 0                 ; 0       ;
;      - dg_tile_core:core|dg_mac_lane:banks[5].mac|acc[16]                                                                  ; 0                 ; 0       ;
;      - dg_tile_core:core|dg_mac_lane:banks[6].mac|acc[16]                                                                  ; 0                 ; 0       ;
;      - dg_tile_core:core|dg_mac_lane:banks[7].mac|acc[16]                                                                  ; 0                 ; 0       ;
;      - dg_tile_core:core|dg_mac_lane:banks[0].mac|acc[17]                                                                  ; 0                 ; 0       ;
;      - dg_tile_core:core|dg_mac_lane:banks[1].mac|acc[17]                                                                  ; 0                 ; 0       ;
;      - dg_tile_core:core|dg_mac_lane:banks[2].mac|acc[17]                                                                  ; 0                 ; 0       ;
;      - dg_tile_core:core|dg_mac_lane:banks[3].mac|acc[17]                                                                  ; 0                 ; 0       ;
;      - dg_tile_core:core|dg_mac_lane:banks[4].mac|acc[17]                                                                  ; 0                 ; 0       ;
;      - dg_tile_core:core|dg_mac_lane:banks[5].mac|acc[17]                                                                  ; 0                 ; 0       ;
;      - dg_tile_core:core|dg_mac_lane:banks[0].mac|acc[14]                                                                  ; 0                 ; 0       ;
;      - dg_tile_core:core|dg_mac_lane:banks[6].mac|acc[17]                                                                  ; 0                 ; 0       ;
;      - dg_tile_core:core|dg_mac_lane:banks[7].mac|acc[17]                                                                  ; 0                 ; 0       ;
;      - dg_tile_core:core|dg_mac_lane:banks[0].mac|acc[18]                                                                  ; 0                 ; 0       ;
;      - dg_tile_core:core|dg_mac_lane:banks[1].mac|acc[18]                                                                  ; 0                 ; 0       ;
;      - dg_tile_core:core|dg_mac_lane:banks[2].mac|acc[18]                                                                  ; 0                 ; 0       ;
;      - dg_tile_core:core|dg_mac_lane:banks[3].mac|acc[18]                                                                  ; 0                 ; 0       ;
;      - dg_tile_core:core|dg_mac_lane:banks[7].mac|acc[11]                                                                  ; 0                 ; 0       ;
;      - dg_tile_core:core|dg_mac_lane:banks[1].mac|acc[14]                                                                  ; 0                 ; 0       ;
;      - dg_tile_core:core|dg_mac_lane:banks[5].mac|acc[18]                                                                  ; 0                 ; 0       ;
;      - dg_tile_core:core|dg_mac_lane:banks[6].mac|acc[18]                                                                  ; 0                 ; 0       ;
;      - dg_tile_core:core|dg_mac_lane:banks[7].mac|acc[18]                                                                  ; 0                 ; 0       ;
;      - dg_tile_core:core|dg_mac_lane:banks[0].mac|acc[19]                                                                  ; 0                 ; 0       ;
;      - dg_tile_core:core|dg_mac_lane:banks[1].mac|acc[19]                                                                  ; 0                 ; 0       ;
;      - dg_tile_core:core|dg_mac_lane:banks[2].mac|acc[19]                                                                  ; 0                 ; 0       ;
;      - dg_tile_core:core|dg_mac_lane:banks[3].mac|acc[19]                                                                  ; 0                 ; 0       ;
;      - dg_tile_core:core|dg_mac_lane:banks[2].mac|acc[14]                                                                  ; 0                 ; 0       ;
;      - dg_tile_core:core|dg_mac_lane:banks[4].mac|acc[19]                                                                  ; 0                 ; 0       ;
;      - dg_tile_core:core|dg_mac_lane:banks[5].mac|acc[19]                                                                  ; 0                 ; 0       ;
;      - dg_tile_core:core|dg_mac_lane:banks[3].mac|acc[26]                                                                  ; 0                 ; 0       ;
;      - dg_tile_core:core|dg_mac_lane:banks[6].mac|acc[19]                                                                  ; 0                 ; 0       ;
;      - dg_tile_core:core|dg_mac_lane:banks[7].mac|acc[19]                                                                  ; 0                 ; 0       ;
;      - dg_tile_core:core|dg_mac_lane:banks[0].mac|acc[20]                                                                  ; 0                 ; 0       ;
;      - dg_tile_core:core|dg_mac_lane:banks[1].mac|acc[20]                                                                  ; 0                 ; 0       ;
;      - dg_tile_core:core|dg_mac_lane:banks[3].mac|acc[14]                                                                  ; 0                 ; 0       ;
;      - dg_tile_core:core|dg_mac_lane:banks[2].mac|acc[20]                                                                  ; 0                 ; 0       ;
;      - dg_tile_core:core|dg_mac_lane:banks[3].mac|acc[20]                                                                  ; 0                 ; 0       ;
;      - dg_tile_core:core|dg_mac_lane:banks[4].mac|acc[20]                                                                  ; 0                 ; 0       ;
;      - dg_tile_core:core|dg_mac_lane:banks[5].mac|acc[20]                                                                  ; 0                 ; 0       ;
;      - dg_tile_core:core|dg_mac_lane:banks[6].mac|acc[20]                                                                  ; 0                 ; 0       ;
;      - dg_tile_core:core|dg_mac_lane:banks[7].mac|acc[20]                                                                  ; 0                 ; 0       ;
;      - dg_tile_core:core|dg_mac_lane:banks[0].mac|acc[21]                                                                  ; 0                 ; 0       ;
;      - dg_tile_core:core|dg_mac_lane:banks[4].mac|acc[14]                                                                  ; 0                 ; 0       ;
;      - dg_tile_core:core|dg_mac_lane:banks[1].mac|acc[21]                                                                  ; 0                 ; 0       ;
;      - dg_tile_core:core|dg_mac_lane:banks[2].mac|acc[21]                                                                  ; 0                 ; 0       ;
;      - dg_tile_core:core|dg_mac_lane:banks[3].mac|acc[21]                                                                  ; 0                 ; 0       ;
;      - dg_tile_core:core|dg_mac_lane:banks[4].mac|acc[21]                                                                  ; 0                 ; 0       ;
;      - dg_tile_core:core|dg_mac_lane:banks[5].mac|acc[21]                                                                  ; 0                 ; 0       ;
;      - dg_tile_core:core|dg_mac_lane:banks[6].mac|acc[21]                                                                  ; 0                 ; 0       ;
;      - dg_tile_core:core|dg_mac_lane:banks[7].mac|acc[21]                                                                  ; 0                 ; 0       ;
;      - dg_tile_core:core|dg_mac_lane:banks[5].mac|acc[14]                                                                  ; 0                 ; 0       ;
;      - dg_tile_core:core|dg_mac_lane:banks[0].mac|acc[22]                                                                  ; 0                 ; 0       ;
;      - dg_tile_core:core|dg_mac_lane:banks[1].mac|acc[22]                                                                  ; 0                 ; 0       ;
;      - dg_tile_core:core|dg_mac_lane:banks[2].mac|acc[22]                                                                  ; 0                 ; 0       ;
;      - dg_tile_core:core|dg_mac_lane:banks[3].mac|acc[22]                                                                  ; 0                 ; 0       ;
;      - dg_tile_core:core|dg_mac_lane:banks[4].mac|acc[22]                                                                  ; 0                 ; 0       ;
;      - dg_tile_core:core|dg_mac_lane:banks[5].mac|acc[22]                                                                  ; 0                 ; 0       ;
;      - dg_tile_core:core|dg_mac_lane:banks[6].mac|acc[22]                                                                  ; 0                 ; 0       ;
;      - dg_tile_core:core|dg_mac_lane:banks[6].mac|acc[14]                                                                  ; 0                 ; 0       ;
;      - dg_tile_core:core|dg_mac_lane:banks[7].mac|acc[22]                                                                  ; 0                 ; 0       ;
;      - dg_tile_core:core|dg_mac_lane:banks[0].mac|acc[23]                                                                  ; 0                 ; 0       ;
;      - dg_tile_core:core|dg_mac_lane:banks[1].mac|acc[23]                                                                  ; 0                 ; 0       ;
;      - dg_tile_core:core|dg_mac_lane:banks[2].mac|acc[23]                                                                  ; 0                 ; 0       ;
;      - dg_tile_core:core|dg_mac_lane:banks[3].mac|acc[23]                                                                  ; 0                 ; 0       ;
;      - dg_tile_core:core|dg_mac_lane:banks[4].mac|acc[23]                                                                  ; 0                 ; 0       ;
;      - dg_tile_core:core|dg_mac_lane:banks[5].mac|acc[23]                                                                  ; 0                 ; 0       ;
;      - dg_tile_core:core|dg_mac_lane:banks[7].mac|acc[14]                                                                  ; 0                 ; 0       ;
;      - dg_tile_core:core|dg_mac_lane:banks[6].mac|acc[23]                                                                  ; 0                 ; 0       ;
;      - dg_tile_core:core|dg_mac_lane:banks[7].mac|acc[23]                                                                  ; 0                 ; 0       ;
;      - dg_tile_core:core|dg_mac_lane:banks[0].mac|acc[24]                                                                  ; 0                 ; 0       ;
;      - dg_tile_core:core|dg_mac_lane:banks[1].mac|acc[24]                                                                  ; 0                 ; 0       ;
;      - dg_tile_core:core|dg_mac_lane:banks[2].mac|acc[24]                                                                  ; 0                 ; 0       ;
;      - dg_tile_core:core|dg_mac_lane:banks[3].mac|acc[24]                                                                  ; 0                 ; 0       ;
;      - dg_tile_core:core|dg_mac_lane:banks[4].mac|acc[24]                                                                  ; 0                 ; 0       ;
;      - dg_tile_core:core|dg_mac_lane:banks[5].mac|acc[24]                                                                  ; 0                 ; 0       ;
;      - dg_tile_core:core|dg_mac_lane:banks[7].mac|acc[24]                                                                  ; 0                 ; 0       ;
;      - dg_tile_core:core|dg_mac_lane:banks[0].mac|acc[25]                                                                  ; 0                 ; 0       ;
;      - dg_tile_core:core|dg_mac_lane:banks[1].mac|acc[25]                                                                  ; 0                 ; 0       ;
;      - dg_tile_core:core|dg_mac_lane:banks[2].mac|acc[25]                                                                  ; 0                 ; 0       ;
;      - dg_tile_core:core|dg_mac_lane:banks[3].mac|acc[25]                                                                  ; 0                 ; 0       ;
;      - dg_tile_core:core|dg_mac_lane:banks[4].mac|acc[25]                                                                  ; 0                 ; 0       ;
;      - dg_tile_core:core|dg_mac_lane:banks[1].mac|acc[12]                                                                  ; 0                 ; 0       ;
;      - dg_tile_core:core|dg_mac_lane:banks[5].mac|acc[25]                                                                  ; 0                 ; 0       ;
;      - dg_tile_core:core|dg_mac_lane:banks[6].mac|acc[25]                                                                  ; 0                 ; 0       ;
;      - dg_tile_core:core|dg_mac_lane:banks[7].mac|acc[25]                                                                  ; 0                 ; 0       ;
;      - dg_tile_core:core|dg_mac_lane:banks[0].mac|acc[26]                                                                  ; 0                 ; 0       ;
;      - dg_tile_core:core|dg_mac_lane:banks[1].mac|acc[26]                                                                  ; 0                 ; 0       ;
;      - dg_tile_core:core|dg_mac_lane:banks[2].mac|acc[26]                                                                  ; 0                 ; 0       ;
;      - dg_tile_core:core|dg_mac_lane:banks[4].mac|acc[26]                                                                  ; 0                 ; 0       ;
;      - dg_tile_core:core|dg_mac_lane:banks[0].mac|acc[12]                                                                  ; 0                 ; 0       ;
;      - dg_tile_core:core|dg_mac_lane:banks[5].mac|acc[26]                                                                  ; 0                 ; 0       ;
;      - dg_tile_core:core|dg_mac_lane:banks[6].mac|acc[26]                                                                  ; 0                 ; 0       ;
;      - dg_tile_core:core|dg_mac_lane:banks[7].mac|acc[26]                                                                  ; 0                 ; 0       ;
;      - dg_tile_core:core|dg_mac_lane:banks[0].mac|acc[27]                                                                  ; 0                 ; 0       ;
;      - dg_tile_core:core|dg_mac_lane:banks[1].mac|acc[27]                                                                  ; 0                 ; 0       ;
;      - dg_tile_core:core|dg_mac_lane:banks[2].mac|acc[27]                                                                  ; 0                 ; 0       ;
;      - dg_tile_core:core|dg_mac_lane:banks[3].mac|acc[27]                                                                  ; 0                 ; 0       ;
;      - length[0]                                                                                                           ; 0                 ; 0       ;
;      - sticky_done                                                                                                         ; 0                 ; 0       ;
;      - sticky_error                                                                                                        ; 0                 ; 0       ;
;      - dg_tile_core:core|multipliers[0][0]                                                                                 ; 0                 ; 0       ;
;      - dg_tile_core:core|multipliers[3][0]                                                                                 ; 0                 ; 0       ;
;      - dg_tile_core:core|multipliers[1][0]                                                                                 ; 0                 ; 0       ;
;      - dg_tile_core:core|multipliers[4][0]                                                                                 ; 0                 ; 0       ;
;      - dg_tile_core:core|multipliers[5][0]                                                                                 ; 0                 ; 0       ;
;      - dg_tile_core:core|multipliers[6][0]                                                                                 ; 0                 ; 0       ;
;      - dg_tile_core:core|multipliers[7][0]                                                                                 ; 0                 ; 0       ;
;      - dg_tile_core:core|multipliers[2][0]                                                                                 ; 0                 ; 0       ;
;      - dg_tile_core:core|done                                                                                              ; 0                 ; 0       ;
;      - dg_tile_core:core|error                                                                                             ; 0                 ; 0       ;
;      - dg_tile_core:core|shifts[0][5]                                                                                      ; 0                 ; 0       ;
;      - dg_tile_core:core|shifts[3][5]                                                                                      ; 0                 ; 0       ;
;      - dg_tile_core:core|shifts[1][5]                                                                                      ; 0                 ; 0       ;
;      - dg_tile_core:core|shifts[4][5]                                                                                      ; 0                 ; 0       ;
;      - dg_tile_core:core|shifts[5][5]                                                                                      ; 0                 ; 0       ;
;      - dg_tile_core:core|shifts[6][5]                                                                                      ; 0                 ; 0       ;
;      - dg_tile_core:core|shifts[7][5]                                                                                      ; 0                 ; 0       ;
;      - dg_tile_core:core|shifts[2][5]                                                                                      ; 0                 ; 0       ;
;      - dg_tile_core:core|shifts[0][4]                                                                                      ; 0                 ; 0       ;
;      - dg_tile_core:core|shifts[3][4]                                                                                      ; 0                 ; 0       ;
;      - dg_tile_core:core|shifts[1][4]                                                                                      ; 0                 ; 0       ;
;      - dg_tile_core:core|shifts[4][4]                                                                                      ; 0                 ; 0       ;
;      - dg_tile_core:core|shifts[5][4]                                                                                      ; 0                 ; 0       ;
;      - dg_tile_core:core|shifts[6][4]                                                                                      ; 0                 ; 0       ;
;      - dg_tile_core:core|shifts[7][4]                                                                                      ; 0                 ; 0       ;
;      - dg_tile_core:core|shifts[2][4]                                                                                      ; 0                 ; 0       ;
;      - dg_tile_core:core|shifts[0][3]                                                                                      ; 0                 ; 0       ;
;      - dg_tile_core:core|shifts[3][3]                                                                                      ; 0                 ; 0       ;
;      - dg_tile_core:core|shifts[1][3]                                                                                      ; 0                 ; 0       ;
;      - dg_tile_core:core|shifts[4][3]                                                                                      ; 0                 ; 0       ;
;      - dg_tile_core:core|shifts[5][3]                                                                                      ; 0                 ; 0       ;
;      - dg_tile_core:core|shifts[6][3]                                                                                      ; 0                 ; 0       ;
;      - dg_tile_core:core|shifts[7][3]                                                                                      ; 0                 ; 0       ;
;      - dg_tile_core:core|shifts[2][3]                                                                                      ; 0                 ; 0       ;
;      - dg_tile_core:core|shifts[0][2]                                                                                      ; 0                 ; 0       ;
;      - dg_tile_core:core|shifts[3][2]                                                                                      ; 0                 ; 0       ;
;      - dg_tile_core:core|shifts[1][2]                                                                                      ; 0                 ; 0       ;
;      - dg_tile_core:core|shifts[4][2]                                                                                      ; 0                 ; 0       ;
;      - dg_tile_core:core|shifts[5][2]                                                                                      ; 0                 ; 0       ;
;      - dg_tile_core:core|shifts[6][2]                                                                                      ; 0                 ; 0       ;
;      - dg_tile_core:core|shifts[7][2]                                                                                      ; 0                 ; 0       ;
;      - dg_tile_core:core|shifts[2][2]                                                                                      ; 0                 ; 0       ;
;      - dg_tile_core:core|shifts[0][1]                                                                                      ; 0                 ; 0       ;
;      - dg_tile_core:core|shifts[3][1]                                                                                      ; 0                 ; 0       ;
;      - dg_tile_core:core|shifts[1][1]                                                                                      ; 0                 ; 0       ;
;      - dg_tile_core:core|shifts[4][1]                                                                                      ; 0                 ; 0       ;
;      - dg_tile_core:core|shifts[5][1]                                                                                      ; 0                 ; 0       ;
;      - dg_tile_core:core|shifts[6][1]                                                                                      ; 0                 ; 0       ;
;      - dg_tile_core:core|shifts[7][1]                                                                                      ; 0                 ; 0       ;
;      - dg_tile_core:core|shifts[2][1]                                                                                      ; 0                 ; 0       ;
;      - dg_tile_core:core|shifts[0][0]                                                                                      ; 0                 ; 0       ;
;      - dg_tile_core:core|shifts[3][0]                                                                                      ; 0                 ; 0       ;
;      - dg_tile_core:core|shifts[1][0]                                                                                      ; 0                 ; 0       ;
;      - dg_tile_core:core|shifts[4][0]                                                                                      ; 0                 ; 0       ;
;      - dg_tile_core:core|shifts[5][0]                                                                                      ; 0                 ; 0       ;
;      - dg_tile_core:core|shifts[6][0]                                                                                      ; 0                 ; 0       ;
;      - dg_tile_core:core|shifts[7][0]                                                                                      ; 0                 ; 0       ;
;      - dg_tile_core:core|shifts[2][0]                                                                                      ; 0                 ; 0       ;
;      - dg_tile_core:core|state.IDLE                                                                                        ; 0                 ; 0       ;
;      - model_id                                                                                                            ; 0                 ; 0       ;
;      - dg_tile_core:core|state.EMIT                                                                                        ; 0                 ; 0       ;
;      - relu                                                                                                                ; 0                 ; 0       ;
;      - dg_tile_core:core|state.FETCH                                                                                       ; 0                 ; 0       ;
;      - dg_tile_core:core|state.MAC                                                                                         ; 0                 ; 0       ;
;      - dg_tile_core:core|lane[5]~0                                                                                         ; 0                 ; 0       ;
;      - dg_tile_core:core|lane[5]~1                                                                                         ; 0                 ; 0       ;
;      - dg_tile_core:core|dg_mac_lane:banks[4].mac|acc[27]~0                                                                ; 0                 ; 0       ;
;      - dg_tile_core:core|shifts[4][1]~0                                                                                    ; 0                 ; 0       ;
;      - dg_tile_core:core|shifts[5][4]~1                                                                                    ; 0                 ; 0       ;
;      - dg_tile_core:core|shifts[6][4]~2                                                                                    ; 0                 ; 0       ;
;      - dg_tile_core:core|shifts[7][0]~3                                                                                    ; 0                 ; 0       ;
;      - dg_tile_core:core|shifts[3][1]~4                                                                                    ; 0                 ; 0       ;
;      - dg_tile_core:core|shifts[1][1]~5                                                                                    ; 0                 ; 0       ;
;      - dg_tile_core:core|shifts[2][1]~6                                                                                    ; 0                 ; 0       ;
;      - dg_tile_core:core|shifts[0][3]~7                                                                                    ; 0                 ; 0       ;
;      - dg_tile_core:core|count[3]~0                                                                                        ; 0                 ; 0       ;
;      - relu~0                                                                                                              ; 0                 ; 0       ;
;      - cycles[13]~0                                                                                                        ; 0                 ; 0       ;
;      - cycles[13]~1                                                                                                        ; 0                 ; 0       ;
;      - index_reg[8]~4                                                                                                      ; 0                 ; 0       ;
;      - lane_reg[3]~3                                                                                                       ; 0                 ; 0       ;
;      - length[13]~2                                                                                                        ; 0                 ; 0       ;
;      - dg_tile_core:core|biases[4][11]~0                                                                                   ; 0                 ; 0       ;
;      - dg_tile_core:core|biases[5][0]~1                                                                                    ; 0                 ; 0       ;
;      - dg_tile_core:core|biases[6][8]~2                                                                                    ; 0                 ; 0       ;
;      - dg_tile_core:core|biases[7][2]~3                                                                                    ; 0                 ; 0       ;
;      - dg_tile_core:core|biases[2][11]~4                                                                                   ; 0                 ; 0       ;
;      - dg_tile_core:core|biases[0][18]~5                                                                                   ; 0                 ; 0       ;
;      - dg_tile_core:core|biases[3][4]~6                                                                                    ; 0                 ; 0       ;
;      - dg_tile_core:core|biases[1][9]~7                                                                                    ; 0                 ; 0       ;
;      - dg_tile_core:core|multipliers[4][19]~9                                                                              ; 0                 ; 0       ;
;      - dg_tile_core:core|multipliers[5][8]~10                                                                              ; 0                 ; 0       ;
;      - dg_tile_core:core|multipliers[6][14]~11                                                                             ; 0                 ; 0       ;
;      - dg_tile_core:core|multipliers[7][27]~12                                                                             ; 0                 ; 0       ;
;      - dg_tile_core:core|multipliers[2][17]~13                                                                             ; 0                 ; 0       ;
;      - dg_tile_core:core|multipliers[0][14]~14                                                                             ; 0                 ; 0       ;
;      - dg_tile_core:core|multipliers[3][15]~15                                                                             ; 0                 ; 0       ;
;      - dg_tile_core:core|multipliers[1][27]~16                                                                             ; 0                 ; 0       ;
;      - dg_tile_core:core|k[7]~0                                                                                            ; 0                 ; 0       ;
;      - dg_tile_core:core|k[7]~1                                                                                            ; 0                 ; 0       ;
; write                                                                                                                      ;                   ;         ;
;      - sticky_error~0                                                                                                      ; 0                 ; 0       ;
;      - dg_tile_core:core|Selector32~0                                                                                      ; 0                 ; 0       ;
;      - dg_tile_core:core|accept_start~0                                                                                    ; 0                 ; 0       ;
;      - dg_tile_core:core|accept_start~3                                                                                    ; 0                 ; 0       ;
;      - dg_tile_core:core|always0~0                                                                                         ; 0                 ; 0       ;
;      - length~0                                                                                                            ; 0                 ; 0       ;
;      - cycles[13]~0                                                                                                        ; 0                 ; 0       ;
;      - cycles[13]~1                                                                                                        ; 0                 ; 0       ;
;      - wr~0                                                                                                                ; 0                 ; 0       ;
;      - dg_tile_core:core|Selector32~2                                                                                      ; 0                 ; 0       ;
;      - always1~1                                                                                                           ; 0                 ; 0       ;
;      - dg_tile_core:core|always0~2                                                                                         ; 0                 ; 0       ;
;      - dg_tile_core:core|Selector32~3                                                                                      ; 0                 ; 0       ;
;      - dg_tile_core:core|dg_tile_ram:input_bank|always0~3                                                                  ; 0                 ; 0       ;
;      - dg_tile_core:core|dg_tile_ram:input_bank|always0~5                                                                  ; 0                 ; 0       ;
;      - relu~1                                                                                                              ; 0                 ; 0       ;
;      - dg_tile_core:core|biases[5][0]~8                                                                                    ; 0                 ; 0       ;
;      - dg_tile_core:core|multipliers[5][8]~17                                                                              ; 0                 ; 0       ;
; byteenable[0]                                                                                                              ;                   ;         ;
;      - dg_tile_core:core|dg_tile_ram:input_bank|always0~0                                                                  ; 1                 ; 0       ;
; byteenable[1]                                                                                                              ;                   ;         ;
;      - dg_tile_core:core|dg_tile_ram:input_bank|always0~0                                                                  ; 1                 ; 0       ;
; byteenable[2]                                                                                                              ;                   ;         ;
;      - dg_tile_core:core|dg_tile_ram:input_bank|always0~0                                                                  ; 1                 ; 0       ;
; byteenable[3]                                                                                                              ;                   ;         ;
;      - dg_tile_core:core|dg_tile_ram:input_bank|always0~0                                                                  ; 1                 ; 0       ;
; writedata[2]                                                                                                               ;                   ;         ;
;      - length[2]                                                                                                           ; 1                 ; 0       ;
;      - index_reg[2]                                                                                                        ; 1                 ; 0       ;
;      - lane_reg[2]                                                                                                         ; 1                 ; 0       ;
;      - dg_tile_core:core|multipliers[1][2]                                                                                 ; 1                 ; 0       ;
;      - dg_tile_core:core|multipliers[2][2]                                                                                 ; 1                 ; 0       ;
;      - dg_tile_core:core|multipliers[4][2]                                                                                 ; 1                 ; 0       ;
;      - dg_tile_core:core|multipliers[5][2]                                                                                 ; 1                 ; 0       ;
;      - dg_tile_core:core|multipliers[6][2]                                                                                 ; 1                 ; 0       ;
;      - dg_tile_core:core|multipliers[7][2]                                                                                 ; 1                 ; 0       ;
;      - dg_tile_core:core|biases[0][2]                                                                                      ; 1                 ; 0       ;
;      - dg_tile_core:core|biases[2][2]                                                                                      ; 1                 ; 0       ;
;      - dg_tile_core:core|biases[3][2]                                                                                      ; 1                 ; 0       ;
;      - dg_tile_core:core|biases[7][2]                                                                                      ; 1                 ; 0       ;
;      - dg_tile_core:core|shifts[0][2]                                                                                      ; 1                 ; 0       ;
;      - dg_tile_core:core|shifts[3][2]                                                                                      ; 1                 ; 0       ;
;      - dg_tile_core:core|shifts[1][2]                                                                                      ; 1                 ; 0       ;
;      - dg_tile_core:core|shifts[4][2]                                                                                      ; 1                 ; 0       ;
;      - dg_tile_core:core|shifts[5][2]                                                                                      ; 1                 ; 0       ;
;      - dg_tile_core:core|shifts[7][2]                                                                                      ; 1                 ; 0       ;
;      - dg_tile_core:core|shifts[2][2]                                                                                      ; 1                 ; 0       ;
;      - dg_tile_core:core|Selector32~0                                                                                      ; 1                 ; 0       ;
;      - dg_tile_core:core|LessThan4~0                                                                                       ; 1                 ; 0       ;
;      - always1~0                                                                                                           ; 1                 ; 0       ;
;      - LessThan2~0                                                                                                         ; 1                 ; 0       ;
;      - dg_tile_core:core|Selector32~2                                                                                      ; 1                 ; 0       ;
;      - dg_tile_core:core|Selector32~4                                                                                      ; 1                 ; 0       ;
;      - dg_tile_core:core|multipliers[3][2]~feeder                                                                          ; 1                 ; 0       ;
;      - dg_tile_core:core|multipliers[0][2]~feeder                                                                          ; 1                 ; 0       ;
;      - dg_tile_core:core|biases[6][2]~feeder                                                                               ; 1                 ; 0       ;
;      - dg_tile_core:core|biases[5][2]~feeder                                                                               ; 1                 ; 0       ;
;      - dg_tile_core:core|biases[4][2]~feeder                                                                               ; 1                 ; 0       ;
;      - dg_tile_core:core|biases[1][2]~feeder                                                                               ; 1                 ; 0       ;
;      - dg_tile_core:core|shifts[6][2]~feeder                                                                               ; 1                 ; 0       ;
;      - dg_tile_core:core|dg_tile_ram:banks[4].weight_bank|altsyncram:mem_rtl_0|altsyncram_rtr1:auto_generated|ram_block1a0 ; 1                 ; 0       ;
;      - dg_tile_core:core|dg_tile_ram:input_bank|altsyncram:mem_rtl_0|altsyncram_rtr1:auto_generated|ram_block1a0           ; 1                 ; 0       ;
;      - dg_tile_core:core|dg_tile_ram:banks[5].weight_bank|altsyncram:mem_rtl_0|altsyncram_rtr1:auto_generated|ram_block1a0 ; 1                 ; 0       ;
;      - dg_tile_core:core|dg_tile_ram:banks[6].weight_bank|altsyncram:mem_rtl_0|altsyncram_rtr1:auto_generated|ram_block1a0 ; 1                 ; 0       ;
;      - dg_tile_core:core|dg_tile_ram:banks[7].weight_bank|altsyncram:mem_rtl_0|altsyncram_rtr1:auto_generated|ram_block1a0 ; 1                 ; 0       ;
;      - dg_tile_core:core|dg_tile_ram:banks[2].weight_bank|altsyncram:mem_rtl_0|altsyncram_rtr1:auto_generated|ram_block1a0 ; 1                 ; 0       ;
;      - dg_tile_core:core|dg_tile_ram:banks[0].weight_bank|altsyncram:mem_rtl_0|altsyncram_rtr1:auto_generated|ram_block1a0 ; 1                 ; 0       ;
;      - dg_tile_core:core|dg_tile_ram:banks[3].weight_bank|altsyncram:mem_rtl_0|altsyncram_rtr1:auto_generated|ram_block1a0 ; 1                 ; 0       ;
;      - dg_tile_core:core|dg_tile_ram:banks[1].weight_bank|altsyncram:mem_rtl_0|altsyncram_rtr1:auto_generated|ram_block1a0 ; 1                 ; 0       ;
; writedata[0]                                                                                                               ;                   ;         ;
;      - index_reg[0]                                                                                                        ; 0                 ; 0       ;
;      - lane_reg[0]                                                                                                         ; 0                 ; 0       ;
;      - dg_tile_core:core|biases[2][0]                                                                                      ; 0                 ; 0       ;
;      - dg_tile_core:core|biases[6][0]                                                                                      ; 0                 ; 0       ;
;      - dg_tile_core:core|biases[7][0]                                                                                      ; 0                 ; 0       ;
;      - dg_tile_core:core|shifts[0][0]                                                                                      ; 0                 ; 0       ;
;      - dg_tile_core:core|shifts[3][0]                                                                                      ; 0                 ; 0       ;
;      - dg_tile_core:core|shifts[1][0]                                                                                      ; 0                 ; 0       ;
;      - dg_tile_core:core|shifts[4][0]                                                                                      ; 0                 ; 0       ;
;      - dg_tile_core:core|shifts[5][0]                                                                                      ; 0                 ; 0       ;
;      - dg_tile_core:core|shifts[6][0]                                                                                      ; 0                 ; 0       ;
;      - dg_tile_core:core|shifts[7][0]                                                                                      ; 0                 ; 0       ;
;      - dg_tile_core:core|shifts[2][0]                                                                                      ; 0                 ; 0       ;
;      - model_id                                                                                                            ; 0                 ; 0       ;
;      - dg_tile_core:core|dg_tile_ram:input_bank|altsyncram:mem_rtl_0|altsyncram_rtr1:auto_generated|ram_block1a0           ; 0                 ; 0       ;
;      - dg_tile_core:core|dg_tile_ram:banks[0].weight_bank|altsyncram:mem_rtl_0|altsyncram_rtr1:auto_generated|ram_block1a0 ; 0                 ; 0       ;
;      - dg_tile_core:core|dg_tile_ram:banks[1].weight_bank|altsyncram:mem_rtl_0|altsyncram_rtr1:auto_generated|ram_block1a0 ; 0                 ; 0       ;
;      - dg_tile_core:core|dg_tile_ram:banks[2].weight_bank|altsyncram:mem_rtl_0|altsyncram_rtr1:auto_generated|ram_block1a0 ; 0                 ; 0       ;
;      - dg_tile_core:core|dg_tile_ram:banks[3].weight_bank|altsyncram:mem_rtl_0|altsyncram_rtr1:auto_generated|ram_block1a0 ; 0                 ; 0       ;
;      - dg_tile_core:core|dg_tile_ram:banks[4].weight_bank|altsyncram:mem_rtl_0|altsyncram_rtr1:auto_generated|ram_block1a0 ; 0                 ; 0       ;
;      - dg_tile_core:core|dg_tile_ram:banks[5].weight_bank|altsyncram:mem_rtl_0|altsyncram_rtr1:auto_generated|ram_block1a0 ; 0                 ; 0       ;
;      - dg_tile_core:core|dg_tile_ram:banks[6].weight_bank|altsyncram:mem_rtl_0|altsyncram_rtr1:auto_generated|ram_block1a0 ; 0                 ; 0       ;
;      - dg_tile_core:core|dg_tile_ram:banks[7].weight_bank|altsyncram:mem_rtl_0|altsyncram_rtr1:auto_generated|ram_block1a0 ; 0                 ; 0       ;
;      - dg_tile_core:core|accept_start~0                                                                                    ; 0                 ; 0       ;
;      - dg_tile_core:core|accept_start~3                                                                                    ; 0                 ; 0       ;
;      - dg_tile_core:core|LessThan4~0                                                                                       ; 0                 ; 0       ;
;      - always1~0                                                                                                           ; 0                 ; 0       ;
;      - length~1                                                                                                            ; 0                 ; 0       ;
;      - cycles[13]~0                                                                                                        ; 0                 ; 0       ;
;      - cycles[13]~1                                                                                                        ; 0                 ; 0       ;
;      - dg_tile_core:core|multipliers~1                                                                                     ; 0                 ; 0       ;
;      - dg_tile_core:core|multipliers~2                                                                                     ; 0                 ; 0       ;
;      - dg_tile_core:core|multipliers~3                                                                                     ; 0                 ; 0       ;
;      - dg_tile_core:core|multipliers~4                                                                                     ; 0                 ; 0       ;
;      - dg_tile_core:core|multipliers~5                                                                                     ; 0                 ; 0       ;
;      - dg_tile_core:core|multipliers~6                                                                                     ; 0                 ; 0       ;
;      - dg_tile_core:core|multipliers~7                                                                                     ; 0                 ; 0       ;
;      - dg_tile_core:core|multipliers~8                                                                                     ; 0                 ; 0       ;
;      - dg_tile_core:core|biases[4][0]~feeder                                                                               ; 0                 ; 0       ;
;      - dg_tile_core:core|biases[5][0]~feeder                                                                               ; 0                 ; 0       ;
;      - dg_tile_core:core|biases[3][0]~feeder                                                                               ; 0                 ; 0       ;
;      - dg_tile_core:core|biases[1][0]~feeder                                                                               ; 0                 ; 0       ;
;      - dg_tile_core:core|biases[0][0]~feeder                                                                               ; 0                 ; 0       ;
; writedata[1]                                                                                                               ;                   ;         ;
;      - length[1]                                                                                                           ; 0                 ; 0       ;
;      - index_reg[1]                                                                                                        ; 0                 ; 0       ;
;      - lane_reg[1]                                                                                                         ; 0                 ; 0       ;
;      - dg_tile_core:core|multipliers[0][1]                                                                                 ; 0                 ; 0       ;
;      - dg_tile_core:core|multipliers[1][1]                                                                                 ; 0                 ; 0       ;
;      - dg_tile_core:core|multipliers[3][1]                                                                                 ; 0                 ; 0       ;
;      - dg_tile_core:core|multipliers[7][1]                                                                                 ; 0                 ; 0       ;
;      - dg_tile_core:core|biases[0][1]                                                                                      ; 0                 ; 0       ;
;      - dg_tile_core:core|biases[1][1]                                                                                      ; 0                 ; 0       ;
;      - dg_tile_core:core|biases[3][1]                                                                                      ; 0                 ; 0       ;
;      - dg_tile_core:core|biases[4][1]                                                                                      ; 0                 ; 0       ;
;      - dg_tile_core:core|biases[5][1]                                                                                      ; 0                 ; 0       ;
;      - dg_tile_core:core|biases[6][1]                                                                                      ; 0                 ; 0       ;
;      - dg_tile_core:core|biases[7][1]                                                                                      ; 0                 ; 0       ;
;      - dg_tile_core:core|shifts[0][1]                                                                                      ; 0                 ; 0       ;
;      - dg_tile_core:core|shifts[1][1]                                                                                      ; 0                 ; 0       ;
;      - dg_tile_core:core|shifts[4][1]                                                                                      ; 0                 ; 0       ;
;      - dg_tile_core:core|shifts[5][1]                                                                                      ; 0                 ; 0       ;
;      - dg_tile_core:core|shifts[6][1]                                                                                      ; 0                 ; 0       ;
;      - dg_tile_core:core|shifts[7][1]                                                                                      ; 0                 ; 0       ;
;      - dg_tile_core:core|shifts[2][1]                                                                                      ; 0                 ; 0       ;
;      - relu                                                                                                                ; 0                 ; 0       ;
;      - dg_tile_core:core|LessThan4~0                                                                                       ; 0                 ; 0       ;
;      - always1~0                                                                                                           ; 0                 ; 0       ;
;      - always1~1                                                                                                           ; 0                 ; 0       ;
;      - sticky_error~0                                                                                                      ; 0                 ; 0       ;
;      - dg_tile_core:core|biases[2][1]~feeder                                                                               ; 0                 ; 0       ;
;      - dg_tile_core:core|multipliers[2][1]~feeder                                                                          ; 0                 ; 0       ;
;      - dg_tile_core:core|shifts[3][1]~feeder                                                                               ; 0                 ; 0       ;
;      - dg_tile_core:core|multipliers[4][1]~feeder                                                                          ; 0                 ; 0       ;
;      - dg_tile_core:core|multipliers[6][1]~feeder                                                                          ; 0                 ; 0       ;
;      - dg_tile_core:core|multipliers[5][1]~feeder                                                                          ; 0                 ; 0       ;
;      - dg_tile_core:core|dg_tile_ram:banks[4].weight_bank|altsyncram:mem_rtl_0|altsyncram_rtr1:auto_generated|ram_block1a0 ; 0                 ; 0       ;
;      - dg_tile_core:core|dg_tile_ram:input_bank|altsyncram:mem_rtl_0|altsyncram_rtr1:auto_generated|ram_block1a0           ; 0                 ; 0       ;
;      - dg_tile_core:core|dg_tile_ram:banks[5].weight_bank|altsyncram:mem_rtl_0|altsyncram_rtr1:auto_generated|ram_block1a0 ; 0                 ; 0       ;
;      - dg_tile_core:core|dg_tile_ram:banks[6].weight_bank|altsyncram:mem_rtl_0|altsyncram_rtr1:auto_generated|ram_block1a0 ; 0                 ; 0       ;
;      - dg_tile_core:core|dg_tile_ram:banks[7].weight_bank|altsyncram:mem_rtl_0|altsyncram_rtr1:auto_generated|ram_block1a0 ; 0                 ; 0       ;
;      - dg_tile_core:core|dg_tile_ram:banks[2].weight_bank|altsyncram:mem_rtl_0|altsyncram_rtr1:auto_generated|ram_block1a0 ; 0                 ; 0       ;
;      - dg_tile_core:core|dg_tile_ram:banks[0].weight_bank|altsyncram:mem_rtl_0|altsyncram_rtr1:auto_generated|ram_block1a0 ; 0                 ; 0       ;
;      - dg_tile_core:core|dg_tile_ram:banks[3].weight_bank|altsyncram:mem_rtl_0|altsyncram_rtr1:auto_generated|ram_block1a0 ; 0                 ; 0       ;
;      - dg_tile_core:core|dg_tile_ram:banks[1].weight_bank|altsyncram:mem_rtl_0|altsyncram_rtr1:auto_generated|ram_block1a0 ; 0                 ; 0       ;
; writedata[8]                                                                                                               ;                   ;         ;
;      - length[8]                                                                                                           ; 0                 ; 0       ;
;      - lane_reg[8]                                                                                                         ; 0                 ; 0       ;
;      - dg_tile_core:core|multipliers[1][8]                                                                                 ; 0                 ; 0       ;
;      - dg_tile_core:core|multipliers[2][8]                                                                                 ; 0                 ; 0       ;
;      - dg_tile_core:core|multipliers[5][8]                                                                                 ; 0                 ; 0       ;
;      - dg_tile_core:core|multipliers[7][8]                                                                                 ; 0                 ; 0       ;
;      - dg_tile_core:core|biases[2][8]                                                                                      ; 0                 ; 0       ;
;      - dg_tile_core:core|biases[4][8]                                                                                      ; 0                 ; 0       ;
;      - dg_tile_core:core|biases[5][8]                                                                                      ; 0                 ; 0       ;
;      - dg_tile_core:core|biases[6][8]                                                                                      ; 0                 ; 0       ;
;      - dg_tile_core:core|biases[7][8]                                                                                      ; 0                 ; 0       ;
;      - LessThan3~2                                                                                                         ; 0                 ; 0       ;
;      - always1~0                                                                                                           ; 0                 ; 0       ;
;      - LessThan4~0                                                                                                         ; 0                 ; 0       ;
;      - index_reg~3                                                                                                         ; 0                 ; 0       ;
;      - lane_reg~2                                                                                                          ; 0                 ; 0       ;
;      - dg_tile_core:core|multipliers[0][8]~feeder                                                                          ; 0                 ; 0       ;
;      - dg_tile_core:core|multipliers[3][8]~feeder                                                                          ; 0                 ; 0       ;
;      - dg_tile_core:core|multipliers[6][8]~feeder                                                                          ; 0                 ; 0       ;
;      - dg_tile_core:core|multipliers[4][8]~feeder                                                                          ; 0                 ; 0       ;
;      - dg_tile_core:core|biases[0][8]~feeder                                                                               ; 0                 ; 0       ;
;      - index_reg[8]~feeder                                                                                                 ; 0                 ; 0       ;
;      - dg_tile_core:core|biases[1][8]~feeder                                                                               ; 0                 ; 0       ;
;      - dg_tile_core:core|biases[3][8]~feeder                                                                               ; 0                 ; 0       ;
; writedata[20]                                                                                                              ;                   ;         ;
;      - dg_tile_core:core|multipliers[0][20]                                                                                ; 0                 ; 0       ;
;      - dg_tile_core:core|multipliers[1][20]                                                                                ; 0                 ; 0       ;
;      - dg_tile_core:core|multipliers[3][20]                                                                                ; 0                 ; 0       ;
;      - dg_tile_core:core|multipliers[4][20]                                                                                ; 0                 ; 0       ;
;      - dg_tile_core:core|multipliers[7][20]                                                                                ; 0                 ; 0       ;
;      - dg_tile_core:core|biases[0][20]                                                                                     ; 0                 ; 0       ;
;      - dg_tile_core:core|biases[3][20]                                                                                     ; 0                 ; 0       ;
;      - dg_tile_core:core|biases[7][20]                                                                                     ; 0                 ; 0       ;
;      - LessThan3~2                                                                                                         ; 0                 ; 0       ;
;      - LessThan3~3                                                                                                         ; 0                 ; 0       ;
;      - LessThan4~0                                                                                                         ; 0                 ; 0       ;
;      - index_reg~3                                                                                                         ; 0                 ; 0       ;
;      - lane_reg~2                                                                                                          ; 0                 ; 0       ;
;      - dg_tile_core:core|biases[2][20]~feeder                                                                              ; 0                 ; 0       ;
;      - dg_tile_core:core|multipliers[2][20]~feeder                                                                         ; 0                 ; 0       ;
;      - dg_tile_core:core|multipliers[6][20]~feeder                                                                         ; 0                 ; 0       ;
;      - dg_tile_core:core|multipliers[5][20]~feeder                                                                         ; 0                 ; 0       ;
;      - dg_tile_core:core|biases[1][20]~feeder                                                                              ; 0                 ; 0       ;
;      - dg_tile_core:core|biases[6][20]~feeder                                                                              ; 0                 ; 0       ;
;      - dg_tile_core:core|biases[4][20]~feeder                                                                              ; 0                 ; 0       ;
;      - dg_tile_core:core|biases[5][20]~feeder                                                                              ; 0                 ; 0       ;
; writedata[9]                                                                                                               ;                   ;         ;
;      - length[9]                                                                                                           ; 1                 ; 0       ;
;      - index_reg[9]                                                                                                        ; 1                 ; 0       ;
;      - lane_reg[9]                                                                                                         ; 1                 ; 0       ;
;      - dg_tile_core:core|multipliers[0][9]                                                                                 ; 1                 ; 0       ;
;      - dg_tile_core:core|multipliers[1][9]                                                                                 ; 1                 ; 0       ;
;      - dg_tile_core:core|multipliers[2][9]                                                                                 ; 1                 ; 0       ;
;      - dg_tile_core:core|multipliers[5][9]                                                                                 ; 1                 ; 0       ;
;      - dg_tile_core:core|multipliers[7][9]                                                                                 ; 1                 ; 0       ;
;      - dg_tile_core:core|biases[3][9]                                                                                      ; 1                 ; 0       ;
;      - dg_tile_core:core|biases[4][9]                                                                                      ; 1                 ; 0       ;
;      - dg_tile_core:core|biases[6][9]                                                                                      ; 1                 ; 0       ;
;      - dg_tile_core:core|biases[7][9]                                                                                      ; 1                 ; 0       ;
;      - LessThan3~0                                                                                                         ; 1                 ; 0       ;
;      - dg_tile_core:core|biases[5][9]~feeder                                                                               ; 1                 ; 0       ;
;      - dg_tile_core:core|biases[0][9]~feeder                                                                               ; 1                 ; 0       ;
;      - dg_tile_core:core|biases[1][9]~feeder                                                                               ; 1                 ; 0       ;
;      - dg_tile_core:core|multipliers[6][9]~feeder                                                                          ; 1                 ; 0       ;
;      - dg_tile_core:core|multipliers[3][9]~feeder                                                                          ; 1                 ; 0       ;
;      - dg_tile_core:core|multipliers[4][9]~feeder                                                                          ; 1                 ; 0       ;
;      - dg_tile_core:core|biases[2][9]~feeder                                                                               ; 1                 ; 0       ;
; writedata[10]                                                                                                              ;                   ;         ;
;      - length[10]                                                                                                          ; 0                 ; 0       ;
;      - index_reg[10]                                                                                                       ; 0                 ; 0       ;
;      - lane_reg[10]                                                                                                        ; 0                 ; 0       ;
;      - dg_tile_core:core|multipliers[0][10]                                                                                ; 0                 ; 0       ;
;      - dg_tile_core:core|multipliers[1][10]                                                                                ; 0                 ; 0       ;
;      - dg_tile_core:core|multipliers[2][10]                                                                                ; 0                 ; 0       ;
;      - dg_tile_core:core|multipliers[4][10]                                                                                ; 0                 ; 0       ;
;      - dg_tile_core:core|multipliers[5][10]                                                                                ; 0                 ; 0       ;
;      - dg_tile_core:core|multipliers[6][10]                                                                                ; 0                 ; 0       ;
;      - dg_tile_core:core|multipliers[7][10]                                                                                ; 0                 ; 0       ;
;      - dg_tile_core:core|biases[0][10]                                                                                     ; 0                 ; 0       ;
;      - dg_tile_core:core|biases[7][10]                                                                                     ; 0                 ; 0       ;
;      - LessThan3~0                                                                                                         ; 0                 ; 0       ;
;      - dg_tile_core:core|multipliers[3][10]~feeder                                                                         ; 0                 ; 0       ;
;      - dg_tile_core:core|biases[2][10]~feeder                                                                              ; 0                 ; 0       ;
;      - dg_tile_core:core|biases[3][10]~feeder                                                                              ; 0                 ; 0       ;
;      - dg_tile_core:core|biases[1][10]~feeder                                                                              ; 0                 ; 0       ;
;      - dg_tile_core:core|biases[4][10]~feeder                                                                              ; 0                 ; 0       ;
;      - dg_tile_core:core|biases[6][10]~feeder                                                                              ; 0                 ; 0       ;
;      - dg_tile_core:core|biases[5][10]~feeder                                                                              ; 0                 ; 0       ;
; writedata[11]                                                                                                              ;                   ;         ;
;      - length[11]                                                                                                          ; 1                 ; 0       ;
;      - index_reg[11]                                                                                                       ; 1                 ; 0       ;
;      - lane_reg[11]                                                                                                        ; 1                 ; 0       ;
;      - dg_tile_core:core|multipliers[0][11]                                                                                ; 1                 ; 0       ;
;      - dg_tile_core:core|multipliers[1][11]                                                                                ; 1                 ; 0       ;
;      - dg_tile_core:core|multipliers[2][11]                                                                                ; 1                 ; 0       ;
;      - dg_tile_core:core|multipliers[4][11]                                                                                ; 1                 ; 0       ;
;      - dg_tile_core:core|multipliers[5][11]                                                                                ; 1                 ; 0       ;
;      - dg_tile_core:core|multipliers[6][11]                                                                                ; 1                 ; 0       ;
;      - dg_tile_core:core|multipliers[7][11]                                                                                ; 1                 ; 0       ;
;      - dg_tile_core:core|biases[1][11]                                                                                     ; 1                 ; 0       ;
;      - dg_tile_core:core|biases[5][11]                                                                                     ; 1                 ; 0       ;
;      - dg_tile_core:core|biases[7][11]                                                                                     ; 1                 ; 0       ;
;      - LessThan3~0                                                                                                         ; 1                 ; 0       ;
;      - dg_tile_core:core|biases[2][11]~feeder                                                                              ; 1                 ; 0       ;
;      - dg_tile_core:core|biases[6][11]~feeder                                                                              ; 1                 ; 0       ;
;      - dg_tile_core:core|biases[3][11]~feeder                                                                              ; 1                 ; 0       ;
;      - dg_tile_core:core|multipliers[3][11]~feeder                                                                         ; 1                 ; 0       ;
;      - dg_tile_core:core|biases[0][11]~feeder                                                                              ; 1                 ; 0       ;
;      - dg_tile_core:core|biases[4][11]~feeder                                                                              ; 1                 ; 0       ;
; writedata[12]                                                                                                              ;                   ;         ;
;      - length[12]                                                                                                          ; 0                 ; 0       ;
;      - index_reg[12]                                                                                                       ; 0                 ; 0       ;
;      - lane_reg[12]                                                                                                        ; 0                 ; 0       ;
;      - dg_tile_core:core|multipliers[0][12]                                                                                ; 0                 ; 0       ;
;      - dg_tile_core:core|multipliers[1][12]                                                                                ; 0                 ; 0       ;
;      - dg_tile_core:core|multipliers[2][12]                                                                                ; 0                 ; 0       ;
;      - dg_tile_core:core|multipliers[3][12]                                                                                ; 0                 ; 0       ;
;      - dg_tile_core:core|multipliers[5][12]                                                                                ; 0                 ; 0       ;
;      - dg_tile_core:core|multipliers[6][12]                                                                                ; 0                 ; 0       ;
;      - dg_tile_core:core|multipliers[7][12]                                                                                ; 0                 ; 0       ;
;      - dg_tile_core:core|biases[0][12]                                                                                     ; 0                 ; 0       ;
;      - dg_tile_core:core|biases[2][12]                                                                                     ; 0                 ; 0       ;
;      - dg_tile_core:core|biases[3][12]                                                                                     ; 0                 ; 0       ;
;      - LessThan3~0                                                                                                         ; 0                 ; 0       ;
;      - dg_tile_core:core|biases[1][12]~feeder                                                                              ; 0                 ; 0       ;
;      - dg_tile_core:core|multipliers[4][12]~feeder                                                                         ; 0                 ; 0       ;
;      - dg_tile_core:core|biases[7][12]~feeder                                                                              ; 0                 ; 0       ;
;      - dg_tile_core:core|biases[5][12]~feeder                                                                              ; 0                 ; 0       ;
;      - dg_tile_core:core|biases[4][12]~feeder                                                                              ; 0                 ; 0       ;
;      - dg_tile_core:core|biases[6][12]~feeder                                                                              ; 0                 ; 0       ;
; writedata[13]                                                                                                              ;                   ;         ;
;      - length[13]                                                                                                          ; 0                 ; 0       ;
;      - index_reg[13]                                                                                                       ; 0                 ; 0       ;
;      - lane_reg[13]                                                                                                        ; 0                 ; 0       ;
;      - dg_tile_core:core|multipliers[1][13]                                                                                ; 0                 ; 0       ;
;      - dg_tile_core:core|multipliers[2][13]                                                                                ; 0                 ; 0       ;
;      - dg_tile_core:core|multipliers[4][13]                                                                                ; 0                 ; 0       ;
;      - dg_tile_core:core|multipliers[6][13]                                                                                ; 0                 ; 0       ;
;      - dg_tile_core:core|multipliers[7][13]                                                                                ; 0                 ; 0       ;
;      - dg_tile_core:core|biases[6][13]                                                                                     ; 0                 ; 0       ;
;      - dg_tile_core:core|biases[7][13]                                                                                     ; 0                 ; 0       ;
;      - LessThan3~0                                                                                                         ; 0                 ; 0       ;
;      - dg_tile_core:core|biases[0][13]~feeder                                                                              ; 0                 ; 0       ;
;      - dg_tile_core:core|multipliers[5][13]~feeder                                                                         ; 0                 ; 0       ;
;      - dg_tile_core:core|multipliers[0][13]~feeder                                                                         ; 0                 ; 0       ;
;      - dg_tile_core:core|multipliers[3][13]~feeder                                                                         ; 0                 ; 0       ;
;      - dg_tile_core:core|biases[1][13]~feeder                                                                              ; 0                 ; 0       ;
;      - dg_tile_core:core|biases[5][13]~feeder                                                                              ; 0                 ; 0       ;
;      - dg_tile_core:core|biases[3][13]~feeder                                                                              ; 0                 ; 0       ;
;      - dg_tile_core:core|biases[2][13]~feeder                                                                              ; 0                 ; 0       ;
;      - dg_tile_core:core|biases[4][13]~feeder                                                                              ; 0                 ; 0       ;
; writedata[14]                                                                                                              ;                   ;         ;
;      - length[14]                                                                                                          ; 0                 ; 0       ;
;      - index_reg[14]                                                                                                       ; 0                 ; 0       ;
;      - dg_tile_core:core|multipliers[1][14]                                                                                ; 0                 ; 0       ;
;      - dg_tile_core:core|multipliers[2][14]                                                                                ; 0                 ; 0       ;
;      - dg_tile_core:core|multipliers[5][14]                                                                                ; 0                 ; 0       ;
;      - dg_tile_core:core|multipliers[7][14]                                                                                ; 0                 ; 0       ;
;      - dg_tile_core:core|biases[1][14]                                                                                     ; 0                 ; 0       ;
;      - dg_tile_core:core|biases[2][14]                                                                                     ; 0                 ; 0       ;
;      - dg_tile_core:core|biases[4][14]                                                                                     ; 0                 ; 0       ;
;      - dg_tile_core:core|biases[5][14]                                                                                     ; 0                 ; 0       ;
;      - dg_tile_core:core|biases[6][14]                                                                                     ; 0                 ; 0       ;
;      - LessThan3~0                                                                                                         ; 0                 ; 0       ;
;      - dg_tile_core:core|biases[3][14]~feeder                                                                              ; 0                 ; 0       ;
;      - dg_tile_core:core|biases[7][14]~feeder                                                                              ; 0                 ; 0       ;
;      - lane_reg[14]~feeder                                                                                                 ; 0                 ; 0       ;
;      - dg_tile_core:core|multipliers[4][14]~feeder                                                                         ; 0                 ; 0       ;
;      - dg_tile_core:core|multipliers[6][14]~feeder                                                                         ; 0                 ; 0       ;
;      - dg_tile_core:core|multipliers[0][14]~feeder                                                                         ; 0                 ; 0       ;
;      - dg_tile_core:core|multipliers[3][14]~feeder                                                                         ; 0                 ; 0       ;
;      - dg_tile_core:core|biases[0][14]~feeder                                                                              ; 0                 ; 0       ;
; writedata[15]                                                                                                              ;                   ;         ;
;      - length[15]                                                                                                          ; 1                 ; 0       ;
;      - index_reg[15]                                                                                                       ; 1                 ; 0       ;
;      - lane_reg[15]                                                                                                        ; 1                 ; 0       ;
;      - dg_tile_core:core|multipliers[1][15]                                                                                ; 1                 ; 0       ;
;      - dg_tile_core:core|multipliers[4][15]                                                                                ; 1                 ; 0       ;
;      - dg_tile_core:core|multipliers[7][15]                                                                                ; 1                 ; 0       ;
;      - dg_tile_core:core|biases[2][15]                                                                                     ; 1                 ; 0       ;
;      - dg_tile_core:core|biases[6][15]                                                                                     ; 1                 ; 0       ;
;      - LessThan3~1                                                                                                         ; 1                 ; 0       ;
;      - dg_tile_core:core|multipliers[6][15]~feeder                                                                         ; 1                 ; 0       ;
;      - dg_tile_core:core|multipliers[5][15]~feeder                                                                         ; 1                 ; 0       ;
;      - dg_tile_core:core|biases[0][15]~feeder                                                                              ; 1                 ; 0       ;
;      - dg_tile_core:core|multipliers[0][15]~feeder                                                                         ; 1                 ; 0       ;
;      - dg_tile_core:core|multipliers[3][15]~feeder                                                                         ; 1                 ; 0       ;
;      - dg_tile_core:core|biases[5][15]~feeder                                                                              ; 1                 ; 0       ;
;      - dg_tile_core:core|biases[4][15]~feeder                                                                              ; 1                 ; 0       ;
;      - dg_tile_core:core|biases[1][15]~feeder                                                                              ; 1                 ; 0       ;
;      - dg_tile_core:core|multipliers[2][15]~feeder                                                                         ; 1                 ; 0       ;
;      - dg_tile_core:core|biases[7][15]~feeder                                                                              ; 1                 ; 0       ;
;      - dg_tile_core:core|biases[3][15]~feeder                                                                              ; 1                 ; 0       ;
; writedata[16]                                                                                                              ;                   ;         ;
;      - dg_tile_core:core|multipliers[0][16]                                                                                ; 0                 ; 0       ;
;      - dg_tile_core:core|multipliers[1][16]                                                                                ; 0                 ; 0       ;
;      - dg_tile_core:core|multipliers[2][16]                                                                                ; 0                 ; 0       ;
;      - dg_tile_core:core|multipliers[4][16]                                                                                ; 0                 ; 0       ;
;      - dg_tile_core:core|multipliers[5][16]                                                                                ; 0                 ; 0       ;
;      - dg_tile_core:core|multipliers[7][16]                                                                                ; 0                 ; 0       ;
;      - dg_tile_core:core|biases[1][16]                                                                                     ; 0                 ; 0       ;
;      - dg_tile_core:core|biases[2][16]                                                                                     ; 0                 ; 0       ;
;      - dg_tile_core:core|biases[3][16]                                                                                     ; 0                 ; 0       ;
;      - dg_tile_core:core|biases[4][16]                                                                                     ; 0                 ; 0       ;
;      - dg_tile_core:core|biases[5][16]                                                                                     ; 0                 ; 0       ;
;      - dg_tile_core:core|biases[6][16]                                                                                     ; 0                 ; 0       ;
;      - LessThan3~1                                                                                                         ; 0                 ; 0       ;
;      - dg_tile_core:core|biases[0][16]~feeder                                                                              ; 0                 ; 0       ;
;      - dg_tile_core:core|multipliers[3][16]~feeder                                                                         ; 0                 ; 0       ;
;      - dg_tile_core:core|biases[7][16]~feeder                                                                              ; 0                 ; 0       ;
;      - dg_tile_core:core|multipliers[6][16]~feeder                                                                         ; 0                 ; 0       ;
; writedata[17]                                                                                                              ;                   ;         ;
;      - dg_tile_core:core|multipliers[1][17]                                                                                ; 1                 ; 0       ;
;      - dg_tile_core:core|multipliers[3][17]                                                                                ; 1                 ; 0       ;
;      - dg_tile_core:core|multipliers[5][17]                                                                                ; 1                 ; 0       ;
;      - dg_tile_core:core|multipliers[7][17]                                                                                ; 1                 ; 0       ;
;      - dg_tile_core:core|biases[0][17]                                                                                     ; 1                 ; 0       ;
;      - dg_tile_core:core|biases[1][17]                                                                                     ; 1                 ; 0       ;
;      - dg_tile_core:core|biases[3][17]                                                                                     ; 1                 ; 0       ;
;      - dg_tile_core:core|biases[4][17]                                                                                     ; 1                 ; 0       ;
;      - dg_tile_core:core|biases[5][17]                                                                                     ; 1                 ; 0       ;
;      - dg_tile_core:core|biases[7][17]                                                                                     ; 1                 ; 0       ;
;      - LessThan3~1                                                                                                         ; 1                 ; 0       ;
;      - dg_tile_core:core|biases[2][17]~feeder                                                                              ; 1                 ; 0       ;
;      - dg_tile_core:core|multipliers[2][17]~feeder                                                                         ; 1                 ; 0       ;
;      - dg_tile_core:core|multipliers[6][17]~feeder                                                                         ; 1                 ; 0       ;
;      - dg_tile_core:core|multipliers[4][17]~feeder                                                                         ; 1                 ; 0       ;
;      - dg_tile_core:core|multipliers[0][17]~feeder                                                                         ; 1                 ; 0       ;
;      - dg_tile_core:core|biases[6][17]~feeder                                                                              ; 1                 ; 0       ;
; writedata[18]                                                                                                              ;                   ;         ;
;      - dg_tile_core:core|multipliers[0][18]                                                                                ; 1                 ; 0       ;
;      - dg_tile_core:core|multipliers[1][18]                                                                                ; 1                 ; 0       ;
;      - dg_tile_core:core|multipliers[5][18]                                                                                ; 1                 ; 0       ;
;      - dg_tile_core:core|multipliers[6][18]                                                                                ; 1                 ; 0       ;
;      - dg_tile_core:core|multipliers[7][18]                                                                                ; 1                 ; 0       ;
;      - dg_tile_core:core|biases[1][18]                                                                                     ; 1                 ; 0       ;
;      - dg_tile_core:core|biases[3][18]                                                                                     ; 1                 ; 0       ;
;      - LessThan3~1                                                                                                         ; 1                 ; 0       ;
;      - dg_tile_core:core|biases[0][18]~feeder                                                                              ; 1                 ; 0       ;
;      - dg_tile_core:core|multipliers[3][18]~feeder                                                                         ; 1                 ; 0       ;
;      - dg_tile_core:core|biases[2][18]~feeder                                                                              ; 1                 ; 0       ;
;      - dg_tile_core:core|multipliers[2][18]~feeder                                                                         ; 1                 ; 0       ;
;      - dg_tile_core:core|multipliers[4][18]~feeder                                                                         ; 1                 ; 0       ;
;      - dg_tile_core:core|biases[7][18]~feeder                                                                              ; 1                 ; 0       ;
;      - dg_tile_core:core|biases[4][18]~feeder                                                                              ; 1                 ; 0       ;
;      - dg_tile_core:core|biases[5][18]~feeder                                                                              ; 1                 ; 0       ;
;      - dg_tile_core:core|biases[6][18]~feeder                                                                              ; 1                 ; 0       ;
; writedata[19]                                                                                                              ;                   ;         ;
;      - dg_tile_core:core|multipliers[0][19]                                                                                ; 0                 ; 0       ;
;      - dg_tile_core:core|multipliers[1][19]                                                                                ; 0                 ; 0       ;
;      - dg_tile_core:core|multipliers[2][19]                                                                                ; 0                 ; 0       ;
;      - dg_tile_core:core|multipliers[3][19]                                                                                ; 0                 ; 0       ;
;      - dg_tile_core:core|multipliers[4][19]                                                                                ; 0                 ; 0       ;
;      - dg_tile_core:core|multipliers[7][19]                                                                                ; 0                 ; 0       ;
;      - dg_tile_core:core|biases[0][19]                                                                                     ; 0                 ; 0       ;
;      - dg_tile_core:core|biases[1][19]                                                                                     ; 0                 ; 0       ;
;      - dg_tile_core:core|biases[5][19]                                                                                     ; 0                 ; 0       ;
;      - dg_tile_core:core|biases[6][19]                                                                                     ; 0                 ; 0       ;
;      - LessThan3~1                                                                                                         ; 0                 ; 0       ;
;      - dg_tile_core:core|biases[3][19]~feeder                                                                              ; 0                 ; 0       ;
;      - dg_tile_core:core|biases[4][19]~feeder                                                                              ; 0                 ; 0       ;
;      - dg_tile_core:core|biases[7][19]~feeder                                                                              ; 0                 ; 0       ;
;      - dg_tile_core:core|multipliers[5][19]~feeder                                                                         ; 0                 ; 0       ;
;      - dg_tile_core:core|multipliers[6][19]~feeder                                                                         ; 0                 ; 0       ;
;      - dg_tile_core:core|biases[2][19]~feeder                                                                              ; 0                 ; 0       ;
; writedata[26]                                                                                                              ;                   ;         ;
;      - dg_tile_core:core|multipliers[0][26]                                                                                ; 0                 ; 0       ;
;      - dg_tile_core:core|multipliers[1][26]                                                                                ; 0                 ; 0       ;
;      - dg_tile_core:core|multipliers[2][26]                                                                                ; 0                 ; 0       ;
;      - dg_tile_core:core|multipliers[4][26]                                                                                ; 0                 ; 0       ;
;      - dg_tile_core:core|multipliers[7][26]                                                                                ; 0                 ; 0       ;
;      - index_reg~2                                                                                                         ; 0                 ; 0       ;
;      - LessThan2~0                                                                                                         ; 0                 ; 0       ;
;      - lane_reg~1                                                                                                          ; 0                 ; 0       ;
;      - dg_tile_core:core|biases[1][26]~feeder                                                                              ; 0                 ; 0       ;
;      - dg_tile_core:core|biases[4][26]~feeder                                                                              ; 0                 ; 0       ;
;      - dg_tile_core:core|biases[6][26]~feeder                                                                              ; 0                 ; 0       ;
;      - dg_tile_core:core|biases[5][26]~feeder                                                                              ; 0                 ; 0       ;
;      - dg_tile_core:core|multipliers[6][26]~feeder                                                                         ; 0                 ; 0       ;
;      - dg_tile_core:core|biases[0][26]~feeder                                                                              ; 0                 ; 0       ;
;      - dg_tile_core:core|biases[2][26]~feeder                                                                              ; 0                 ; 0       ;
;      - dg_tile_core:core|multipliers[3][26]~feeder                                                                         ; 0                 ; 0       ;
;      - dg_tile_core:core|biases[7][26]~feeder                                                                              ; 0                 ; 0       ;
;      - dg_tile_core:core|multipliers[5][26]~feeder                                                                         ; 0                 ; 0       ;
;      - dg_tile_core:core|biases[3][26]~feeder                                                                              ; 0                 ; 0       ;
; writedata[31]                                                                                                              ;                   ;         ;
;      - dg_tile_core:core|multipliers[0][31]                                                                                ; 0                 ; 0       ;
;      - dg_tile_core:core|multipliers[1][31]                                                                                ; 0                 ; 0       ;
;      - dg_tile_core:core|multipliers[2][31]                                                                                ; 0                 ; 0       ;
;      - dg_tile_core:core|multipliers[3][31]                                                                                ; 0                 ; 0       ;
;      - dg_tile_core:core|multipliers[4][31]                                                                                ; 0                 ; 0       ;
;      - dg_tile_core:core|multipliers[7][31]                                                                                ; 0                 ; 0       ;
;      - dg_tile_core:core|biases[1][31]                                                                                     ; 0                 ; 0       ;
;      - dg_tile_core:core|biases[2][31]                                                                                     ; 0                 ; 0       ;
;      - dg_tile_core:core|biases[4][31]                                                                                     ; 0                 ; 0       ;
;      - dg_tile_core:core|biases[5][31]                                                                                     ; 0                 ; 0       ;
;      - index_reg~2                                                                                                         ; 0                 ; 0       ;
;      - LessThan2~0                                                                                                         ; 0                 ; 0       ;
;      - lane_reg~1                                                                                                          ; 0                 ; 0       ;
;      - dg_tile_core:core|error~1                                                                                           ; 0                 ; 0       ;
;      - dg_tile_core:core|multipliers~0                                                                                     ; 0                 ; 0       ;
;      - dg_tile_core:core|biases[6][31]~feeder                                                                              ; 0                 ; 0       ;
;      - dg_tile_core:core|multipliers[6][31]~feeder                                                                         ; 0                 ; 0       ;
;      - dg_tile_core:core|multipliers[5][31]~feeder                                                                         ; 0                 ; 0       ;
;      - dg_tile_core:core|biases[7][31]~feeder                                                                              ; 0                 ; 0       ;
;      - dg_tile_core:core|biases[3][31]~feeder                                                                              ; 0                 ; 0       ;
;      - dg_tile_core:core|biases[0][31]~feeder                                                                              ; 0                 ; 0       ;
; writedata[21]                                                                                                              ;                   ;         ;
;      - dg_tile_core:core|multipliers[1][21]                                                                                ; 1                 ; 0       ;
;      - dg_tile_core:core|multipliers[3][21]                                                                                ; 1                 ; 0       ;
;      - dg_tile_core:core|multipliers[4][21]                                                                                ; 1                 ; 0       ;
;      - dg_tile_core:core|multipliers[5][21]                                                                                ; 1                 ; 0       ;
;      - dg_tile_core:core|multipliers[7][21]                                                                                ; 1                 ; 0       ;
;      - dg_tile_core:core|biases[0][21]                                                                                     ; 1                 ; 0       ;
;      - dg_tile_core:core|biases[2][21]                                                                                     ; 1                 ; 0       ;
;      - dg_tile_core:core|biases[4][21]                                                                                     ; 1                 ; 0       ;
;      - dg_tile_core:core|biases[5][21]                                                                                     ; 1                 ; 0       ;
;      - dg_tile_core:core|biases[6][21]                                                                                     ; 1                 ; 0       ;
;      - dg_tile_core:core|biases[7][21]                                                                                     ; 1                 ; 0       ;
;      - index_reg~0                                                                                                         ; 1                 ; 0       ;
;      - dg_tile_core:core|multipliers[6][21]~feeder                                                                         ; 1                 ; 0       ;
;      - dg_tile_core:core|multipliers[0][21]~feeder                                                                         ; 1                 ; 0       ;
;      - dg_tile_core:core|multipliers[2][21]~feeder                                                                         ; 1                 ; 0       ;
;      - dg_tile_core:core|biases[1][21]~feeder                                                                              ; 1                 ; 0       ;
;      - dg_tile_core:core|biases[3][21]~feeder                                                                              ; 1                 ; 0       ;
; writedata[22]                                                                                                              ;                   ;         ;
;      - dg_tile_core:core|multipliers[1][22]                                                                                ; 0                 ; 0       ;
;      - dg_tile_core:core|multipliers[2][22]                                                                                ; 0                 ; 0       ;
;      - dg_tile_core:core|multipliers[4][22]                                                                                ; 0                 ; 0       ;
;      - dg_tile_core:core|multipliers[7][22]                                                                                ; 0                 ; 0       ;
;      - dg_tile_core:core|biases[1][22]                                                                                     ; 0                 ; 0       ;
;      - dg_tile_core:core|biases[2][22]                                                                                     ; 0                 ; 0       ;
;      - dg_tile_core:core|biases[3][22]                                                                                     ; 0                 ; 0       ;
;      - dg_tile_core:core|biases[4][22]                                                                                     ; 0                 ; 0       ;
;      - dg_tile_core:core|biases[6][22]                                                                                     ; 0                 ; 0       ;
;      - index_reg~0                                                                                                         ; 0                 ; 0       ;
;      - dg_tile_core:core|multipliers[0][22]~feeder                                                                         ; 0                 ; 0       ;
;      - dg_tile_core:core|biases[7][22]~feeder                                                                              ; 0                 ; 0       ;
;      - dg_tile_core:core|multipliers[6][22]~feeder                                                                         ; 0                 ; 0       ;
;      - dg_tile_core:core|multipliers[5][22]~feeder                                                                         ; 0                 ; 0       ;
;      - dg_tile_core:core|multipliers[3][22]~feeder                                                                         ; 0                 ; 0       ;
;      - dg_tile_core:core|biases[0][22]~feeder                                                                              ; 0                 ; 0       ;
;      - dg_tile_core:core|biases[5][22]~feeder                                                                              ; 0                 ; 0       ;
; writedata[23]                                                                                                              ;                   ;         ;
;      - dg_tile_core:core|multipliers[0][23]                                                                                ; 1                 ; 0       ;
;      - dg_tile_core:core|multipliers[1][23]                                                                                ; 1                 ; 0       ;
;      - dg_tile_core:core|multipliers[2][23]                                                                                ; 1                 ; 0       ;
;      - dg_tile_core:core|multipliers[4][23]                                                                                ; 1                 ; 0       ;
;      - dg_tile_core:core|multipliers[6][23]                                                                                ; 1                 ; 0       ;
;      - dg_tile_core:core|multipliers[7][23]                                                                                ; 1                 ; 0       ;
;      - dg_tile_core:core|biases[4][23]                                                                                     ; 1                 ; 0       ;
;      - dg_tile_core:core|biases[5][23]                                                                                     ; 1                 ; 0       ;
;      - index_reg~0                                                                                                         ; 1                 ; 0       ;
;      - dg_tile_core:core|biases[2][23]~feeder                                                                              ; 1                 ; 0       ;
;      - dg_tile_core:core|biases[0][23]~feeder                                                                              ; 1                 ; 0       ;
;      - dg_tile_core:core|biases[1][23]~feeder                                                                              ; 1                 ; 0       ;
;      - dg_tile_core:core|multipliers[5][23]~feeder                                                                         ; 1                 ; 0       ;
;      - dg_tile_core:core|biases[7][23]~feeder                                                                              ; 1                 ; 0       ;
;      - dg_tile_core:core|multipliers[3][23]~feeder                                                                         ; 1                 ; 0       ;
;      - dg_tile_core:core|biases[6][23]~feeder                                                                              ; 1                 ; 0       ;
;      - dg_tile_core:core|biases[3][23]~feeder                                                                              ; 1                 ; 0       ;
; writedata[24]                                                                                                              ;                   ;         ;
;      - dg_tile_core:core|multipliers[0][24]                                                                                ; 0                 ; 0       ;
;      - dg_tile_core:core|multipliers[1][24]                                                                                ; 0                 ; 0       ;
;      - dg_tile_core:core|multipliers[3][24]                                                                                ; 0                 ; 0       ;
;      - dg_tile_core:core|multipliers[5][24]                                                                                ; 0                 ; 0       ;
;      - dg_tile_core:core|multipliers[6][24]                                                                                ; 0                 ; 0       ;
;      - dg_tile_core:core|multipliers[7][24]                                                                                ; 0                 ; 0       ;
;      - dg_tile_core:core|biases[1][24]                                                                                     ; 0                 ; 0       ;
;      - dg_tile_core:core|biases[2][24]                                                                                     ; 0                 ; 0       ;
;      - dg_tile_core:core|biases[3][24]                                                                                     ; 0                 ; 0       ;
;      - dg_tile_core:core|biases[4][24]                                                                                     ; 0                 ; 0       ;
;      - dg_tile_core:core|biases[5][24]                                                                                     ; 0                 ; 0       ;
;      - dg_tile_core:core|biases[6][24]                                                                                     ; 0                 ; 0       ;
;      - dg_tile_core:core|biases[7][24]                                                                                     ; 0                 ; 0       ;
;      - index_reg~0                                                                                                         ; 0                 ; 0       ;
;      - dg_tile_core:core|biases[0][24]~feeder                                                                              ; 0                 ; 0       ;
;      - dg_tile_core:core|multipliers[4][24]~feeder                                                                         ; 0                 ; 0       ;
;      - dg_tile_core:core|multipliers[2][24]~feeder                                                                         ; 0                 ; 0       ;
; writedata[25]                                                                                                              ;                   ;         ;
;      - dg_tile_core:core|multipliers[1][25]                                                                                ; 0                 ; 0       ;
;      - dg_tile_core:core|multipliers[5][25]                                                                                ; 0                 ; 0       ;
;      - dg_tile_core:core|multipliers[7][25]                                                                                ; 0                 ; 0       ;
;      - dg_tile_core:core|biases[0][25]                                                                                     ; 0                 ; 0       ;
;      - dg_tile_core:core|biases[1][25]                                                                                     ; 0                 ; 0       ;
;      - dg_tile_core:core|biases[3][25]                                                                                     ; 0                 ; 0       ;
;      - dg_tile_core:core|biases[4][25]                                                                                     ; 0                 ; 0       ;
;      - dg_tile_core:core|biases[5][25]                                                                                     ; 0                 ; 0       ;
;      - dg_tile_core:core|biases[7][25]                                                                                     ; 0                 ; 0       ;
;      - index_reg~0                                                                                                         ; 0                 ; 0       ;
;      - dg_tile_core:core|multipliers[4][25]~feeder                                                                         ; 0                 ; 0       ;
;      - dg_tile_core:core|multipliers[0][25]~feeder                                                                         ; 0                 ; 0       ;
;      - dg_tile_core:core|multipliers[3][25]~feeder                                                                         ; 0                 ; 0       ;
;      - dg_tile_core:core|multipliers[6][25]~feeder                                                                         ; 0                 ; 0       ;
;      - dg_tile_core:core|biases[6][25]~feeder                                                                              ; 0                 ; 0       ;
;      - dg_tile_core:core|multipliers[2][25]~feeder                                                                         ; 0                 ; 0       ;
;      - dg_tile_core:core|biases[2][25]~feeder                                                                              ; 0                 ; 0       ;
; writedata[27]                                                                                                              ;                   ;         ;
;      - dg_tile_core:core|multipliers[0][27]                                                                                ; 0                 ; 0       ;
;      - dg_tile_core:core|multipliers[1][27]                                                                                ; 0                 ; 0       ;
;      - dg_tile_core:core|multipliers[4][27]                                                                                ; 0                 ; 0       ;
;      - dg_tile_core:core|multipliers[7][27]                                                                                ; 0                 ; 0       ;
;      - dg_tile_core:core|biases[5][27]                                                                                     ; 0                 ; 0       ;
;      - dg_tile_core:core|biases[6][27]                                                                                     ; 0                 ; 0       ;
;      - index_reg~1                                                                                                         ; 0                 ; 0       ;
;      - dg_tile_core:core|biases[1][27]~feeder                                                                              ; 0                 ; 0       ;
;      - dg_tile_core:core|multipliers[3][27]~feeder                                                                         ; 0                 ; 0       ;
;      - dg_tile_core:core|biases[4][27]~feeder                                                                              ; 0                 ; 0       ;
;      - dg_tile_core:core|biases[2][27]~feeder                                                                              ; 0                 ; 0       ;
;      - dg_tile_core:core|biases[0][27]~feeder                                                                              ; 0                 ; 0       ;
;      - dg_tile_core:core|multipliers[2][27]~feeder                                                                         ; 0                 ; 0       ;
;      - dg_tile_core:core|multipliers[6][27]~feeder                                                                         ; 0                 ; 0       ;
;      - dg_tile_core:core|multipliers[5][27]~feeder                                                                         ; 0                 ; 0       ;
;      - dg_tile_core:core|biases[7][27]~feeder                                                                              ; 0                 ; 0       ;
;      - dg_tile_core:core|biases[3][27]~feeder                                                                              ; 0                 ; 0       ;
; writedata[28]                                                                                                              ;                   ;         ;
;      - dg_tile_core:core|multipliers[1][28]                                                                                ; 0                 ; 0       ;
;      - dg_tile_core:core|multipliers[3][28]                                                                                ; 0                 ; 0       ;
;      - dg_tile_core:core|multipliers[4][28]                                                                                ; 0                 ; 0       ;
;      - dg_tile_core:core|multipliers[6][28]                                                                                ; 0                 ; 0       ;
;      - dg_tile_core:core|multipliers[7][28]                                                                                ; 0                 ; 0       ;
;      - dg_tile_core:core|biases[0][28]                                                                                     ; 0                 ; 0       ;
;      - dg_tile_core:core|biases[2][28]                                                                                     ; 0                 ; 0       ;
;      - dg_tile_core:core|biases[3][28]                                                                                     ; 0                 ; 0       ;
;      - dg_tile_core:core|biases[4][28]                                                                                     ; 0                 ; 0       ;
;      - dg_tile_core:core|biases[5][28]                                                                                     ; 0                 ; 0       ;
;      - index_reg~1                                                                                                         ; 0                 ; 0       ;
;      - dg_tile_core:core|biases[6][28]~feeder                                                                              ; 0                 ; 0       ;
;      - dg_tile_core:core|biases[1][28]~feeder                                                                              ; 0                 ; 0       ;
;      - dg_tile_core:core|biases[7][28]~feeder                                                                              ; 0                 ; 0       ;
;      - dg_tile_core:core|multipliers[0][28]~feeder                                                                         ; 0                 ; 0       ;
;      - dg_tile_core:core|multipliers[2][28]~feeder                                                                         ; 0                 ; 0       ;
;      - dg_tile_core:core|multipliers[5][28]~feeder                                                                         ; 0                 ; 0       ;
; writedata[29]                                                                                                              ;                   ;         ;
;      - dg_tile_core:core|multipliers[0][29]                                                                                ; 0                 ; 0       ;
;      - dg_tile_core:core|multipliers[1][29]                                                                                ; 0                 ; 0       ;
;      - dg_tile_core:core|multipliers[7][29]                                                                                ; 0                 ; 0       ;
;      - dg_tile_core:core|biases[1][29]                                                                                     ; 0                 ; 0       ;
;      - dg_tile_core:core|biases[2][29]                                                                                     ; 0                 ; 0       ;
;      - dg_tile_core:core|biases[3][29]                                                                                     ; 0                 ; 0       ;
;      - dg_tile_core:core|biases[4][29]                                                                                     ; 0                 ; 0       ;
;      - index_reg~1                                                                                                         ; 0                 ; 0       ;
;      - dg_tile_core:core|biases[5][29]~feeder                                                                              ; 0                 ; 0       ;
;      - dg_tile_core:core|biases[0][29]~feeder                                                                              ; 0                 ; 0       ;
;      - dg_tile_core:core|multipliers[2][29]~feeder                                                                         ; 0                 ; 0       ;
;      - dg_tile_core:core|multipliers[4][29]~feeder                                                                         ; 0                 ; 0       ;
;      - dg_tile_core:core|biases[7][29]~feeder                                                                              ; 0                 ; 0       ;
;      - dg_tile_core:core|multipliers[5][29]~feeder                                                                         ; 0                 ; 0       ;
;      - dg_tile_core:core|multipliers[6][29]~feeder                                                                         ; 0                 ; 0       ;
;      - dg_tile_core:core|multipliers[3][29]~feeder                                                                         ; 0                 ; 0       ;
;      - dg_tile_core:core|biases[6][29]~feeder                                                                              ; 0                 ; 0       ;
; writedata[30]                                                                                                              ;                   ;         ;
;      - dg_tile_core:core|multipliers[1][30]                                                                                ; 1                 ; 0       ;
;      - dg_tile_core:core|multipliers[2][30]                                                                                ; 1                 ; 0       ;
;      - dg_tile_core:core|multipliers[4][30]                                                                                ; 1                 ; 0       ;
;      - dg_tile_core:core|multipliers[6][30]                                                                                ; 1                 ; 0       ;
;      - dg_tile_core:core|multipliers[7][30]                                                                                ; 1                 ; 0       ;
;      - dg_tile_core:core|biases[1][30]                                                                                     ; 1                 ; 0       ;
;      - dg_tile_core:core|biases[5][30]                                                                                     ; 1                 ; 0       ;
;      - dg_tile_core:core|biases[6][30]                                                                                     ; 1                 ; 0       ;
;      - index_reg~1                                                                                                         ; 1                 ; 0       ;
;      - dg_tile_core:core|biases[7][30]~feeder                                                                              ; 1                 ; 0       ;
;      - dg_tile_core:core|biases[3][30]~feeder                                                                              ; 1                 ; 0       ;
;      - dg_tile_core:core|biases[4][30]~feeder                                                                              ; 1                 ; 0       ;
;      - dg_tile_core:core|biases[2][30]~feeder                                                                              ; 1                 ; 0       ;
;      - dg_tile_core:core|multipliers[0][30]~feeder                                                                         ; 1                 ; 0       ;
;      - dg_tile_core:core|biases[0][30]~feeder                                                                              ; 1                 ; 0       ;
;      - dg_tile_core:core|multipliers[5][30]~feeder                                                                         ; 1                 ; 0       ;
;      - dg_tile_core:core|multipliers[3][30]~feeder                                                                         ; 1                 ; 0       ;
; writedata[4]                                                                                                               ;                   ;         ;
;      - length[4]                                                                                                           ; 0                 ; 0       ;
;      - index_reg[4]                                                                                                        ; 0                 ; 0       ;
;      - lane_reg[4]                                                                                                         ; 0                 ; 0       ;
;      - dg_tile_core:core|multipliers[0][4]                                                                                 ; 0                 ; 0       ;
;      - dg_tile_core:core|multipliers[1][4]                                                                                 ; 0                 ; 0       ;
;      - dg_tile_core:core|multipliers[2][4]                                                                                 ; 0                 ; 0       ;
;      - dg_tile_core:core|multipliers[7][4]                                                                                 ; 0                 ; 0       ;
;      - dg_tile_core:core|biases[1][4]                                                                                      ; 0                 ; 0       ;
;      - dg_tile_core:core|biases[2][4]                                                                                      ; 0                 ; 0       ;
;      - dg_tile_core:core|biases[4][4]                                                                                      ; 0                 ; 0       ;
;      - dg_tile_core:core|biases[5][4]                                                                                      ; 0                 ; 0       ;
;      - dg_tile_core:core|biases[6][4]                                                                                      ; 0                 ; 0       ;
;      - dg_tile_core:core|shifts[0][4]                                                                                      ; 0                 ; 0       ;
;      - dg_tile_core:core|shifts[3][4]                                                                                      ; 0                 ; 0       ;
;      - dg_tile_core:core|shifts[1][4]                                                                                      ; 0                 ; 0       ;
;      - dg_tile_core:core|shifts[4][4]                                                                                      ; 0                 ; 0       ;
;      - dg_tile_core:core|shifts[5][4]                                                                                      ; 0                 ; 0       ;
;      - dg_tile_core:core|shifts[7][4]                                                                                      ; 0                 ; 0       ;
;      - dg_tile_core:core|shifts[2][4]                                                                                      ; 0                 ; 0       ;
;      - dg_tile_core:core|LessThan4~1                                                                                       ; 0                 ; 0       ;
;      - LessThan0~0                                                                                                         ; 0                 ; 0       ;
;      - dg_tile_core:core|biases[7][4]~feeder                                                                               ; 0                 ; 0       ;
;      - dg_tile_core:core|shifts[6][4]~feeder                                                                               ; 0                 ; 0       ;
;      - dg_tile_core:core|biases[0][4]~feeder                                                                               ; 0                 ; 0       ;
;      - dg_tile_core:core|multipliers[3][4]~feeder                                                                          ; 0                 ; 0       ;
;      - dg_tile_core:core|biases[3][4]~feeder                                                                               ; 0                 ; 0       ;
;      - dg_tile_core:core|multipliers[4][4]~feeder                                                                          ; 0                 ; 0       ;
;      - dg_tile_core:core|multipliers[5][4]~feeder                                                                          ; 0                 ; 0       ;
;      - dg_tile_core:core|multipliers[6][4]~feeder                                                                          ; 0                 ; 0       ;
;      - dg_tile_core:core|dg_tile_ram:banks[4].weight_bank|altsyncram:mem_rtl_0|altsyncram_rtr1:auto_generated|ram_block1a0 ; 0                 ; 0       ;
;      - dg_tile_core:core|dg_tile_ram:input_bank|altsyncram:mem_rtl_0|altsyncram_rtr1:auto_generated|ram_block1a0           ; 0                 ; 0       ;
;      - dg_tile_core:core|dg_tile_ram:banks[5].weight_bank|altsyncram:mem_rtl_0|altsyncram_rtr1:auto_generated|ram_block1a0 ; 0                 ; 0       ;
;      - dg_tile_core:core|dg_tile_ram:banks[6].weight_bank|altsyncram:mem_rtl_0|altsyncram_rtr1:auto_generated|ram_block1a0 ; 0                 ; 0       ;
;      - dg_tile_core:core|dg_tile_ram:banks[7].weight_bank|altsyncram:mem_rtl_0|altsyncram_rtr1:auto_generated|ram_block1a0 ; 0                 ; 0       ;
;      - dg_tile_core:core|dg_tile_ram:banks[2].weight_bank|altsyncram:mem_rtl_0|altsyncram_rtr1:auto_generated|ram_block1a0 ; 0                 ; 0       ;
;      - dg_tile_core:core|dg_tile_ram:banks[0].weight_bank|altsyncram:mem_rtl_0|altsyncram_rtr1:auto_generated|ram_block1a0 ; 0                 ; 0       ;
;      - dg_tile_core:core|dg_tile_ram:banks[3].weight_bank|altsyncram:mem_rtl_0|altsyncram_rtr1:auto_generated|ram_block1a0 ; 0                 ; 0       ;
;      - dg_tile_core:core|dg_tile_ram:banks[1].weight_bank|altsyncram:mem_rtl_0|altsyncram_rtr1:auto_generated|ram_block1a0 ; 0                 ; 0       ;
; writedata[5]                                                                                                               ;                   ;         ;
;      - length[5]                                                                                                           ; 0                 ; 0       ;
;      - index_reg[5]                                                                                                        ; 0                 ; 0       ;
;      - lane_reg[5]                                                                                                         ; 0                 ; 0       ;
;      - dg_tile_core:core|multipliers[0][5]                                                                                 ; 0                 ; 0       ;
;      - dg_tile_core:core|multipliers[1][5]                                                                                 ; 0                 ; 0       ;
;      - dg_tile_core:core|multipliers[3][5]                                                                                 ; 0                 ; 0       ;
;      - dg_tile_core:core|multipliers[4][5]                                                                                 ; 0                 ; 0       ;
;      - dg_tile_core:core|multipliers[5][5]                                                                                 ; 0                 ; 0       ;
;      - dg_tile_core:core|multipliers[6][5]                                                                                 ; 0                 ; 0       ;
;      - dg_tile_core:core|multipliers[7][5]                                                                                 ; 0                 ; 0       ;
;      - dg_tile_core:core|biases[2][5]                                                                                      ; 0                 ; 0       ;
;      - dg_tile_core:core|biases[3][5]                                                                                      ; 0                 ; 0       ;
;      - dg_tile_core:core|biases[5][5]                                                                                      ; 0                 ; 0       ;
;      - dg_tile_core:core|biases[6][5]                                                                                      ; 0                 ; 0       ;
;      - dg_tile_core:core|biases[7][5]                                                                                      ; 0                 ; 0       ;
;      - dg_tile_core:core|shifts[0][5]                                                                                      ; 0                 ; 0       ;
;      - dg_tile_core:core|shifts[1][5]                                                                                      ; 0                 ; 0       ;
;      - dg_tile_core:core|shifts[5][5]                                                                                      ; 0                 ; 0       ;
;      - dg_tile_core:core|shifts[7][5]                                                                                      ; 0                 ; 0       ;
;      - dg_tile_core:core|shifts[2][5]                                                                                      ; 0                 ; 0       ;
;      - dg_tile_core:core|LessThan4~1                                                                                       ; 0                 ; 0       ;
;      - LessThan0~0                                                                                                         ; 0                 ; 0       ;
;      - dg_tile_core:core|biases[0][5]~feeder                                                                               ; 0                 ; 0       ;
;      - dg_tile_core:core|shifts[6][5]~feeder                                                                               ; 0                 ; 0       ;
;      - dg_tile_core:core|biases[1][5]~feeder                                                                               ; 0                 ; 0       ;
;      - dg_tile_core:core|shifts[3][5]~feeder                                                                               ; 0                 ; 0       ;
;      - dg_tile_core:core|multipliers[2][5]~feeder                                                                          ; 0                 ; 0       ;
;      - dg_tile_core:core|shifts[4][5]~feeder                                                                               ; 0                 ; 0       ;
;      - dg_tile_core:core|biases[4][5]~feeder                                                                               ; 0                 ; 0       ;
;      - dg_tile_core:core|dg_tile_ram:banks[4].weight_bank|altsyncram:mem_rtl_0|altsyncram_rtr1:auto_generated|ram_block1a0 ; 0                 ; 0       ;
;      - dg_tile_core:core|dg_tile_ram:input_bank|altsyncram:mem_rtl_0|altsyncram_rtr1:auto_generated|ram_block1a0           ; 0                 ; 0       ;
;      - dg_tile_core:core|dg_tile_ram:banks[5].weight_bank|altsyncram:mem_rtl_0|altsyncram_rtr1:auto_generated|ram_block1a0 ; 0                 ; 0       ;
;      - dg_tile_core:core|dg_tile_ram:banks[6].weight_bank|altsyncram:mem_rtl_0|altsyncram_rtr1:auto_generated|ram_block1a0 ; 0                 ; 0       ;
;      - dg_tile_core:core|dg_tile_ram:banks[7].weight_bank|altsyncram:mem_rtl_0|altsyncram_rtr1:auto_generated|ram_block1a0 ; 0                 ; 0       ;
;      - dg_tile_core:core|dg_tile_ram:banks[2].weight_bank|altsyncram:mem_rtl_0|altsyncram_rtr1:auto_generated|ram_block1a0 ; 0                 ; 0       ;
;      - dg_tile_core:core|dg_tile_ram:banks[0].weight_bank|altsyncram:mem_rtl_0|altsyncram_rtr1:auto_generated|ram_block1a0 ; 0                 ; 0       ;
;      - dg_tile_core:core|dg_tile_ram:banks[3].weight_bank|altsyncram:mem_rtl_0|altsyncram_rtr1:auto_generated|ram_block1a0 ; 0                 ; 0       ;
;      - dg_tile_core:core|dg_tile_ram:banks[1].weight_bank|altsyncram:mem_rtl_0|altsyncram_rtr1:auto_generated|ram_block1a0 ; 0                 ; 0       ;
; writedata[6]                                                                                                               ;                   ;         ;
;      - length[6]                                                                                                           ; 1                 ; 0       ;
;      - index_reg[6]                                                                                                        ; 1                 ; 0       ;
;      - lane_reg[6]                                                                                                         ; 1                 ; 0       ;
;      - dg_tile_core:core|multipliers[0][6]                                                                                 ; 1                 ; 0       ;
;      - dg_tile_core:core|multipliers[1][6]                                                                                 ; 1                 ; 0       ;
;      - dg_tile_core:core|multipliers[2][6]                                                                                 ; 1                 ; 0       ;
;      - dg_tile_core:core|multipliers[3][6]                                                                                 ; 1                 ; 0       ;
;      - dg_tile_core:core|multipliers[4][6]                                                                                 ; 1                 ; 0       ;
;      - dg_tile_core:core|multipliers[7][6]                                                                                 ; 1                 ; 0       ;
;      - dg_tile_core:core|biases[0][6]                                                                                      ; 1                 ; 0       ;
;      - dg_tile_core:core|biases[1][6]                                                                                      ; 1                 ; 0       ;
;      - dg_tile_core:core|biases[5][6]                                                                                      ; 1                 ; 0       ;
;      - dg_tile_core:core|biases[7][6]                                                                                      ; 1                 ; 0       ;
;      - dg_tile_core:core|LessThan4~1                                                                                       ; 1                 ; 0       ;
;      - LessThan0~0                                                                                                         ; 1                 ; 0       ;
;      - dg_tile_core:core|biases[2][6]~feeder                                                                               ; 1                 ; 0       ;
;      - dg_tile_core:core|multipliers[6][6]~feeder                                                                          ; 1                 ; 0       ;
;      - dg_tile_core:core|multipliers[5][6]~feeder                                                                          ; 1                 ; 0       ;
;      - dg_tile_core:core|biases[4][6]~feeder                                                                               ; 1                 ; 0       ;
;      - dg_tile_core:core|biases[6][6]~feeder                                                                               ; 1                 ; 0       ;
;      - dg_tile_core:core|biases[3][6]~feeder                                                                               ; 1                 ; 0       ;
;      - dg_tile_core:core|dg_tile_ram:banks[4].weight_bank|altsyncram:mem_rtl_0|altsyncram_rtr1:auto_generated|ram_block1a0 ; 1                 ; 0       ;
;      - dg_tile_core:core|dg_tile_ram:input_bank|altsyncram:mem_rtl_0|altsyncram_rtr1:auto_generated|ram_block1a0           ; 1                 ; 0       ;
;      - dg_tile_core:core|dg_tile_ram:banks[5].weight_bank|altsyncram:mem_rtl_0|altsyncram_rtr1:auto_generated|ram_block1a0 ; 1                 ; 0       ;
;      - dg_tile_core:core|dg_tile_ram:banks[6].weight_bank|altsyncram:mem_rtl_0|altsyncram_rtr1:auto_generated|ram_block1a0 ; 1                 ; 0       ;
;      - dg_tile_core:core|dg_tile_ram:banks[7].weight_bank|altsyncram:mem_rtl_0|altsyncram_rtr1:auto_generated|ram_block1a0 ; 1                 ; 0       ;
;      - dg_tile_core:core|dg_tile_ram:banks[2].weight_bank|altsyncram:mem_rtl_0|altsyncram_rtr1:auto_generated|ram_block1a0 ; 1                 ; 0       ;
;      - dg_tile_core:core|dg_tile_ram:banks[0].weight_bank|altsyncram:mem_rtl_0|altsyncram_rtr1:auto_generated|ram_block1a0 ; 1                 ; 0       ;
;      - dg_tile_core:core|dg_tile_ram:banks[3].weight_bank|altsyncram:mem_rtl_0|altsyncram_rtr1:auto_generated|ram_block1a0 ; 1                 ; 0       ;
;      - dg_tile_core:core|dg_tile_ram:banks[1].weight_bank|altsyncram:mem_rtl_0|altsyncram_rtr1:auto_generated|ram_block1a0 ; 1                 ; 0       ;
; writedata[7]                                                                                                               ;                   ;         ;
;      - length[7]                                                                                                           ; 1                 ; 0       ;
;      - index_reg[7]                                                                                                        ; 1                 ; 0       ;
;      - lane_reg[7]                                                                                                         ; 1                 ; 0       ;
;      - dg_tile_core:core|multipliers[1][7]                                                                                 ; 1                 ; 0       ;
;      - dg_tile_core:core|multipliers[2][7]                                                                                 ; 1                 ; 0       ;
;      - dg_tile_core:core|multipliers[3][7]                                                                                 ; 1                 ; 0       ;
;      - dg_tile_core:core|multipliers[4][7]                                                                                 ; 1                 ; 0       ;
;      - dg_tile_core:core|multipliers[5][7]                                                                                 ; 1                 ; 0       ;
;      - dg_tile_core:core|multipliers[6][7]                                                                                 ; 1                 ; 0       ;
;      - dg_tile_core:core|multipliers[7][7]                                                                                 ; 1                 ; 0       ;
;      - dg_tile_core:core|biases[0][7]                                                                                      ; 1                 ; 0       ;
;      - dg_tile_core:core|biases[1][7]                                                                                      ; 1                 ; 0       ;
;      - dg_tile_core:core|biases[2][7]                                                                                      ; 1                 ; 0       ;
;      - dg_tile_core:core|biases[3][7]                                                                                      ; 1                 ; 0       ;
;      - dg_tile_core:core|biases[6][7]                                                                                      ; 1                 ; 0       ;
;      - dg_tile_core:core|biases[7][7]                                                                                      ; 1                 ; 0       ;
;      - dg_tile_core:core|LessThan4~1                                                                                       ; 1                 ; 0       ;
;      - LessThan0~0                                                                                                         ; 1                 ; 0       ;
;      - dg_tile_core:core|biases[5][7]~feeder                                                                               ; 1                 ; 0       ;
;      - dg_tile_core:core|multipliers[0][7]~feeder                                                                          ; 1                 ; 0       ;
;      - dg_tile_core:core|biases[4][7]~feeder                                                                               ; 1                 ; 0       ;
;      - dg_tile_core:core|dg_tile_ram:banks[4].weight_bank|altsyncram:mem_rtl_0|altsyncram_rtr1:auto_generated|ram_block1a0 ; 1                 ; 0       ;
;      - dg_tile_core:core|dg_tile_ram:input_bank|altsyncram:mem_rtl_0|altsyncram_rtr1:auto_generated|ram_block1a0           ; 1                 ; 0       ;
;      - dg_tile_core:core|dg_tile_ram:banks[5].weight_bank|altsyncram:mem_rtl_0|altsyncram_rtr1:auto_generated|ram_block1a0 ; 1                 ; 0       ;
;      - dg_tile_core:core|dg_tile_ram:banks[6].weight_bank|altsyncram:mem_rtl_0|altsyncram_rtr1:auto_generated|ram_block1a0 ; 1                 ; 0       ;
;      - dg_tile_core:core|dg_tile_ram:banks[7].weight_bank|altsyncram:mem_rtl_0|altsyncram_rtr1:auto_generated|ram_block1a0 ; 1                 ; 0       ;
;      - dg_tile_core:core|dg_tile_ram:banks[2].weight_bank|altsyncram:mem_rtl_0|altsyncram_rtr1:auto_generated|ram_block1a0 ; 1                 ; 0       ;
;      - dg_tile_core:core|dg_tile_ram:banks[0].weight_bank|altsyncram:mem_rtl_0|altsyncram_rtr1:auto_generated|ram_block1a0 ; 1                 ; 0       ;
;      - dg_tile_core:core|dg_tile_ram:banks[3].weight_bank|altsyncram:mem_rtl_0|altsyncram_rtr1:auto_generated|ram_block1a0 ; 1                 ; 0       ;
;      - dg_tile_core:core|dg_tile_ram:banks[1].weight_bank|altsyncram:mem_rtl_0|altsyncram_rtr1:auto_generated|ram_block1a0 ; 1                 ; 0       ;
; writedata[3]                                                                                                               ;                   ;         ;
;      - index_reg[3]                                                                                                        ; 0                 ; 0       ;
;      - lane_reg[3]                                                                                                         ; 0                 ; 0       ;
;      - dg_tile_core:core|multipliers[1][3]                                                                                 ; 0                 ; 0       ;
;      - dg_tile_core:core|multipliers[2][3]                                                                                 ; 0                 ; 0       ;
;      - dg_tile_core:core|multipliers[4][3]                                                                                 ; 0                 ; 0       ;
;      - dg_tile_core:core|multipliers[5][3]                                                                                 ; 0                 ; 0       ;
;      - dg_tile_core:core|multipliers[6][3]                                                                                 ; 0                 ; 0       ;
;      - dg_tile_core:core|multipliers[7][3]                                                                                 ; 0                 ; 0       ;
;      - dg_tile_core:core|biases[0][3]                                                                                      ; 0                 ; 0       ;
;      - dg_tile_core:core|biases[3][3]                                                                                      ; 0                 ; 0       ;
;      - dg_tile_core:core|biases[4][3]                                                                                      ; 0                 ; 0       ;
;      - dg_tile_core:core|biases[5][3]                                                                                      ; 0                 ; 0       ;
;      - dg_tile_core:core|biases[6][3]                                                                                      ; 0                 ; 0       ;
;      - dg_tile_core:core|biases[7][3]                                                                                      ; 0                 ; 0       ;
;      - dg_tile_core:core|shifts[0][3]                                                                                      ; 0                 ; 0       ;
;      - dg_tile_core:core|shifts[3][3]                                                                                      ; 0                 ; 0       ;
;      - dg_tile_core:core|shifts[1][3]                                                                                      ; 0                 ; 0       ;
;      - dg_tile_core:core|shifts[4][3]                                                                                      ; 0                 ; 0       ;
;      - dg_tile_core:core|shifts[7][3]                                                                                      ; 0                 ; 0       ;
;      - dg_tile_core:core|shifts[2][3]                                                                                      ; 0                 ; 0       ;
;      - dg_tile_core:core|LessThan4~0                                                                                       ; 0                 ; 0       ;
;      - LessThan0~0                                                                                                         ; 0                 ; 0       ;
;      - dg_tile_core:core|shifts[5][3]~feeder                                                                               ; 0                 ; 0       ;
;      - length[3]~feeder                                                                                                    ; 0                 ; 0       ;
;      - dg_tile_core:core|multipliers[0][3]~feeder                                                                          ; 0                 ; 0       ;
;      - dg_tile_core:core|multipliers[3][3]~feeder                                                                          ; 0                 ; 0       ;
;      - dg_tile_core:core|biases[2][3]~feeder                                                                               ; 0                 ; 0       ;
;      - dg_tile_core:core|biases[1][3]~feeder                                                                               ; 0                 ; 0       ;
;      - dg_tile_core:core|shifts[6][3]~feeder                                                                               ; 0                 ; 0       ;
;      - dg_tile_core:core|dg_tile_ram:banks[4].weight_bank|altsyncram:mem_rtl_0|altsyncram_rtr1:auto_generated|ram_block1a0 ; 0                 ; 0       ;
;      - dg_tile_core:core|dg_tile_ram:input_bank|altsyncram:mem_rtl_0|altsyncram_rtr1:auto_generated|ram_block1a0           ; 0                 ; 0       ;
;      - dg_tile_core:core|dg_tile_ram:banks[5].weight_bank|altsyncram:mem_rtl_0|altsyncram_rtr1:auto_generated|ram_block1a0 ; 0                 ; 0       ;
;      - dg_tile_core:core|dg_tile_ram:banks[6].weight_bank|altsyncram:mem_rtl_0|altsyncram_rtr1:auto_generated|ram_block1a0 ; 0                 ; 0       ;
;      - dg_tile_core:core|dg_tile_ram:banks[7].weight_bank|altsyncram:mem_rtl_0|altsyncram_rtr1:auto_generated|ram_block1a0 ; 0                 ; 0       ;
;      - dg_tile_core:core|dg_tile_ram:banks[2].weight_bank|altsyncram:mem_rtl_0|altsyncram_rtr1:auto_generated|ram_block1a0 ; 0                 ; 0       ;
;      - dg_tile_core:core|dg_tile_ram:banks[0].weight_bank|altsyncram:mem_rtl_0|altsyncram_rtr1:auto_generated|ram_block1a0 ; 0                 ; 0       ;
;      - dg_tile_core:core|dg_tile_ram:banks[3].weight_bank|altsyncram:mem_rtl_0|altsyncram_rtr1:auto_generated|ram_block1a0 ; 0                 ; 0       ;
;      - dg_tile_core:core|dg_tile_ram:banks[1].weight_bank|altsyncram:mem_rtl_0|altsyncram_rtr1:auto_generated|ram_block1a0 ; 0                 ; 0       ;
+----------------------------------------------------------------------------------------------------------------------------+-------------------+---------+


+-------------------------------------------------------------------------------------------------------------------------------------------------------------------------------------------------------+
; Control Signals                                                                                                                                                                                       ;
+--------------------------------------------------------------+---------------------+---------+-------------------------+--------+----------------------+------------------+---------------------------+
; Name                                                         ; Location            ; Fan-Out ; Usage                   ; Global ; Global Resource Used ; Global Line Name ; Enable Signal Source Name ;
+--------------------------------------------------------------+---------------------+---------+-------------------------+--------+----------------------+------------------+---------------------------+
; clk                                                          ; PIN_Y24             ; 966     ; Clock                   ; yes    ; Global Clock         ; GCLK8            ; --                        ;
; cycles[13]~0                                                 ; MLABCELL_X28_Y6_N6  ; 32      ; Sync. clear             ; no     ; --                   ; --               ; --                        ;
; cycles[13]~1                                                 ; MLABCELL_X28_Y6_N54 ; 32      ; Clock enable            ; no     ; --                   ; --               ; --                        ;
; dg_tile_core:core|accept_start~3                             ; MLABCELL_X34_Y2_N36 ; 258     ; Sync. load              ; no     ; --                   ; --               ; --                        ;
; dg_tile_core:core|biases[0][18]~5                            ; MLABCELL_X34_Y3_N33 ; 32      ; Clock enable            ; no     ; --                   ; --               ; --                        ;
; dg_tile_core:core|biases[1][9]~7                             ; MLABCELL_X34_Y3_N12 ; 32      ; Clock enable            ; no     ; --                   ; --               ; --                        ;
; dg_tile_core:core|biases[2][11]~4                            ; MLABCELL_X34_Y3_N39 ; 32      ; Clock enable            ; no     ; --                   ; --               ; --                        ;
; dg_tile_core:core|biases[3][4]~6                             ; LABCELL_X35_Y4_N39  ; 32      ; Clock enable            ; no     ; --                   ; --               ; --                        ;
; dg_tile_core:core|biases[4][11]~0                            ; MLABCELL_X34_Y3_N21 ; 32      ; Clock enable            ; no     ; --                   ; --               ; --                        ;
; dg_tile_core:core|biases[5][0]~1                             ; LABCELL_X27_Y4_N33  ; 32      ; Clock enable            ; no     ; --                   ; --               ; --                        ;
; dg_tile_core:core|biases[6][8]~2                             ; LABCELL_X35_Y4_N45  ; 32      ; Clock enable            ; no     ; --                   ; --               ; --                        ;
; dg_tile_core:core|biases[7][2]~3                             ; LABCELL_X35_Y3_N33  ; 32      ; Clock enable            ; no     ; --                   ; --               ; --                        ;
; dg_tile_core:core|count[3]~0                                 ; LABCELL_X30_Y3_N30  ; 19      ; Clock enable            ; no     ; --                   ; --               ; --                        ;
; dg_tile_core:core|dg_mac_lane:banks[4].mac|acc[27]~0         ; MLABCELL_X34_Y2_N18 ; 256     ; Clock enable            ; no     ; --                   ; --               ; --                        ;
; dg_tile_core:core|dg_tile_ram:banks[0].weight_bank|always0~0 ; MLABCELL_X39_Y4_N21 ; 1       ; Write enable            ; no     ; --                   ; --               ; --                        ;
; dg_tile_core:core|dg_tile_ram:banks[1].weight_bank|always0~0 ; MLABCELL_X39_Y4_N15 ; 1       ; Write enable            ; no     ; --                   ; --               ; --                        ;
; dg_tile_core:core|dg_tile_ram:banks[2].weight_bank|always0~0 ; MLABCELL_X39_Y4_N12 ; 1       ; Write enable            ; no     ; --                   ; --               ; --                        ;
; dg_tile_core:core|dg_tile_ram:banks[3].weight_bank|always0~0 ; MLABCELL_X39_Y4_N45 ; 1       ; Write enable            ; no     ; --                   ; --               ; --                        ;
; dg_tile_core:core|dg_tile_ram:banks[4].weight_bank|always0~0 ; MLABCELL_X39_Y4_N39 ; 1       ; Write enable            ; no     ; --                   ; --               ; --                        ;
; dg_tile_core:core|dg_tile_ram:banks[5].weight_bank|always0~0 ; MLABCELL_X39_Y4_N54 ; 1       ; Write enable            ; no     ; --                   ; --               ; --                        ;
; dg_tile_core:core|dg_tile_ram:banks[6].weight_bank|always0~0 ; MLABCELL_X39_Y4_N6  ; 1       ; Write enable            ; no     ; --                   ; --               ; --                        ;
; dg_tile_core:core|dg_tile_ram:banks[7].weight_bank|always0~3 ; LABCELL_X24_Y5_N3   ; 9       ; Read enable             ; no     ; --                   ; --               ; --                        ;
; dg_tile_core:core|dg_tile_ram:banks[7].weight_bank|always0~4 ; MLABCELL_X39_Y4_N51 ; 1       ; Write enable            ; no     ; --                   ; --               ; --                        ;
; dg_tile_core:core|dg_tile_ram:input_bank|always0~5           ; LABCELL_X40_Y4_N24  ; 1       ; Write enable            ; no     ; --                   ; --               ; --                        ;
; dg_tile_core:core|k[7]~0                                     ; LABCELL_X27_Y6_N54  ; 16      ; Sync. clear             ; no     ; --                   ; --               ; --                        ;
; dg_tile_core:core|k[7]~1                                     ; LABCELL_X24_Y5_N15  ; 16      ; Clock enable            ; no     ; --                   ; --               ; --                        ;
; dg_tile_core:core|lane[5]~0                                  ; LABCELL_X36_Y6_N30  ; 16      ; Sync. clear             ; no     ; --                   ; --               ; --                        ;
; dg_tile_core:core|lane[5]~1                                  ; MLABCELL_X28_Y6_N36 ; 16      ; Clock enable            ; no     ; --                   ; --               ; --                        ;
; dg_tile_core:core|multipliers[0][14]~14                      ; MLABCELL_X34_Y3_N36 ; 31      ; Clock enable            ; no     ; --                   ; --               ; --                        ;
; dg_tile_core:core|multipliers[1][27]~16                      ; MLABCELL_X34_Y3_N9  ; 31      ; Clock enable            ; no     ; --                   ; --               ; --                        ;
; dg_tile_core:core|multipliers[2][17]~13                      ; MLABCELL_X34_Y3_N6  ; 31      ; Clock enable            ; no     ; --                   ; --               ; --                        ;
; dg_tile_core:core|multipliers[3][15]~15                      ; LABCELL_X35_Y4_N30  ; 31      ; Clock enable            ; no     ; --                   ; --               ; --                        ;
; dg_tile_core:core|multipliers[4][19]~9                       ; MLABCELL_X34_Y3_N51 ; 31      ; Clock enable            ; no     ; --                   ; --               ; --                        ;
; dg_tile_core:core|multipliers[5][8]~10                       ; MLABCELL_X34_Y5_N30 ; 31      ; Clock enable            ; no     ; --                   ; --               ; --                        ;
; dg_tile_core:core|multipliers[6][14]~11                      ; LABCELL_X35_Y4_N36  ; 31      ; Clock enable            ; no     ; --                   ; --               ; --                        ;
; dg_tile_core:core|multipliers[7][27]~12                      ; MLABCELL_X34_Y5_N3  ; 31      ; Clock enable            ; no     ; --                   ; --               ; --                        ;
; dg_tile_core:core|shifts[0][3]~7                             ; LABCELL_X35_Y3_N24  ; 6       ; Clock enable            ; no     ; --                   ; --               ; --                        ;
; dg_tile_core:core|shifts[1][1]~5                             ; MLABCELL_X34_Y3_N3  ; 6       ; Clock enable            ; no     ; --                   ; --               ; --                        ;
; dg_tile_core:core|shifts[2][1]~6                             ; LABCELL_X35_Y3_N54  ; 6       ; Clock enable            ; no     ; --                   ; --               ; --                        ;
; dg_tile_core:core|shifts[3][1]~4                             ; LABCELL_X36_Y3_N54  ; 6       ; Clock enable            ; no     ; --                   ; --               ; --                        ;
; dg_tile_core:core|shifts[4][1]~0                             ; MLABCELL_X34_Y3_N18 ; 6       ; Clock enable            ; no     ; --                   ; --               ; --                        ;
; dg_tile_core:core|shifts[5][4]~1                             ; LABCELL_X35_Y3_N45  ; 6       ; Clock enable            ; no     ; --                   ; --               ; --                        ;
; dg_tile_core:core|shifts[6][4]~2                             ; LABCELL_X35_Y3_N51  ; 6       ; Clock enable            ; no     ; --                   ; --               ; --                        ;
; dg_tile_core:core|shifts[7][0]~3                             ; LABCELL_X35_Y3_N0   ; 6       ; Clock enable            ; no     ; --                   ; --               ; --                        ;
; index_reg[8]~4                                               ; LABCELL_X36_Y4_N0   ; 16      ; Clock enable            ; no     ; --                   ; --               ; --                        ;
; lane_reg[3]~3                                                ; LABCELL_X36_Y4_N3   ; 16      ; Clock enable            ; no     ; --                   ; --               ; --                        ;
; length[13]~2                                                 ; LABCELL_X36_Y4_N9   ; 15      ; Clock enable            ; no     ; --                   ; --               ; --                        ;
; relu~0                                                       ; LABCELL_X40_Y4_N36  ; 2       ; Clock enable            ; no     ; --                   ; --               ; --                        ;
; rst_n                                                        ; PIN_T13             ; 928     ; Sync. clear, Sync. load ; no     ; --                   ; --               ; --                        ;
+--------------------------------------------------------------+---------------------+---------+-------------------------+--------+----------------------+------------------+---------------------------+


+-------------------------------------------------------------------------------------------------+
; Global & Other Fast Signals                                                                     ;
+------+----------+---------+----------------------+------------------+---------------------------+
; Name ; Location ; Fan-Out ; Global Resource Used ; Global Line Name ; Enable Signal Source Name ;
+------+----------+---------+----------------------+------------------+---------------------------+
; clk  ; PIN_Y24  ; 966     ; Global Clock         ; GCLK8            ; --                        ;
+------+----------+---------+----------------------+------------------+---------------------------+


+---------------------------------+
; Non-Global High Fan-Out Signals ;
+-------------+-------------------+
; Name        ; Fan-Out           ;
+-------------+-------------------+
; rst_n~input ; 928               ;
+-------------+-------------------+


+-------------------------------------------------------------------------------------------------------------------------------------------------------------------------------------------------------------------------------------------------------------------------------------------------------------------------------------------------------------------------------------------------------------------------------------------------------------------------------------------------------------------------------------------------------------------------------------------------------------------------------------------------------------------------+
; Fitter RAM Summary                                                                                                                                                                                                                                                                                                                                                                                                                                                                                                                                                                                                                                                      ;
+-------------------------------------------------------------------------------------------------------------------+------------+------------------+--------------+--------------+--------------+--------------+--------------+------------------------+-------------------------+------------------------+-------------------------+------+-----------------------------+-----------------------------+-----------------------------+-----------------------------+---------------------+-------------+-------+------+----------------+----------------------+-----------------+-----------------+----------+------------------------+----------------------------------+
; Name                                                                                                              ; Type       ; Mode             ; Clock Mode   ; Port A Depth ; Port A Width ; Port B Depth ; Port B Width ; Port A Input Registers ; Port A Output Registers ; Port B Input Registers ; Port B Output Registers ; Size ; Implementation Port A Depth ; Implementation Port A Width ; Implementation Port B Depth ; Implementation Port B Width ; Implementation Bits ; M10K blocks ; MLABs ; MIF  ; Location       ; Mixed Width RDW Mode ; Port A RDW Mode ; Port B RDW Mode ; ECC Mode ; ECC Pipeline Registers ; Fits in MLABs                    ;
+-------------------------------------------------------------------------------------------------------------------+------------+------------------+--------------+--------------+--------------+--------------+--------------+------------------------+-------------------------+------------------------+-------------------------+------+-----------------------------+-----------------------------+-----------------------------+-----------------------------+---------------------+-------------+-------+------+----------------+----------------------+-----------------+-----------------+----------+------------------------+----------------------------------+
; dg_tile_core:core|dg_tile_ram:banks[0].weight_bank|altsyncram:mem_rtl_0|altsyncram_rtr1:auto_generated|ALTSYNCRAM ; M10K block ; Simple Dual Port ; Single Clock ; 256          ; 8            ; 256          ; 8            ; yes                    ; no                      ; yes                    ; no                      ; 2048 ; 256                         ; 8                           ; 256                         ; 8                           ; 2048                ; 1           ; 0     ; None ; M10K_X38_Y6_N0 ; Old data             ; New data        ; New data        ; Off      ; No                     ; No - Block Type Set to Block RAM ;
; dg_tile_core:core|dg_tile_ram:banks[1].weight_bank|altsyncram:mem_rtl_0|altsyncram_rtr1:auto_generated|ALTSYNCRAM ; M10K block ; Simple Dual Port ; Single Clock ; 256          ; 8            ; 256          ; 8            ; yes                    ; no                      ; yes                    ; no                      ; 2048 ; 256                         ; 8                           ; 256                         ; 8                           ; 2048                ; 1           ; 0     ; None ; M10K_X38_Y8_N0 ; Old data             ; New data        ; New data        ; Off      ; No                     ; No - Block Type Set to Block RAM ;
; dg_tile_core:core|dg_tile_ram:banks[2].weight_bank|altsyncram:mem_rtl_0|altsyncram_rtr1:auto_generated|ALTSYNCRAM ; M10K block ; Simple Dual Port ; Single Clock ; 256          ; 8            ; 256          ; 8            ; yes                    ; no                      ; yes                    ; no                      ; 2048 ; 256                         ; 8                           ; 256                         ; 8                           ; 2048                ; 1           ; 0     ; None ; M10K_X38_Y2_N0 ; Old data             ; New data        ; New data        ; Off      ; No                     ; No - Block Type Set to Block RAM ;
; dg_tile_core:core|dg_tile_ram:banks[3].weight_bank|altsyncram:mem_rtl_0|altsyncram_rtr1:auto_generated|ALTSYNCRAM ; M10K block ; Simple Dual Port ; Single Clock ; 256          ; 8            ; 256          ; 8            ; yes                    ; no                      ; yes                    ; no                      ; 2048 ; 256                         ; 8                           ; 256                         ; 8                           ; 2048                ; 1           ; 0     ; None ; M10K_X14_Y8_N0 ; Old data             ; New data        ; New data        ; Off      ; No                     ; No - Block Type Set to Block RAM ;
; dg_tile_core:core|dg_tile_ram:banks[4].weight_bank|altsyncram:mem_rtl_0|altsyncram_rtr1:auto_generated|ALTSYNCRAM ; M10K block ; Simple Dual Port ; Single Clock ; 256          ; 8            ; 256          ; 8            ; yes                    ; no                      ; yes                    ; no                      ; 2048 ; 256                         ; 8                           ; 256                         ; 8                           ; 2048                ; 1           ; 0     ; None ; M10K_X14_Y6_N0 ; Old data             ; New data        ; New data        ; Off      ; No                     ; No - Block Type Set to Block RAM ;
; dg_tile_core:core|dg_tile_ram:banks[5].weight_bank|altsyncram:mem_rtl_0|altsyncram_rtr1:auto_generated|ALTSYNCRAM ; M10K block ; Simple Dual Port ; Single Clock ; 256          ; 8            ; 256          ; 8            ; yes                    ; no                      ; yes                    ; no                      ; 2048 ; 256                         ; 8                           ; 256                         ; 8                           ; 2048                ; 1           ; 0     ; None ; M10K_X14_Y4_N0 ; Old data             ; New data        ; New data        ; Off      ; No                     ; No - Block Type Set to Block RAM ;
; dg_tile_core:core|dg_tile_ram:banks[6].weight_bank|altsyncram:mem_rtl_0|altsyncram_rtr1:auto_generated|ALTSYNCRAM ; M10K block ; Simple Dual Port ; Single Clock ; 256          ; 8            ; 256          ; 8            ; yes                    ; no                      ; yes                    ; no                      ; 2048 ; 256                         ; 8                           ; 256                         ; 8                           ; 2048                ; 1           ; 0     ; None ; M10K_X38_Y4_N0 ; Old data             ; New data        ; New data        ; Off      ; No                     ; No - Block Type Set to Block RAM ;
; dg_tile_core:core|dg_tile_ram:banks[7].weight_bank|altsyncram:mem_rtl_0|altsyncram_rtr1:auto_generated|ALTSYNCRAM ; M10K block ; Simple Dual Port ; Single Clock ; 256          ; 8            ; 256          ; 8            ; yes                    ; no                      ; yes                    ; no                      ; 2048 ; 256                         ; 8                           ; 256                         ; 8                           ; 2048                ; 1           ; 0     ; None ; M10K_X14_Y2_N0 ; Old data             ; New data        ; New data        ; Off      ; No                     ; No - Block Type Set to Block RAM ;
; dg_tile_core:core|dg_tile_ram:input_bank|altsyncram:mem_rtl_0|altsyncram_rtr1:auto_generated|ALTSYNCRAM           ; M10K block ; Simple Dual Port ; Single Clock ; 256          ; 8            ; 256          ; 8            ; yes                    ; no                      ; yes                    ; no                      ; 2048 ; 256                         ; 8                           ; 256                         ; 8                           ; 2048                ; 1           ; 0     ; None ; M10K_X26_Y4_N0 ; Old data             ; New data        ; New data        ; Off      ; No                     ; No - Block Type Set to Block RAM ;
+-------------------------------------------------------------------------------------------------------------------+------------+------------------+--------------+--------------+--------------+--------------+--------------+------------------------+-------------------------+------------------------+-------------------------+------+-----------------------------+-----------------------------+-----------------------------+-----------------------------+---------------------+-------------+-------+------+----------------+----------------------+-----------------+-----------------+----------+------------------------+----------------------------------+
Note: Fitter may spread logical memories into multiple blocks to improve timing. The actual required RAM blocks can be found in the Fitter Resource Usage section.


+-------------------------------------------------+
; Fitter DSP Block Usage Summary                  ;
+-----------------------------------+-------------+
; Statistic                         ; Number Used ;
+-----------------------------------+-------------+
; Two Independent 18x18             ; 2           ;
; Independent 18x18 plus 36         ; 8           ;
; Sum of two 18x18                  ; 1           ;
; Total number of DSP blocks        ; 11          ;
;                                   ;             ;
; Fixed Point Signed Multiplier     ; 9           ;
; Fixed Point Unsigned Multiplier   ; 1           ;
; Fixed Point Mixed Sign Multiplier ; 2           ;
+-----------------------------------+-------------+


+------------------------------------------------------------------------------------------------------------------------------------------------------------------------------------------------------------------------------------------------------------------------------------------------------------------------------------------------------------------------------------------------------------------------------------------------------+
; DSP Block Details                                                                                                                                                                                                                                                                                                                                                                                                                                    ;
+------------------------------------------------------+---------------------------+----------------+---------------------+------------------------+------------------------+------------------------+------------------------+------------------------+------------------------+-----------------+--------------------------------+---------------------+-------------------------------+------------------------------+------------------------------+
; Name                                                 ; Mode                      ; Location       ; Sign Representation ; Data AX Input Register ; Data AY Input Register ; Data AZ Input Register ; Data BX Input Register ; Data BY Input Register ; Data BZ Input Register ; Output Register ; Dedicated Shift Register Chain ; Dedicated Pre-Adder ; Dedicated Coefficient Storage ; Dedicated Output Adder Chain ; Dedicated Output Accumulator ;
+------------------------------------------------------+---------------------------+----------------+---------------------+------------------------+------------------------+------------------------+------------------------+------------------------+------------------------+-----------------+--------------------------------+---------------------+-------------------------------+------------------------------+------------------------------+
; dg_tile_core:core|dg_mac_lane:banks[4].mac|Mult0~mac ; Independent 18x18 plus 36 ; DSP_X20_Y6_N0  ; Mixed               ; no                     ; no                     ; --                     ; no                     ; no                     ; --                     ; no              ; no                             ; no                  ; no                            ; no                           ; no                           ;
; dg_tile_core:core|dg_mac_lane:banks[5].mac|Mult0~mac ; Independent 18x18 plus 36 ; DSP_X20_Y4_N0  ; Mixed               ; no                     ; no                     ; --                     ; no                     ; no                     ; --                     ; no              ; no                             ; no                  ; no                            ; no                           ; no                           ;
; dg_tile_core:core|dg_mac_lane:banks[6].mac|Mult0~mac ; Independent 18x18 plus 36 ; DSP_X32_Y4_N0  ; Mixed               ; no                     ; no                     ; --                     ; no                     ; no                     ; --                     ; no              ; no                             ; no                  ; no                            ; no                           ; no                           ;
; dg_tile_core:core|dg_mac_lane:banks[7].mac|Mult0~mac ; Independent 18x18 plus 36 ; DSP_X20_Y2_N0  ; Mixed               ; no                     ; no                     ; --                     ; no                     ; no                     ; --                     ; no              ; no                             ; no                  ; no                            ; no                           ; no                           ;
; dg_tile_core:core|dg_mac_lane:banks[2].mac|Mult0~mac ; Independent 18x18 plus 36 ; DSP_X32_Y2_N0  ; Mixed               ; no                     ; no                     ; --                     ; no                     ; no                     ; --                     ; no              ; no                             ; no                  ; no                            ; no                           ; no                           ;
; dg_tile_core:core|dg_mac_lane:banks[0].mac|Mult0~mac ; Independent 18x18 plus 36 ; DSP_X32_Y6_N0  ; Mixed               ; no                     ; no                     ; --                     ; no                     ; no                     ; --                     ; no              ; no                             ; no                  ; no                            ; no                           ; no                           ;
; dg_tile_core:core|dg_mac_lane:banks[3].mac|Mult0~mac ; Independent 18x18 plus 36 ; DSP_X20_Y8_N0  ; Mixed               ; no                     ; no                     ; --                     ; no                     ; no                     ; --                     ; no              ; no                             ; no                  ; no                            ; no                           ; no                           ;
; dg_tile_core:core|dg_mac_lane:banks[1].mac|Mult0~mac ; Independent 18x18 plus 36 ; DSP_X32_Y8_N0  ; Mixed               ; no                     ; no                     ; --                     ; no                     ; no                     ; --                     ; no              ; no                             ; no                  ; no                            ; no                           ; no                           ;
; dg_tile_core:core|dg_requant:quant|Mult0~mult_llmac  ; Two Independent 18x18     ; DSP_X20_Y12_N0 ; Unsigned            ; no                     ; no                     ; --                     ; --                     ; --                     ; --                     ; no              ; no                             ; no                  ; no                            ; no                           ; no                           ;
; dg_tile_core:core|dg_requant:quant|Mult0~515         ; Sum of two 18x18          ; DSP_X20_Y10_N0 ; Mixed               ; no                     ; no                     ; --                     ; no                     ; no                     ; --                     ; no              ; no                             ; no                  ; no                            ; no                           ; no                           ;
; dg_tile_core:core|dg_requant:quant|Mult0~856         ; Two Independent 18x18     ; DSP_X32_Y10_N0 ; Mixed               ; no                     ; no                     ; --                     ; --                     ; --                     ; --                     ; no              ; no                             ; no                  ; no                            ; no                           ; no                           ;
+------------------------------------------------------+---------------------------+----------------+---------------------+------------------------+------------------------+------------------------+------------------------+------------------------+------------------------+-----------------+--------------------------------+---------------------+-------------------------------+------------------------------+------------------------------+


+-----------------------------------------------------------------------+
; Routing Usage Summary                                                 ;
+---------------------------------------------+-------------------------+
; Routing Resource Type                       ; Usage                   ;
+---------------------------------------------+-------------------------+
; Block interconnects                         ; 4,072 / 289,320 ( 1 % ) ;
; C12 interconnects                           ; 38 / 13,420 ( < 1 % )   ;
; C2 interconnects                            ; 1,376 / 119,108 ( 1 % ) ;
; C4 interconnects                            ; 741 / 56,300 ( 1 % )    ;
; DQS bus muxes                               ; 0 / 25 ( 0 % )          ;
; DQS-18 I/O buses                            ; 0 / 25 ( 0 % )          ;
; DQS-9 I/O buses                             ; 0 / 25 ( 0 % )          ;
; Direct links                                ; 263 / 289,320 ( < 1 % ) ;
; Global clocks                               ; 1 / 16 ( 6 % )          ;
; HPS SDRAM PLL inputs                        ; 0 / 1 ( 0 % )           ;
; HPS SDRAM PLL outputs                       ; 0 / 1 ( 0 % )           ;
; HPS_INTERFACE_BOOT_FROM_FPGA_INPUTs         ; 0 / 9 ( 0 % )           ;
; HPS_INTERFACE_CLOCKS_RESETS_INPUTs          ; 0 / 7 ( 0 % )           ;
; HPS_INTERFACE_CLOCKS_RESETS_OUTPUTs         ; 0 / 6 ( 0 % )           ;
; HPS_INTERFACE_CROSS_TRIGGER_INPUTs          ; 0 / 18 ( 0 % )          ;
; HPS_INTERFACE_CROSS_TRIGGER_OUTPUTs         ; 0 / 24 ( 0 % )          ;
; HPS_INTERFACE_DBG_APB_INPUTs                ; 0 / 37 ( 0 % )          ;
; HPS_INTERFACE_DBG_APB_OUTPUTs               ; 0 / 55 ( 0 % )          ;
; HPS_INTERFACE_DMA_INPUTs                    ; 0 / 16 ( 0 % )          ;
; HPS_INTERFACE_DMA_OUTPUTs                   ; 0 / 8 ( 0 % )           ;
; HPS_INTERFACE_FPGA2HPS_INPUTs               ; 0 / 287 ( 0 % )         ;
; HPS_INTERFACE_FPGA2HPS_OUTPUTs              ; 0 / 154 ( 0 % )         ;
; HPS_INTERFACE_FPGA2SDRAM_INPUTs             ; 0 / 852 ( 0 % )         ;
; HPS_INTERFACE_FPGA2SDRAM_OUTPUTs            ; 0 / 408 ( 0 % )         ;
; HPS_INTERFACE_HPS2FPGA_INPUTs               ; 0 / 165 ( 0 % )         ;
; HPS_INTERFACE_HPS2FPGA_LIGHT_WEIGHT_INPUTs  ; 0 / 67 ( 0 % )          ;
; HPS_INTERFACE_HPS2FPGA_LIGHT_WEIGHT_OUTPUTs ; 0 / 156 ( 0 % )         ;
; HPS_INTERFACE_HPS2FPGA_OUTPUTs              ; 0 / 282 ( 0 % )         ;
; HPS_INTERFACE_INTERRUPTS_INPUTs             ; 0 / 64 ( 0 % )          ;
; HPS_INTERFACE_INTERRUPTS_OUTPUTs            ; 0 / 42 ( 0 % )          ;
; HPS_INTERFACE_JTAG_OUTPUTs                  ; 0 / 5 ( 0 % )           ;
; HPS_INTERFACE_LOAN_IO_INPUTs                ; 0 / 142 ( 0 % )         ;
; HPS_INTERFACE_LOAN_IO_OUTPUTs               ; 0 / 85 ( 0 % )          ;
; HPS_INTERFACE_MPU_EVENT_STANDBY_INPUTs      ; 0 / 1 ( 0 % )           ;
; HPS_INTERFACE_MPU_EVENT_STANDBY_OUTPUTs     ; 0 / 5 ( 0 % )           ;
; HPS_INTERFACE_MPU_GENERAL_PURPOSE_INPUTs    ; 0 / 32 ( 0 % )          ;
; HPS_INTERFACE_MPU_GENERAL_PURPOSE_OUTPUTs   ; 0 / 32 ( 0 % )          ;
; HPS_INTERFACE_PERIPHERAL_CAN_INPUTs         ; 0 / 2 ( 0 % )           ;
; HPS_INTERFACE_PERIPHERAL_CAN_OUTPUTs        ; 0 / 2 ( 0 % )           ;
; HPS_INTERFACE_PERIPHERAL_EMAC_INPUTs        ; 0 / 32 ( 0 % )          ;
; HPS_INTERFACE_PERIPHERAL_EMAC_OUTPUTs       ; 0 / 34 ( 0 % )          ;
; HPS_INTERFACE_PERIPHERAL_I2C_INPUTs         ; 0 / 8 ( 0 % )           ;
; HPS_INTERFACE_PERIPHERAL_I2C_OUTPUTs        ; 0 / 8 ( 0 % )           ;
; HPS_INTERFACE_PERIPHERAL_NAND_INPUTs        ; 0 / 12 ( 0 % )          ;
; HPS_INTERFACE_PERIPHERAL_NAND_OUTPUTs       ; 0 / 18 ( 0 % )          ;
; HPS_INTERFACE_PERIPHERAL_QSPI_INPUTs        ; 0 / 4 ( 0 % )           ;
; HPS_INTERFACE_PERIPHERAL_QSPI_OUTPUTs       ; 0 / 13 ( 0 % )          ;
; HPS_INTERFACE_PERIPHERAL_SDMMC_INPUTs       ; 0 / 13 ( 0 % )          ;
; HPS_INTERFACE_PERIPHERAL_SDMMC_OUTPUTs      ; 0 / 22 ( 0 % )          ;
; HPS_INTERFACE_PERIPHERAL_SPI_MASTER_INPUTs  ; 0 / 4 ( 0 % )           ;
; HPS_INTERFACE_PERIPHERAL_SPI_MASTER_OUTPUTs ; 0 / 14 ( 0 % )          ;
; HPS_INTERFACE_PERIPHERAL_SPI_SLAVE_INPUTs   ; 0 / 6 ( 0 % )           ;
; HPS_INTERFACE_PERIPHERAL_SPI_SLAVE_OUTPUTs  ; 0 / 4 ( 0 % )           ;
; HPS_INTERFACE_PERIPHERAL_UART_INPUTs        ; 0 / 10 ( 0 % )          ;
; HPS_INTERFACE_PERIPHERAL_UART_OUTPUTs       ; 0 / 10 ( 0 % )          ;
; HPS_INTERFACE_PERIPHERAL_USB_INPUTs         ; 0 / 22 ( 0 % )          ;
; HPS_INTERFACE_PERIPHERAL_USB_OUTPUTs        ; 0 / 34 ( 0 % )          ;
; HPS_INTERFACE_STM_EVENT_INPUTs              ; 0 / 28 ( 0 % )          ;
; HPS_INTERFACE_TEST_INPUTs                   ; 0 / 610 ( 0 % )         ;
; HPS_INTERFACE_TEST_OUTPUTs                  ; 0 / 513 ( 0 % )         ;
; HPS_INTERFACE_TPIU_TRACE_INPUTs             ; 0 / 2 ( 0 % )           ;
; HPS_INTERFACE_TPIU_TRACE_OUTPUTs            ; 0 / 33 ( 0 % )          ;
; Horizontal periphery clocks                 ; 0 / 72 ( 0 % )          ;
; Local interconnects                         ; 438 / 84,580 ( < 1 % )  ;
; Quadrant clocks                             ; 0 / 66 ( 0 % )          ;
; R14 interconnects                           ; 93 / 12,676 ( < 1 % )   ;
; R14/C12 interconnect drivers                ; 96 / 20,720 ( < 1 % )   ;
; R3 interconnects                            ; 1,749 / 130,992 ( 1 % ) ;
; R6 interconnects                            ; 3,045 / 266,960 ( 1 % ) ;
; Spine clocks                                ; 2 / 360 ( < 1 % )       ;
; Wire stub REs                               ; 0 / 15,858 ( 0 % )      ;
+---------------------------------------------+-------------------------+


+------------------------------------------+
; I/O Rules Summary                        ;
+----------------------------------+-------+
; I/O Rules Statistic              ; Total ;
+----------------------------------+-------+
; Total I/O Rules                  ; 28    ;
; Number of I/O Rules Passed       ; 6     ;
; Number of I/O Rules Failed       ; 0     ;
; Number of I/O Rules Unchecked    ; 0     ;
; Number of I/O Rules Inapplicable ; 22    ;
+----------------------------------+-------+


+-----------------------------------------------------------------------------------------------------------------------------------------------------------------------------------------------------------------------------------------------------------------------------------+
; I/O Rules Details                                                                                                                                                                                                                                                                 ;
+--------------+-----------+-----------------------------------+------------------------------------------------------------------------------------+----------+--------------------------------------------------------------------------+---------------------+-------------------+
; Status       ; ID        ; Category                          ; Rule Description                                                                   ; Severity ; Information                                                              ; Area                ; Extra Information ;
+--------------+-----------+-----------------------------------+------------------------------------------------------------------------------------+----------+--------------------------------------------------------------------------+---------------------+-------------------+
; Inapplicable ; IO_000001 ; Capacity Checks                   ; Number of pins in an I/O bank should not exceed the number of locations available. ; Critical ; No Location assignments found.                                           ; I/O                 ;                   ;
; Inapplicable ; IO_000002 ; Capacity Checks                   ; Number of clocks in an I/O bank should not exceed the number of clocks available.  ; Critical ; No Global Signal assignments found.                                      ; I/O                 ;                   ;
; Inapplicable ; IO_000003 ; Capacity Checks                   ; Number of pins in a Vrefgroup should not exceed the number of locations available. ; Critical ; No Location assignments found.                                           ; I/O                 ;                   ;
; Inapplicable ; IO_000004 ; Voltage Compatibility Checks      ; The I/O bank should support the requested VCCIO.                                   ; Critical ; No IOBANK_VCCIO assignments found.                                       ; I/O                 ;                   ;
; Inapplicable ; IO_000005 ; Voltage Compatibility Checks      ; The I/O bank should not have competing VREF values.                                ; Critical ; No VREF I/O Standard assignments found.                                  ; I/O                 ;                   ;
; Pass         ; IO_000006 ; Voltage Compatibility Checks      ; The I/O bank should not have competing VCCIO values.                               ; Critical ; 0 such failures found.                                                   ; I/O                 ;                   ;
; Inapplicable ; IO_000007 ; Valid Location Checks             ; Checks for unavailable locations.                                                  ; Critical ; No Location assignments found.                                           ; I/O                 ;                   ;
; Inapplicable ; IO_000008 ; Valid Location Checks             ; Checks for reserved locations.                                                     ; Critical ; No reserved LogicLock region found.                                      ; I/O                 ;                   ;
; Pass         ; IO_000009 ; I/O Properties Checks for One I/O ; The location should support the requested I/O standard.                            ; Critical ; 0 such failures found.                                                   ; I/O                 ;                   ;
; Pass         ; IO_000010 ; I/O Properties Checks for One I/O ; The location should support the requested I/O direction.                           ; Critical ; 0 such failures found.                                                   ; I/O                 ;                   ;
; Inapplicable ; IO_000011 ; I/O Properties Checks for One I/O ; The location should support the requested Current Strength.                        ; Critical ; No Current Strength assignments found.                                   ; I/O                 ;                   ;
; Pass         ; IO_000012 ; I/O Properties Checks for One I/O ; The location should support the requested On Chip Termination value.               ; Critical ; 0 such failures found.                                                   ; I/O                 ;                   ;
; Inapplicable ; IO_000013 ; I/O Properties Checks for One I/O ; The location should support the requested Bus Hold value.                          ; Critical ; No Enable Bus-Hold Circuitry assignments found.                          ; I/O                 ;                   ;
; Inapplicable ; IO_000014 ; I/O Properties Checks for One I/O ; The location should support the requested Weak Pull Up value.                      ; Critical ; No Weak Pull-Up Resistor assignments found.                              ; I/O                 ;                   ;
; Inapplicable ; IO_000015 ; I/O Properties Checks for One I/O ; The location should support the requested PCI Clamp Diode.                         ; Critical ; No Clamping Diode assignments found.                                     ; I/O                 ;                   ;
; Inapplicable ; IO_000018 ; I/O Properties Checks for One I/O ; The I/O standard should support the requested Current Strength.                    ; Critical ; No Current Strength assignments found.                                   ; I/O                 ;                   ;
; Pass         ; IO_000019 ; I/O Properties Checks for One I/O ; The I/O standard should support the requested On Chip Termination value.           ; Critical ; 0 such failures found.                                                   ; I/O                 ;                   ;
; Inapplicable ; IO_000020 ; I/O Properties Checks for One I/O ; The I/O standard should support the requested PCI Clamp Diode.                     ; Critical ; No Clamping Diode assignments found.                                     ; I/O                 ;                   ;
; Inapplicable ; IO_000021 ; I/O Properties Checks for One I/O ; The I/O standard should support the requested Weak Pull Up value.                  ; Critical ; No Weak Pull-Up Resistor assignments found.                              ; I/O                 ;                   ;
; Inapplicable ; IO_000022 ; I/O Properties Checks for One I/O ; The I/O standard should support the requested Bus Hold value.                      ; Critical ; No Enable Bus-Hold Circuitry assignments found.                          ; I/O                 ;                   ;
; Inapplicable ; IO_000023 ; I/O Properties Checks for One I/O ; The I/O standard should support the Open Drain value.                              ; Critical ; No open drain assignments found.                                         ; I/O                 ;                   ;
; Pass         ; IO_000024 ; I/O Properties Checks for One I/O ; The I/O direction should support the On Chip Termination value.                    ; Critical ; 0 such failures found.                                                   ; I/O                 ;                   ;
; Inapplicable ; IO_000026 ; I/O Properties Checks for One I/O ; On Chip Termination and Current Strength should not be used at the same time.      ; Critical ; No Current Strength assignments found.                                   ; I/O                 ;                   ;
; Inapplicable ; IO_000027 ; I/O Properties Checks for One I/O ; Weak Pull Up and Bus Hold should not be used at the same time.                     ; Critical ; No Enable Bus-Hold Circuitry or Weak Pull-Up Resistor assignments found. ; I/O                 ;                   ;
; Inapplicable ; IO_000045 ; I/O Properties Checks for One I/O ; The I/O standard should support the requested Slew Rate value.                     ; Critical ; No Slew Rate assignments found.                                          ; I/O                 ;                   ;
; Inapplicable ; IO_000046 ; I/O Properties Checks for One I/O ; The location should support the requested Slew Rate value.                         ; Critical ; No Slew Rate assignments found.                                          ; I/O                 ;                   ;
; Inapplicable ; IO_000047 ; I/O Properties Checks for One I/O ; On Chip Termination and Slew Rate should not be used at the same time.             ; Critical ; No Slew Rate assignments found.                                          ; I/O                 ;                   ;
; Inapplicable ; IO_000034 ; SI Related Distance Checks        ; Single-ended outputs should be 0 LAB row(s) away from a differential I/O.          ; High     ; No Differential I/O Standard assignments found.                          ; I/O                 ;                   ;
; ----         ; ----      ; Disclaimer                        ; OCT rules are checked but not reported.                                            ; None     ; ----                                                                     ; On Chip Termination ;                   ;
+--------------+-----------+-----------------------------------+------------------------------------------------------------------------------------+----------+--------------------------------------------------------------------------+---------------------+-------------------+


+-----------------------------------------------------------------------------------------------------------------------------------------------------------------------------------------------------------------------------------------------------------------------------------------------------------------------------------------------------------------------------------------------------------------------------------------------+
; I/O Rules Matrix                                                                                                                                                                                                                                                                                                                                                                                                                              ;
+--------------------+--------------+--------------+--------------+--------------+--------------+-----------+--------------+--------------+-----------+-----------+--------------+--------------+--------------+--------------+--------------+--------------+--------------+--------------+--------------+--------------+--------------+--------------+--------------+--------------+--------------+--------------+--------------+--------------+
; Pin/Rules          ; IO_000001    ; IO_000002    ; IO_000003    ; IO_000004    ; IO_000005    ; IO_000006 ; IO_000007    ; IO_000008    ; IO_000009 ; IO_000010 ; IO_000011    ; IO_000012    ; IO_000013    ; IO_000014    ; IO_000015    ; IO_000018    ; IO_000019    ; IO_000020    ; IO_000021    ; IO_000022    ; IO_000023    ; IO_000024    ; IO_000026    ; IO_000027    ; IO_000045    ; IO_000046    ; IO_000047    ; IO_000034    ;
+--------------------+--------------+--------------+--------------+--------------+--------------+-----------+--------------+--------------+-----------+-----------+--------------+--------------+--------------+--------------+--------------+--------------+--------------+--------------+--------------+--------------+--------------+--------------+--------------+--------------+--------------+--------------+--------------+--------------+
; Total Pass         ; 0            ; 0            ; 0            ; 0            ; 0            ; 82        ; 0            ; 0            ; 82        ; 82        ; 0            ; 34           ; 0            ; 0            ; 0            ; 0            ; 34           ; 0            ; 0            ; 0            ; 0            ; 34           ; 0            ; 0            ; 0            ; 0            ; 0            ; 0            ;
; Total Unchecked    ; 0            ; 0            ; 0            ; 0            ; 0            ; 0         ; 0            ; 0            ; 0         ; 0         ; 0            ; 0            ; 0            ; 0            ; 0            ; 0            ; 0            ; 0            ; 0            ; 0            ; 0            ; 0            ; 0            ; 0            ; 0            ; 0            ; 0            ; 0            ;
; Total Inapplicable ; 82           ; 82           ; 82           ; 82           ; 82           ; 0         ; 82           ; 82           ; 0         ; 0         ; 82           ; 48           ; 82           ; 82           ; 82           ; 82           ; 48           ; 82           ; 82           ; 82           ; 82           ; 48           ; 82           ; 82           ; 82           ; 82           ; 82           ; 82           ;
; Total Fail         ; 0            ; 0            ; 0            ; 0            ; 0            ; 0         ; 0            ; 0            ; 0         ; 0         ; 0            ; 0            ; 0            ; 0            ; 0            ; 0            ; 0            ; 0            ; 0            ; 0            ; 0            ; 0            ; 0            ; 0            ; 0            ; 0            ; 0            ; 0            ;
; readdata[0]        ; Inapplicable ; Inapplicable ; Inapplicable ; Inapplicable ; Inapplicable ; Pass      ; Inapplicable ; Inapplicable ; Pass      ; Pass      ; Inapplicable ; Pass         ; Inapplicable ; Inapplicable ; Inapplicable ; Inapplicable ; Pass         ; Inapplicable ; Inapplicable ; Inapplicable ; Inapplicable ; Pass         ; Inapplicable ; Inapplicable ; Inapplicable ; Inapplicable ; Inapplicable ; Inapplicable ;
; readdata[1]        ; Inapplicable ; Inapplicable ; Inapplicable ; Inapplicable ; Inapplicable ; Pass      ; Inapplicable ; Inapplicable ; Pass      ; Pass      ; Inapplicable ; Pass         ; Inapplicable ; Inapplicable ; Inapplicable ; Inapplicable ; Pass         ; Inapplicable ; Inapplicable ; Inapplicable ; Inapplicable ; Pass         ; Inapplicable ; Inapplicable ; Inapplicable ; Inapplicable ; Inapplicable ; Inapplicable ;
; readdata[2]        ; Inapplicable ; Inapplicable ; Inapplicable ; Inapplicable ; Inapplicable ; Pass      ; Inapplicable ; Inapplicable ; Pass      ; Pass      ; Inapplicable ; Pass         ; Inapplicable ; Inapplicable ; Inapplicable ; Inapplicable ; Pass         ; Inapplicable ; Inapplicable ; Inapplicable ; Inapplicable ; Pass         ; Inapplicable ; Inapplicable ; Inapplicable ; Inapplicable ; Inapplicable ; Inapplicable ;
; readdata[3]        ; Inapplicable ; Inapplicable ; Inapplicable ; Inapplicable ; Inapplicable ; Pass      ; Inapplicable ; Inapplicable ; Pass      ; Pass      ; Inapplicable ; Pass         ; Inapplicable ; Inapplicable ; Inapplicable ; Inapplicable ; Pass         ; Inapplicable ; Inapplicable ; Inapplicable ; Inapplicable ; Pass         ; Inapplicable ; Inapplicable ; Inapplicable ; Inapplicable ; Inapplicable ; Inapplicable ;
; readdata[4]        ; Inapplicable ; Inapplicable ; Inapplicable ; Inapplicable ; Inapplicable ; Pass      ; Inapplicable ; Inapplicable ; Pass      ; Pass      ; Inapplicable ; Pass         ; Inapplicable ; Inapplicable ; Inapplicable ; Inapplicable ; Pass         ; Inapplicable ; Inapplicable ; Inapplicable ; Inapplicable ; Pass         ; Inapplicable ; Inapplicable ; Inapplicable ; Inapplicable ; Inapplicable ; Inapplicable ;
; readdata[5]        ; Inapplicable ; Inapplicable ; Inapplicable ; Inapplicable ; Inapplicable ; Pass      ; Inapplicable ; Inapplicable ; Pass      ; Pass      ; Inapplicable ; Pass         ; Inapplicable ; Inapplicable ; Inapplicable ; Inapplicable ; Pass         ; Inapplicable ; Inapplicable ; Inapplicable ; Inapplicable ; Pass         ; Inapplicable ; Inapplicable ; Inapplicable ; Inapplicable ; Inapplicable ; Inapplicable ;
; readdata[6]        ; Inapplicable ; Inapplicable ; Inapplicable ; Inapplicable ; Inapplicable ; Pass      ; Inapplicable ; Inapplicable ; Pass      ; Pass      ; Inapplicable ; Pass         ; Inapplicable ; Inapplicable ; Inapplicable ; Inapplicable ; Pass         ; Inapplicable ; Inapplicable ; Inapplicable ; Inapplicable ; Pass         ; Inapplicable ; Inapplicable ; Inapplicable ; Inapplicable ; Inapplicable ; Inapplicable ;
; readdata[7]        ; Inapplicable ; Inapplicable ; Inapplicable ; Inapplicable ; Inapplicable ; Pass      ; Inapplicable ; Inapplicable ; Pass      ; Pass      ; Inapplicable ; Pass         ; Inapplicable ; Inapplicable ; Inapplicable ; Inapplicable ; Pass         ; Inapplicable ; Inapplicable ; Inapplicable ; Inapplicable ; Pass         ; Inapplicable ; Inapplicable ; Inapplicable ; Inapplicable ; Inapplicable ; Inapplicable ;
; readdata[8]        ; Inapplicable ; Inapplicable ; Inapplicable ; Inapplicable ; Inapplicable ; Pass      ; Inapplicable ; Inapplicable ; Pass      ; Pass      ; Inapplicable ; Pass         ; Inapplicable ; Inapplicable ; Inapplicable ; Inapplicable ; Pass         ; Inapplicable ; Inapplicable ; Inapplicable ; Inapplicable ; Pass         ; Inapplicable ; Inapplicable ; Inapplicable ; Inapplicable ; Inapplicable ; Inapplicable ;
; readdata[9]        ; Inapplicable ; Inapplicable ; Inapplicable ; Inapplicable ; Inapplicable ; Pass      ; Inapplicable ; Inapplicable ; Pass      ; Pass      ; Inapplicable ; Pass         ; Inapplicable ; Inapplicable ; Inapplicable ; Inapplicable ; Pass         ; Inapplicable ; Inapplicable ; Inapplicable ; Inapplicable ; Pass         ; Inapplicable ; Inapplicable ; Inapplicable ; Inapplicable ; Inapplicable ; Inapplicable ;
; readdata[10]       ; Inapplicable ; Inapplicable ; Inapplicable ; Inapplicable ; Inapplicable ; Pass      ; Inapplicable ; Inapplicable ; Pass      ; Pass      ; Inapplicable ; Pass         ; Inapplicable ; Inapplicable ; Inapplicable ; Inapplicable ; Pass         ; Inapplicable ; Inapplicable ; Inapplicable ; Inapplicable ; Pass         ; Inapplicable ; Inapplicable ; Inapplicable ; Inapplicable ; Inapplicable ; Inapplicable ;
; readdata[11]       ; Inapplicable ; Inapplicable ; Inapplicable ; Inapplicable ; Inapplicable ; Pass      ; Inapplicable ; Inapplicable ; Pass      ; Pass      ; Inapplicable ; Pass         ; Inapplicable ; Inapplicable ; Inapplicable ; Inapplicable ; Pass         ; Inapplicable ; Inapplicable ; Inapplicable ; Inapplicable ; Pass         ; Inapplicable ; Inapplicable ; Inapplicable ; Inapplicable ; Inapplicable ; Inapplicable ;
; readdata[12]       ; Inapplicable ; Inapplicable ; Inapplicable ; Inapplicable ; Inapplicable ; Pass      ; Inapplicable ; Inapplicable ; Pass      ; Pass      ; Inapplicable ; Pass         ; Inapplicable ; Inapplicable ; Inapplicable ; Inapplicable ; Pass         ; Inapplicable ; Inapplicable ; Inapplicable ; Inapplicable ; Pass         ; Inapplicable ; Inapplicable ; Inapplicable ; Inapplicable ; Inapplicable ; Inapplicable ;
; readdata[13]       ; Inapplicable ; Inapplicable ; Inapplicable ; Inapplicable ; Inapplicable ; Pass      ; Inapplicable ; Inapplicable ; Pass      ; Pass      ; Inapplicable ; Pass         ; Inapplicable ; Inapplicable ; Inapplicable ; Inapplicable ; Pass         ; Inapplicable ; Inapplicable ; Inapplicable ; Inapplicable ; Pass         ; Inapplicable ; Inapplicable ; Inapplicable ; Inapplicable ; Inapplicable ; Inapplicable ;
; readdata[14]       ; Inapplicable ; Inapplicable ; Inapplicable ; Inapplicable ; Inapplicable ; Pass      ; Inapplicable ; Inapplicable ; Pass      ; Pass      ; Inapplicable ; Pass         ; Inapplicable ; Inapplicable ; Inapplicable ; Inapplicable ; Pass         ; Inapplicable ; Inapplicable ; Inapplicable ; Inapplicable ; Pass         ; Inapplicable ; Inapplicable ; Inapplicable ; Inapplicable ; Inapplicable ; Inapplicable ;
; readdata[15]       ; Inapplicable ; Inapplicable ; Inapplicable ; Inapplicable ; Inapplicable ; Pass      ; Inapplicable ; Inapplicable ; Pass      ; Pass      ; Inapplicable ; Pass         ; Inapplicable ; Inapplicable ; Inapplicable ; Inapplicable ; Pass         ; Inapplicable ; Inapplicable ; Inapplicable ; Inapplicable ; Pass         ; Inapplicable ; Inapplicable ; Inapplicable ; Inapplicable ; Inapplicable ; Inapplicable ;
; readdata[16]       ; Inapplicable ; Inapplicable ; Inapplicable ; Inapplicable ; Inapplicable ; Pass      ; Inapplicable ; Inapplicable ; Pass      ; Pass      ; Inapplicable ; Pass         ; Inapplicable ; Inapplicable ; Inapplicable ; Inapplicable ; Pass         ; Inapplicable ; Inapplicable ; Inapplicable ; Inapplicable ; Pass         ; Inapplicable ; Inapplicable ; Inapplicable ; Inapplicable ; Inapplicable ; Inapplicable ;
; readdata[17]       ; Inapplicable ; Inapplicable ; Inapplicable ; Inapplicable ; Inapplicable ; Pass      ; Inapplicable ; Inapplicable ; Pass      ; Pass      ; Inapplicable ; Pass         ; Inapplicable ; Inapplicable ; Inapplicable ; Inapplicable ; Pass         ; Inapplicable ; Inapplicable ; Inapplicable ; Inapplicable ; Pass         ; Inapplicable ; Inapplicable ; Inapplicable ; Inapplicable ; Inapplicable ; Inapplicable ;
; readdata[18]       ; Inapplicable ; Inapplicable ; Inapplicable ; Inapplicable ; Inapplicable ; Pass      ; Inapplicable ; Inapplicable ; Pass      ; Pass      ; Inapplicable ; Pass         ; Inapplicable ; Inapplicable ; Inapplicable ; Inapplicable ; Pass         ; Inapplicable ; Inapplicable ; Inapplicable ; Inapplicable ; Pass         ; Inapplicable ; Inapplicable ; Inapplicable ; Inapplicable ; Inapplicable ; Inapplicable ;
; readdata[19]       ; Inapplicable ; Inapplicable ; Inapplicable ; Inapplicable ; Inapplicable ; Pass      ; Inapplicable ; Inapplicable ; Pass      ; Pass      ; Inapplicable ; Pass         ; Inapplicable ; Inapplicable ; Inapplicable ; Inapplicable ; Pass         ; Inapplicable ; Inapplicable ; Inapplicable ; Inapplicable ; Pass         ; Inapplicable ; Inapplicable ; Inapplicable ; Inapplicable ; Inapplicable ; Inapplicable ;
; readdata[20]       ; Inapplicable ; Inapplicable ; Inapplicable ; Inapplicable ; Inapplicable ; Pass      ; Inapplicable ; Inapplicable ; Pass      ; Pass      ; Inapplicable ; Pass         ; Inapplicable ; Inapplicable ; Inapplicable ; Inapplicable ; Pass         ; Inapplicable ; Inapplicable ; Inapplicable ; Inapplicable ; Pass         ; Inapplicable ; Inapplicable ; Inapplicable ; Inapplicable ; Inapplicable ; Inapplicable ;
; readdata[21]       ; Inapplicable ; Inapplicable ; Inapplicable ; Inapplicable ; Inapplicable ; Pass      ; Inapplicable ; Inapplicable ; Pass      ; Pass      ; Inapplicable ; Pass         ; Inapplicable ; Inapplicable ; Inapplicable ; Inapplicable ; Pass         ; Inapplicable ; Inapplicable ; Inapplicable ; Inapplicable ; Pass         ; Inapplicable ; Inapplicable ; Inapplicable ; Inapplicable ; Inapplicable ; Inapplicable ;
; readdata[22]       ; Inapplicable ; Inapplicable ; Inapplicable ; Inapplicable ; Inapplicable ; Pass      ; Inapplicable ; Inapplicable ; Pass      ; Pass      ; Inapplicable ; Pass         ; Inapplicable ; Inapplicable ; Inapplicable ; Inapplicable ; Pass         ; Inapplicable ; Inapplicable ; Inapplicable ; Inapplicable ; Pass         ; Inapplicable ; Inapplicable ; Inapplicable ; Inapplicable ; Inapplicable ; Inapplicable ;
; readdata[23]       ; Inapplicable ; Inapplicable ; Inapplicable ; Inapplicable ; Inapplicable ; Pass      ; Inapplicable ; Inapplicable ; Pass      ; Pass      ; Inapplicable ; Pass         ; Inapplicable ; Inapplicable ; Inapplicable ; Inapplicable ; Pass         ; Inapplicable ; Inapplicable ; Inapplicable ; Inapplicable ; Pass         ; Inapplicable ; Inapplicable ; Inapplicable ; Inapplicable ; Inapplicable ; Inapplicable ;
; readdata[24]       ; Inapplicable ; Inapplicable ; Inapplicable ; Inapplicable ; Inapplicable ; Pass      ; Inapplicable ; Inapplicable ; Pass      ; Pass      ; Inapplicable ; Pass         ; Inapplicable ; Inapplicable ; Inapplicable ; Inapplicable ; Pass         ; Inapplicable ; Inapplicable ; Inapplicable ; Inapplicable ; Pass         ; Inapplicable ; Inapplicable ; Inapplicable ; Inapplicable ; Inapplicable ; Inapplicable ;
; readdata[25]       ; Inapplicable ; Inapplicable ; Inapplicable ; Inapplicable ; Inapplicable ; Pass      ; Inapplicable ; Inapplicable ; Pass      ; Pass      ; Inapplicable ; Pass         ; Inapplicable ; Inapplicable ; Inapplicable ; Inapplicable ; Pass         ; Inapplicable ; Inapplicable ; Inapplicable ; Inapplicable ; Pass         ; Inapplicable ; Inapplicable ; Inapplicable ; Inapplicable ; Inapplicable ; Inapplicable ;
; readdata[26]       ; Inapplicable ; Inapplicable ; Inapplicable ; Inapplicable ; Inapplicable ; Pass      ; Inapplicable ; Inapplicable ; Pass      ; Pass      ; Inapplicable ; Pass         ; Inapplicable ; Inapplicable ; Inapplicable ; Inapplicable ; Pass         ; Inapplicable ; Inapplicable ; Inapplicable ; Inapplicable ; Pass         ; Inapplicable ; Inapplicable ; Inapplicable ; Inapplicable ; Inapplicable ; Inapplicable ;
; readdata[27]       ; Inapplicable ; Inapplicable ; Inapplicable ; Inapplicable ; Inapplicable ; Pass      ; Inapplicable ; Inapplicable ; Pass      ; Pass      ; Inapplicable ; Pass         ; Inapplicable ; Inapplicable ; Inapplicable ; Inapplicable ; Pass         ; Inapplicable ; Inapplicable ; Inapplicable ; Inapplicable ; Pass         ; Inapplicable ; Inapplicable ; Inapplicable ; Inapplicable ; Inapplicable ; Inapplicable ;
; readdata[28]       ; Inapplicable ; Inapplicable ; Inapplicable ; Inapplicable ; Inapplicable ; Pass      ; Inapplicable ; Inapplicable ; Pass      ; Pass      ; Inapplicable ; Pass         ; Inapplicable ; Inapplicable ; Inapplicable ; Inapplicable ; Pass         ; Inapplicable ; Inapplicable ; Inapplicable ; Inapplicable ; Pass         ; Inapplicable ; Inapplicable ; Inapplicable ; Inapplicable ; Inapplicable ; Inapplicable ;
; readdata[29]       ; Inapplicable ; Inapplicable ; Inapplicable ; Inapplicable ; Inapplicable ; Pass      ; Inapplicable ; Inapplicable ; Pass      ; Pass      ; Inapplicable ; Pass         ; Inapplicable ; Inapplicable ; Inapplicable ; Inapplicable ; Pass         ; Inapplicable ; Inapplicable ; Inapplicable ; Inapplicable ; Pass         ; Inapplicable ; Inapplicable ; Inapplicable ; Inapplicable ; Inapplicable ; Inapplicable ;
; readdata[30]       ; Inapplicable ; Inapplicable ; Inapplicable ; Inapplicable ; Inapplicable ; Pass      ; Inapplicable ; Inapplicable ; Pass      ; Pass      ; Inapplicable ; Pass         ; Inapplicable ; Inapplicable ; Inapplicable ; Inapplicable ; Pass         ; Inapplicable ; Inapplicable ; Inapplicable ; Inapplicable ; Pass         ; Inapplicable ; Inapplicable ; Inapplicable ; Inapplicable ; Inapplicable ; Inapplicable ;
; readdata[31]       ; Inapplicable ; Inapplicable ; Inapplicable ; Inapplicable ; Inapplicable ; Pass      ; Inapplicable ; Inapplicable ; Pass      ; Pass      ; Inapplicable ; Pass         ; Inapplicable ; Inapplicable ; Inapplicable ; Inapplicable ; Pass         ; Inapplicable ; Inapplicable ; Inapplicable ; Inapplicable ; Pass         ; Inapplicable ; Inapplicable ; Inapplicable ; Inapplicable ; Inapplicable ; Inapplicable ;
; waitrequest        ; Inapplicable ; Inapplicable ; Inapplicable ; Inapplicable ; Inapplicable ; Pass      ; Inapplicable ; Inapplicable ; Pass      ; Pass      ; Inapplicable ; Pass         ; Inapplicable ; Inapplicable ; Inapplicable ; Inapplicable ; Pass         ; Inapplicable ; Inapplicable ; Inapplicable ; Inapplicable ; Pass         ; Inapplicable ; Inapplicable ; Inapplicable ; Inapplicable ; Inapplicable ; Inapplicable ;
; irq                ; Inapplicable ; Inapplicable ; Inapplicable ; Inapplicable ; Inapplicable ; Pass      ; Inapplicable ; Inapplicable ; Pass      ; Pass      ; Inapplicable ; Pass         ; Inapplicable ; Inapplicable ; Inapplicable ; Inapplicable ; Pass         ; Inapplicable ; Inapplicable ; Inapplicable ; Inapplicable ; Pass         ; Inapplicable ; Inapplicable ; Inapplicable ; Inapplicable ; Inapplicable ; Inapplicable ;
; address[5]         ; Inapplicable ; Inapplicable ; Inapplicable ; Inapplicable ; Inapplicable ; Pass      ; Inapplicable ; Inapplicable ; Pass      ; Pass      ; Inapplicable ; Inapplicable ; Inapplicable ; Inapplicable ; Inapplicable ; Inapplicable ; Inapplicable ; Inapplicable ; Inapplicable ; Inapplicable ; Inapplicable ; Inapplicable ; Inapplicable ; Inapplicable ; Inapplicable ; Inapplicable ; Inapplicable ; Inapplicable ;
; address[2]         ; Inapplicable ; Inapplicable ; Inapplicable ; Inapplicable ; Inapplicable ; Pass      ; Inapplicable ; Inapplicable ; Pass      ; Pass      ; Inapplicable ; Inapplicable ; Inapplicable ; Inapplicable ; Inapplicable ; Inapplicable ; Inapplicable ; Inapplicable ; Inapplicable ; Inapplicable ; Inapplicable ; Inapplicable ; Inapplicable ; Inapplicable ; Inapplicable ; Inapplicable ; Inapplicable ; Inapplicable ;
; address[3]         ; Inapplicable ; Inapplicable ; Inapplicable ; Inapplicable ; Inapplicable ; Pass      ; Inapplicable ; Inapplicable ; Pass      ; Pass      ; Inapplicable ; Inapplicable ; Inapplicable ; Inapplicable ; Inapplicable ; Inapplicable ; Inapplicable ; Inapplicable ; Inapplicable ; Inapplicable ; Inapplicable ; Inapplicable ; Inapplicable ; Inapplicable ; Inapplicable ; Inapplicable ; Inapplicable ; Inapplicable ;
; address[4]         ; Inapplicable ; Inapplicable ; Inapplicable ; Inapplicable ; Inapplicable ; Pass      ; Inapplicable ; Inapplicable ; Pass      ; Pass      ; Inapplicable ; Inapplicable ; Inapplicable ; Inapplicable ; Inapplicable ; Inapplicable ; Inapplicable ; Inapplicable ; Inapplicable ; Inapplicable ; Inapplicable ; Inapplicable ; Inapplicable ; Inapplicable ; Inapplicable ; Inapplicable ; Inapplicable ; Inapplicable ;
; address[6]         ; Inapplicable ; Inapplicable ; Inapplicable ; Inapplicable ; Inapplicable ; Pass      ; Inapplicable ; Inapplicable ; Pass      ; Pass      ; Inapplicable ; Inapplicable ; Inapplicable ; Inapplicable ; Inapplicable ; Inapplicable ; Inapplicable ; Inapplicable ; Inapplicable ; Inapplicable ; Inapplicable ; Inapplicable ; Inapplicable ; Inapplicable ; Inapplicable ; Inapplicable ; Inapplicable ; Inapplicable ;
; address[7]         ; Inapplicable ; Inapplicable ; Inapplicable ; Inapplicable ; Inapplicable ; Pass      ; Inapplicable ; Inapplicable ; Pass      ; Pass      ; Inapplicable ; Inapplicable ; Inapplicable ; Inapplicable ; Inapplicable ; Inapplicable ; Inapplicable ; Inapplicable ; Inapplicable ; Inapplicable ; Inapplicable ; Inapplicable ; Inapplicable ; Inapplicable ; Inapplicable ; Inapplicable ; Inapplicable ; Inapplicable ;
; read               ; Inapplicable ; Inapplicable ; Inapplicable ; Inapplicable ; Inapplicable ; Pass      ; Inapplicable ; Inapplicable ; Pass      ; Pass      ; Inapplicable ; Inapplicable ; Inapplicable ; Inapplicable ; Inapplicable ; Inapplicable ; Inapplicable ; Inapplicable ; Inapplicable ; Inapplicable ; Inapplicable ; Inapplicable ; Inapplicable ; Inapplicable ; Inapplicable ; Inapplicable ; Inapplicable ; Inapplicable ;
; address[0]         ; Inapplicable ; Inapplicable ; Inapplicable ; Inapplicable ; Inapplicable ; Pass      ; Inapplicable ; Inapplicable ; Pass      ; Pass      ; Inapplicable ; Inapplicable ; Inapplicable ; Inapplicable ; Inapplicable ; Inapplicable ; Inapplicable ; Inapplicable ; Inapplicable ; Inapplicable ; Inapplicable ; Inapplicable ; Inapplicable ; Inapplicable ; Inapplicable ; Inapplicable ; Inapplicable ; Inapplicable ;
; address[1]         ; Inapplicable ; Inapplicable ; Inapplicable ; Inapplicable ; Inapplicable ; Pass      ; Inapplicable ; Inapplicable ; Pass      ; Pass      ; Inapplicable ; Inapplicable ; Inapplicable ; Inapplicable ; Inapplicable ; Inapplicable ; Inapplicable ; Inapplicable ; Inapplicable ; Inapplicable ; Inapplicable ; Inapplicable ; Inapplicable ; Inapplicable ; Inapplicable ; Inapplicable ; Inapplicable ; Inapplicable ;
; clk                ; Inapplicable ; Inapplicable ; Inapplicable ; Inapplicable ; Inapplicable ; Pass      ; Inapplicable ; Inapplicable ; Pass      ; Pass      ; Inapplicable ; Inapplicable ; Inapplicable ; Inapplicable ; Inapplicable ; Inapplicable ; Inapplicable ; Inapplicable ; Inapplicable ; Inapplicable ; Inapplicable ; Inapplicable ; Inapplicable ; Inapplicable ; Inapplicable ; Inapplicable ; Inapplicable ; Inapplicable ;
; rst_n              ; Inapplicable ; Inapplicable ; Inapplicable ; Inapplicable ; Inapplicable ; Pass      ; Inapplicable ; Inapplicable ; Pass      ; Pass      ; Inapplicable ; Inapplicable ; Inapplicable ; Inapplicable ; Inapplicable ; Inapplicable ; Inapplicable ; Inapplicable ; Inapplicable ; Inapplicable ; Inapplicable ; Inapplicable ; Inapplicable ; Inapplicable ; Inapplicable ; Inapplicable ; Inapplicable ; Inapplicable ;
; write              ; Inapplicable ; Inapplicable ; Inapplicable ; Inapplicable ; Inapplicable ; Pass      ; Inapplicable ; Inapplicable ; Pass      ; Pass      ; Inapplicable ; Inapplicable ; Inapplicable ; Inapplicable ; Inapplicable ; Inapplicable ; Inapplicable ; Inapplicable ; Inapplicable ; Inapplicable ; Inapplicable ; Inapplicable ; Inapplicable ; Inapplicable ; Inapplicable ; Inapplicable ; Inapplicable ; Inapplicable ;
; byteenable[0]      ; Inapplicable ; Inapplicable ; Inapplicable ; Inapplicable ; Inapplicable ; Pass      ; Inapplicable ; Inapplicable ; Pass      ; Pass      ; Inapplicable ; Inapplicable ; Inapplicable ; Inapplicable ; Inapplicable ; Inapplicable ; Inapplicable ; Inapplicable ; Inapplicable ; Inapplicable ; Inapplicable ; Inapplicable ; Inapplicable ; Inapplicable ; Inapplicable ; Inapplicable ; Inapplicable ; Inapplicable ;
; byteenable[1]      ; Inapplicable ; Inapplicable ; Inapplicable ; Inapplicable ; Inapplicable ; Pass      ; Inapplicable ; Inapplicable ; Pass      ; Pass      ; Inapplicable ; Inapplicable ; Inapplicable ; Inapplicable ; Inapplicable ; Inapplicable ; Inapplicable ; Inapplicable ; Inapplicable ; Inapplicable ; Inapplicable ; Inapplicable ; Inapplicable ; Inapplicable ; Inapplicable ; Inapplicable ; Inapplicable ; Inapplicable ;
; byteenable[2]      ; Inapplicable ; Inapplicable ; Inapplicable ; Inapplicable ; Inapplicable ; Pass      ; Inapplicable ; Inapplicable ; Pass      ; Pass      ; Inapplicable ; Inapplicable ; Inapplicable ; Inapplicable ; Inapplicable ; Inapplicable ; Inapplicable ; Inapplicable ; Inapplicable ; Inapplicable ; Inapplicable ; Inapplicable ; Inapplicable ; Inapplicable ; Inapplicable ; Inapplicable ; Inapplicable ; Inapplicable ;
; byteenable[3]      ; Inapplicable ; Inapplicable ; Inapplicable ; Inapplicable ; Inapplicable ; Pass      ; Inapplicable ; Inapplicable ; Pass      ; Pass      ; Inapplicable ; Inapplicable ; Inapplicable ; Inapplicable ; Inapplicable ; Inapplicable ; Inapplicable ; Inapplicable ; Inapplicable ; Inapplicable ; Inapplicable ; Inapplicable ; Inapplicable ; Inapplicable ; Inapplicable ; Inapplicable ; Inapplicable ; Inapplicable ;
; writedata[2]       ; Inapplicable ; Inapplicable ; Inapplicable ; Inapplicable ; Inapplicable ; Pass      ; Inapplicable ; Inapplicable ; Pass      ; Pass      ; Inapplicable ; Inapplicable ; Inapplicable ; Inapplicable ; Inapplicable ; Inapplicable ; Inapplicable ; Inapplicable ; Inapplicable ; Inapplicable ; Inapplicable ; Inapplicable ; Inapplicable ; Inapplicable ; Inapplicable ; Inapplicable ; Inapplicable ; Inapplicable ;
; writedata[0]       ; Inapplicable ; Inapplicable ; Inapplicable ; Inapplicable ; Inapplicable ; Pass      ; Inapplicable ; Inapplicable ; Pass      ; Pass      ; Inapplicable ; Inapplicable ; Inapplicable ; Inapplicable ; Inapplicable ; Inapplicable ; Inapplicable ; Inapplicable ; Inapplicable ; Inapplicable ; Inapplicable ; Inapplicable ; Inapplicable ; Inapplicable ; Inapplicable ; Inapplicable ; Inapplicable ; Inapplicable ;
; writedata[1]       ; Inapplicable ; Inapplicable ; Inapplicable ; Inapplicable ; Inapplicable ; Pass      ; Inapplicable ; Inapplicable ; Pass      ; Pass      ; Inapplicable ; Inapplicable ; Inapplicable ; Inapplicable ; Inapplicable ; Inapplicable ; Inapplicable ; Inapplicable ; Inapplicable ; Inapplicable ; Inapplicable ; Inapplicable ; Inapplicable ; Inapplicable ; Inapplicable ; Inapplicable ; Inapplicable ; Inapplicable ;
; writedata[8]       ; Inapplicable ; Inapplicable ; Inapplicable ; Inapplicable ; Inapplicable ; Pass      ; Inapplicable ; Inapplicable ; Pass      ; Pass      ; Inapplicable ; Inapplicable ; Inapplicable ; Inapplicable ; Inapplicable ; Inapplicable ; Inapplicable ; Inapplicable ; Inapplicable ; Inapplicable ; Inapplicable ; Inapplicable ; Inapplicable ; Inapplicable ; Inapplicable ; Inapplicable ; Inapplicable ; Inapplicable ;
; writedata[20]      ; Inapplicable ; Inapplicable ; Inapplicable ; Inapplicable ; Inapplicable ; Pass      ; Inapplicable ; Inapplicable ; Pass      ; Pass      ; Inapplicable ; Inapplicable ; Inapplicable ; Inapplicable ; Inapplicable ; Inapplicable ; Inapplicable ; Inapplicable ; Inapplicable ; Inapplicable ; Inapplicable ; Inapplicable ; Inapplicable ; Inapplicable ; Inapplicable ; Inapplicable ; Inapplicable ; Inapplicable ;
; writedata[9]       ; Inapplicable ; Inapplicable ; Inapplicable ; Inapplicable ; Inapplicable ; Pass      ; Inapplicable ; Inapplicable ; Pass      ; Pass      ; Inapplicable ; Inapplicable ; Inapplicable ; Inapplicable ; Inapplicable ; Inapplicable ; Inapplicable ; Inapplicable ; Inapplicable ; Inapplicable ; Inapplicable ; Inapplicable ; Inapplicable ; Inapplicable ; Inapplicable ; Inapplicable ; Inapplicable ; Inapplicable ;
; writedata[10]      ; Inapplicable ; Inapplicable ; Inapplicable ; Inapplicable ; Inapplicable ; Pass      ; Inapplicable ; Inapplicable ; Pass      ; Pass      ; Inapplicable ; Inapplicable ; Inapplicable ; Inapplicable ; Inapplicable ; Inapplicable ; Inapplicable ; Inapplicable ; Inapplicable ; Inapplicable ; Inapplicable ; Inapplicable ; Inapplicable ; Inapplicable ; Inapplicable ; Inapplicable ; Inapplicable ; Inapplicable ;
; writedata[11]      ; Inapplicable ; Inapplicable ; Inapplicable ; Inapplicable ; Inapplicable ; Pass      ; Inapplicable ; Inapplicable ; Pass      ; Pass      ; Inapplicable ; Inapplicable ; Inapplicable ; Inapplicable ; Inapplicable ; Inapplicable ; Inapplicable ; Inapplicable ; Inapplicable ; Inapplicable ; Inapplicable ; Inapplicable ; Inapplicable ; Inapplicable ; Inapplicable ; Inapplicable ; Inapplicable ; Inapplicable ;
; writedata[12]      ; Inapplicable ; Inapplicable ; Inapplicable ; Inapplicable ; Inapplicable ; Pass      ; Inapplicable ; Inapplicable ; Pass      ; Pass      ; Inapplicable ; Inapplicable ; Inapplicable ; Inapplicable ; Inapplicable ; Inapplicable ; Inapplicable ; Inapplicable ; Inapplicable ; Inapplicable ; Inapplicable ; Inapplicable ; Inapplicable ; Inapplicable ; Inapplicable ; Inapplicable ; Inapplicable ; Inapplicable ;
; writedata[13]      ; Inapplicable ; Inapplicable ; Inapplicable ; Inapplicable ; Inapplicable ; Pass      ; Inapplicable ; Inapplicable ; Pass      ; Pass      ; Inapplicable ; Inapplicable ; Inapplicable ; Inapplicable ; Inapplicable ; Inapplicable ; Inapplicable ; Inapplicable ; Inapplicable ; Inapplicable ; Inapplicable ; Inapplicable ; Inapplicable ; Inapplicable ; Inapplicable ; Inapplicable ; Inapplicable ; Inapplicable ;
; writedata[14]      ; Inapplicable ; Inapplicable ; Inapplicable ; Inapplicable ; Inapplicable ; Pass      ; Inapplicable ; Inapplicable ; Pass      ; Pass      ; Inapplicable ; Inapplicable ; Inapplicable ; Inapplicable ; Inapplicable ; Inapplicable ; Inapplicable ; Inapplicable ; Inapplicable ; Inapplicable ; Inapplicable ; Inapplicable ; Inapplicable ; Inapplicable ; Inapplicable ; Inapplicable ; Inapplicable ; Inapplicable ;
; writedata[15]      ; Inapplicable ; Inapplicable ; Inapplicable ; Inapplicable ; Inapplicable ; Pass      ; Inapplicable ; Inapplicable ; Pass      ; Pass      ; Inapplicable ; Inapplicable ; Inapplicable ; Inapplicable ; Inapplicable ; Inapplicable ; Inapplicable ; Inapplicable ; Inapplicable ; Inapplicable ; Inapplicable ; Inapplicable ; Inapplicable ; Inapplicable ; Inapplicable ; Inapplicable ; Inapplicable ; Inapplicable ;
; writedata[16]      ; Inapplicable ; Inapplicable ; Inapplicable ; Inapplicable ; Inapplicable ; Pass      ; Inapplicable ; Inapplicable ; Pass      ; Pass      ; Inapplicable ; Inapplicable ; Inapplicable ; Inapplicable ; Inapplicable ; Inapplicable ; Inapplicable ; Inapplicable ; Inapplicable ; Inapplicable ; Inapplicable ; Inapplicable ; Inapplicable ; Inapplicable ; Inapplicable ; Inapplicable ; Inapplicable ; Inapplicable ;
; writedata[17]      ; Inapplicable ; Inapplicable ; Inapplicable ; Inapplicable ; Inapplicable ; Pass      ; Inapplicable ; Inapplicable ; Pass      ; Pass      ; Inapplicable ; Inapplicable ; Inapplicable ; Inapplicable ; Inapplicable ; Inapplicable ; Inapplicable ; Inapplicable ; Inapplicable ; Inapplicable ; Inapplicable ; Inapplicable ; Inapplicable ; Inapplicable ; Inapplicable ; Inapplicable ; Inapplicable ; Inapplicable ;
; writedata[18]      ; Inapplicable ; Inapplicable ; Inapplicable ; Inapplicable ; Inapplicable ; Pass      ; Inapplicable ; Inapplicable ; Pass      ; Pass      ; Inapplicable ; Inapplicable ; Inapplicable ; Inapplicable ; Inapplicable ; Inapplicable ; Inapplicable ; Inapplicable ; Inapplicable ; Inapplicable ; Inapplicable ; Inapplicable ; Inapplicable ; Inapplicable ; Inapplicable ; Inapplicable ; Inapplicable ; Inapplicable ;
; writedata[19]      ; Inapplicable ; Inapplicable ; Inapplicable ; Inapplicable ; Inapplicable ; Pass      ; Inapplicable ; Inapplicable ; Pass      ; Pass      ; Inapplicable ; Inapplicable ; Inapplicable ; Inapplicable ; Inapplicable ; Inapplicable ; Inapplicable ; Inapplicable ; Inapplicable ; Inapplicable ; Inapplicable ; Inapplicable ; Inapplicable ; Inapplicable ; Inapplicable ; Inapplicable ; Inapplicable ; Inapplicable ;
; writedata[26]      ; Inapplicable ; Inapplicable ; Inapplicable ; Inapplicable ; Inapplicable ; Pass      ; Inapplicable ; Inapplicable ; Pass      ; Pass      ; Inapplicable ; Inapplicable ; Inapplicable ; Inapplicable ; Inapplicable ; Inapplicable ; Inapplicable ; Inapplicable ; Inapplicable ; Inapplicable ; Inapplicable ; Inapplicable ; Inapplicable ; Inapplicable ; Inapplicable ; Inapplicable ; Inapplicable ; Inapplicable ;
; writedata[31]      ; Inapplicable ; Inapplicable ; Inapplicable ; Inapplicable ; Inapplicable ; Pass      ; Inapplicable ; Inapplicable ; Pass      ; Pass      ; Inapplicable ; Inapplicable ; Inapplicable ; Inapplicable ; Inapplicable ; Inapplicable ; Inapplicable ; Inapplicable ; Inapplicable ; Inapplicable ; Inapplicable ; Inapplicable ; Inapplicable ; Inapplicable ; Inapplicable ; Inapplicable ; Inapplicable ; Inapplicable ;
; writedata[21]      ; Inapplicable ; Inapplicable ; Inapplicable ; Inapplicable ; Inapplicable ; Pass      ; Inapplicable ; Inapplicable ; Pass      ; Pass      ; Inapplicable ; Inapplicable ; Inapplicable ; Inapplicable ; Inapplicable ; Inapplicable ; Inapplicable ; Inapplicable ; Inapplicable ; Inapplicable ; Inapplicable ; Inapplicable ; Inapplicable ; Inapplicable ; Inapplicable ; Inapplicable ; Inapplicable ; Inapplicable ;
; writedata[22]      ; Inapplicable ; Inapplicable ; Inapplicable ; Inapplicable ; Inapplicable ; Pass      ; Inapplicable ; Inapplicable ; Pass      ; Pass      ; Inapplicable ; Inapplicable ; Inapplicable ; Inapplicable ; Inapplicable ; Inapplicable ; Inapplicable ; Inapplicable ; Inapplicable ; Inapplicable ; Inapplicable ; Inapplicable ; Inapplicable ; Inapplicable ; Inapplicable ; Inapplicable ; Inapplicable ; Inapplicable ;
; writedata[23]      ; Inapplicable ; Inapplicable ; Inapplicable ; Inapplicable ; Inapplicable ; Pass      ; Inapplicable ; Inapplicable ; Pass      ; Pass      ; Inapplicable ; Inapplicable ; Inapplicable ; Inapplicable ; Inapplicable ; Inapplicable ; Inapplicable ; Inapplicable ; Inapplicable ; Inapplicable ; Inapplicable ; Inapplicable ; Inapplicable ; Inapplicable ; Inapplicable ; Inapplicable ; Inapplicable ; Inapplicable ;
; writedata[24]      ; Inapplicable ; Inapplicable ; Inapplicable ; Inapplicable ; Inapplicable ; Pass      ; Inapplicable ; Inapplicable ; Pass      ; Pass      ; Inapplicable ; Inapplicable ; Inapplicable ; Inapplicable ; Inapplicable ; Inapplicable ; Inapplicable ; Inapplicable ; Inapplicable ; Inapplicable ; Inapplicable ; Inapplicable ; Inapplicable ; Inapplicable ; Inapplicable ; Inapplicable ; Inapplicable ; Inapplicable ;
; writedata[25]      ; Inapplicable ; Inapplicable ; Inapplicable ; Inapplicable ; Inapplicable ; Pass      ; Inapplicable ; Inapplicable ; Pass      ; Pass      ; Inapplicable ; Inapplicable ; Inapplicable ; Inapplicable ; Inapplicable ; Inapplicable ; Inapplicable ; Inapplicable ; Inapplicable ; Inapplicable ; Inapplicable ; Inapplicable ; Inapplicable ; Inapplicable ; Inapplicable ; Inapplicable ; Inapplicable ; Inapplicable ;
; writedata[27]      ; Inapplicable ; Inapplicable ; Inapplicable ; Inapplicable ; Inapplicable ; Pass      ; Inapplicable ; Inapplicable ; Pass      ; Pass      ; Inapplicable ; Inapplicable ; Inapplicable ; Inapplicable ; Inapplicable ; Inapplicable ; Inapplicable ; Inapplicable ; Inapplicable ; Inapplicable ; Inapplicable ; Inapplicable ; Inapplicable ; Inapplicable ; Inapplicable ; Inapplicable ; Inapplicable ; Inapplicable ;
; writedata[28]      ; Inapplicable ; Inapplicable ; Inapplicable ; Inapplicable ; Inapplicable ; Pass      ; Inapplicable ; Inapplicable ; Pass      ; Pass      ; Inapplicable ; Inapplicable ; Inapplicable ; Inapplicable ; Inapplicable ; Inapplicable ; Inapplicable ; Inapplicable ; Inapplicable ; Inapplicable ; Inapplicable ; Inapplicable ; Inapplicable ; Inapplicable ; Inapplicable ; Inapplicable ; Inapplicable ; Inapplicable ;
; writedata[29]      ; Inapplicable ; Inapplicable ; Inapplicable ; Inapplicable ; Inapplicable ; Pass      ; Inapplicable ; Inapplicable ; Pass      ; Pass      ; Inapplicable ; Inapplicable ; Inapplicable ; Inapplicable ; Inapplicable ; Inapplicable ; Inapplicable ; Inapplicable ; Inapplicable ; Inapplicable ; Inapplicable ; Inapplicable ; Inapplicable ; Inapplicable ; Inapplicable ; Inapplicable ; Inapplicable ; Inapplicable ;
; writedata[30]      ; Inapplicable ; Inapplicable ; Inapplicable ; Inapplicable ; Inapplicable ; Pass      ; Inapplicable ; Inapplicable ; Pass      ; Pass      ; Inapplicable ; Inapplicable ; Inapplicable ; Inapplicable ; Inapplicable ; Inapplicable ; Inapplicable ; Inapplicable ; Inapplicable ; Inapplicable ; Inapplicable ; Inapplicable ; Inapplicable ; Inapplicable ; Inapplicable ; Inapplicable ; Inapplicable ; Inapplicable ;
; writedata[4]       ; Inapplicable ; Inapplicable ; Inapplicable ; Inapplicable ; Inapplicable ; Pass      ; Inapplicable ; Inapplicable ; Pass      ; Pass      ; Inapplicable ; Inapplicable ; Inapplicable ; Inapplicable ; Inapplicable ; Inapplicable ; Inapplicable ; Inapplicable ; Inapplicable ; Inapplicable ; Inapplicable ; Inapplicable ; Inapplicable ; Inapplicable ; Inapplicable ; Inapplicable ; Inapplicable ; Inapplicable ;
; writedata[5]       ; Inapplicable ; Inapplicable ; Inapplicable ; Inapplicable ; Inapplicable ; Pass      ; Inapplicable ; Inapplicable ; Pass      ; Pass      ; Inapplicable ; Inapplicable ; Inapplicable ; Inapplicable ; Inapplicable ; Inapplicable ; Inapplicable ; Inapplicable ; Inapplicable ; Inapplicable ; Inapplicable ; Inapplicable ; Inapplicable ; Inapplicable ; Inapplicable ; Inapplicable ; Inapplicable ; Inapplicable ;
; writedata[6]       ; Inapplicable ; Inapplicable ; Inapplicable ; Inapplicable ; Inapplicable ; Pass      ; Inapplicable ; Inapplicable ; Pass      ; Pass      ; Inapplicable ; Inapplicable ; Inapplicable ; Inapplicable ; Inapplicable ; Inapplicable ; Inapplicable ; Inapplicable ; Inapplicable ; Inapplicable ; Inapplicable ; Inapplicable ; Inapplicable ; Inapplicable ; Inapplicable ; Inapplicable ; Inapplicable ; Inapplicable ;
; writedata[7]       ; Inapplicable ; Inapplicable ; Inapplicable ; Inapplicable ; Inapplicable ; Pass      ; Inapplicable ; Inapplicable ; Pass      ; Pass      ; Inapplicable ; Inapplicable ; Inapplicable ; Inapplicable ; Inapplicable ; Inapplicable ; Inapplicable ; Inapplicable ; Inapplicable ; Inapplicable ; Inapplicable ; Inapplicable ; Inapplicable ; Inapplicable ; Inapplicable ; Inapplicable ; Inapplicable ; Inapplicable ;
; writedata[3]       ; Inapplicable ; Inapplicable ; Inapplicable ; Inapplicable ; Inapplicable ; Pass      ; Inapplicable ; Inapplicable ; Pass      ; Pass      ; Inapplicable ; Inapplicable ; Inapplicable ; Inapplicable ; Inapplicable ; Inapplicable ; Inapplicable ; Inapplicable ; Inapplicable ; Inapplicable ; Inapplicable ; Inapplicable ; Inapplicable ; Inapplicable ; Inapplicable ; Inapplicable ; Inapplicable ; Inapplicable ;
+--------------------+--------------+--------------+--------------+--------------+--------------+-----------+--------------+--------------+-----------+-----------+--------------+--------------+--------------+--------------+--------------+--------------+--------------+--------------+--------------+--------------+--------------+--------------+--------------+--------------+--------------+--------------+--------------+--------------+


+------------------------------------------------------------------------------------------------+
; Fitter Device Options                                                                          ;
+------------------------------------------------------------------+-----------------------------+
; Option                                                           ; Setting                     ;
+------------------------------------------------------------------+-----------------------------+
; Enable user-supplied start-up clock (CLKUSR)                     ; Off                         ;
; Enable device-wide reset (DEV_CLRn)                              ; Off                         ;
; Enable device-wide output enable (DEV_OE)                        ; Off                         ;
; Enable INIT_DONE output                                          ; Off                         ;
; Configuration scheme                                             ; Passive Serial              ;
; Enable Error Detection CRC_ERROR pin                             ; Off                         ;
; Enable CvP_CONFDONE pin                                          ; Off                         ;
; Enable open drain on CRC_ERROR pin                               ; On                          ;
; Enable open drain on CvP_CONFDONE pin                            ; On                          ;
; Enable open drain on INIT_DONE pin                               ; On                          ;
; Enable open drain on Partial Reconfiguration pins                ; Off                         ;
; Enable open drain on nCEO pin                                    ; On                          ;
; Enable Partial Reconfiguration pins                              ; Off                         ;
; Enable input tri-state on active configuration pins in user mode ; Off                         ;
; Enable internal scrubbing                                        ; Off                         ;
; Active Serial clock source                                       ; 100 MHz Internal Oscillator ;
; Device initialization clock source                               ; Internal Oscillator         ;
; Configuration via Protocol                                       ; Off                         ;
; Configuration Voltage Level                                      ; Auto                        ;
; Force Configuration Voltage Level                                ; Off                         ;
; Enable nCEO output                                               ; Off                         ;
; Data[15..8]                                                      ; Unreserved                  ;
; Data[7..5]                                                       ; Unreserved                  ;
; Base pin-out file on sameframe device                            ; Off                         ;
+------------------------------------------------------------------+-----------------------------+


+------------------------------------+
; Operating Settings and Conditions  ;
+---------------------------+--------+
; Setting                   ; Value  ;
+---------------------------+--------+
; Nominal Core Voltage      ; 1.10 V ;
; Low Junction Temperature  ; -40 °C ;
; High Junction Temperature ; 100 °C ;
+---------------------------+--------+


+------------------------------------------------------------+
; Estimated Delay Added for Hold Timing Summary              ;
+-----------------+----------------------+-------------------+
; Source Clock(s) ; Destination Clock(s) ; Delay Added in ns ;
+-----------------+----------------------+-------------------+
; clk             ; clk                  ; 10.8              ;
+-----------------+----------------------+-------------------+
Note: For more information on problematic transfers, consider running the Fitter again with the Optimize hold timing option (Settings Menu) turned off.
This will disable optimization of problematic paths and expose them for further analysis using the Timing Analyzer.


+----------------------------------------------------------------------------------------------------------------------------------------------------------------------------------------------+
; Estimated Delay Added for Hold Timing Details                                                                                                                                                ;
+---------------------------------+----------------------------------------------------------------------------------------------------------------------------------------+-------------------+
; Source Register                 ; Destination Register                                                                                                                   ; Delay Added in ns ;
+---------------------------------+----------------------------------------------------------------------------------------------------------------------------------------+-------------------+
; dg_tile_core:core|state.FINISH  ; dg_tile_core:core|state.FETCH                                                                                                          ; 0.656             ;
; index_reg[3]                    ; dg_tile_core:core|dg_tile_ram:input_bank|altsyncram:mem_rtl_0|altsyncram_rtr1:auto_generated|ram_block1a7~porta_address_reg0           ; 0.573             ;
; index_reg[4]                    ; dg_tile_core:core|dg_tile_ram:input_bank|altsyncram:mem_rtl_0|altsyncram_rtr1:auto_generated|ram_block1a7~porta_address_reg0           ; 0.573             ;
; index_reg[5]                    ; dg_tile_core:core|dg_tile_ram:input_bank|altsyncram:mem_rtl_0|altsyncram_rtr1:auto_generated|ram_block1a7~porta_address_reg0           ; 0.573             ;
; index_reg[6]                    ; dg_tile_core:core|dg_tile_ram:input_bank|altsyncram:mem_rtl_0|altsyncram_rtr1:auto_generated|ram_block1a7~porta_address_reg0           ; 0.573             ;
; dg_tile_core:core|k[10]         ; dg_tile_core:core|state.FETCH                                                                                                          ; 0.526             ;
; dg_tile_core:core|k[4]          ; dg_tile_core:core|state.FETCH                                                                                                          ; 0.512             ;
; dg_tile_core:core|state.EMIT    ; dg_tile_core:core|done                                                                                                                 ; 0.439             ;
; dg_tile_core:core|k[15]         ; dg_tile_core:core|state.FETCH                                                                                                          ; 0.426             ;
; dg_tile_core:core|count[15]     ; dg_tile_core:core|state.FETCH                                                                                                          ; 0.426             ;
; dg_tile_core:core|k[13]         ; dg_tile_core:core|state.FETCH                                                                                                          ; 0.426             ;
; dg_tile_core:core|k[11]         ; dg_tile_core:core|state.FETCH                                                                                                          ; 0.426             ;
; dg_tile_core:core|k[9]          ; dg_tile_core:core|state.FETCH                                                                                                          ; 0.426             ;
; dg_tile_core:core|k[12]         ; dg_tile_core:core|state.FETCH                                                                                                          ; 0.426             ;
; dg_tile_core:core|k[7]          ; dg_tile_core:core|state.FETCH                                                                                                          ; 0.426             ;
; dg_tile_core:core|k[6]          ; dg_tile_core:core|state.FETCH                                                                                                          ; 0.426             ;
; dg_tile_core:core|k[5]          ; dg_tile_core:core|state.FETCH                                                                                                          ; 0.426             ;
; dg_tile_core:core|k[3]          ; dg_tile_core:core|state.FETCH                                                                                                          ; 0.426             ;
; dg_tile_core:core|k[8]          ; dg_tile_core:core|state.FETCH                                                                                                          ; 0.426             ;
; dg_tile_core:core|k[1]          ; dg_tile_core:core|state.FETCH                                                                                                          ; 0.426             ;
; dg_tile_core:core|k[0]          ; dg_tile_core:core|state.FETCH                                                                                                          ; 0.426             ;
; dg_tile_core:core|k[2]          ; dg_tile_core:core|state.FETCH                                                                                                          ; 0.426             ;
; dg_tile_core:core|k[14]         ; dg_tile_core:core|state.FETCH                                                                                                          ; 0.426             ;
; dg_tile_core:core|count[14]     ; dg_tile_core:core|state.FETCH                                                                                                          ; 0.426             ;
; dg_tile_core:core|count[13]     ; dg_tile_core:core|state.FETCH                                                                                                          ; 0.426             ;
; dg_tile_core:core|count[12]     ; dg_tile_core:core|state.FETCH                                                                                                          ; 0.426             ;
; dg_tile_core:core|count[11]     ; dg_tile_core:core|state.FETCH                                                                                                          ; 0.426             ;
; dg_tile_core:core|count[10]     ; dg_tile_core:core|state.FETCH                                                                                                          ; 0.426             ;
; dg_tile_core:core|count[9]      ; dg_tile_core:core|state.FETCH                                                                                                          ; 0.426             ;
; dg_tile_core:core|count[8]      ; dg_tile_core:core|state.FETCH                                                                                                          ; 0.426             ;
; dg_tile_core:core|count[7]      ; dg_tile_core:core|state.FETCH                                                                                                          ; 0.426             ;
; dg_tile_core:core|count[6]      ; dg_tile_core:core|state.FETCH                                                                                                          ; 0.426             ;
; dg_tile_core:core|count[5]      ; dg_tile_core:core|state.FETCH                                                                                                          ; 0.426             ;
; dg_tile_core:core|count[4]      ; dg_tile_core:core|state.FETCH                                                                                                          ; 0.426             ;
; dg_tile_core:core|count[3]      ; dg_tile_core:core|state.FETCH                                                                                                          ; 0.426             ;
; dg_tile_core:core|count[2]      ; dg_tile_core:core|state.FETCH                                                                                                          ; 0.426             ;
; dg_tile_core:core|count[1]      ; dg_tile_core:core|state.FETCH                                                                                                          ; 0.426             ;
; dg_tile_core:core|count[0]      ; dg_tile_core:core|state.FETCH                                                                                                          ; 0.426             ;
; dg_tile_core:core|state.IDLE    ; sticky_done                                                                                                                            ; 0.424             ;
; dg_tile_core:core|done          ; sticky_done                                                                                                                            ; 0.410             ;
; dg_tile_core:core|state.MAC     ; dg_tile_core:core|state.FETCH                                                                                                          ; 0.395             ;
; index_reg[0]                    ; dg_tile_core:core|dg_tile_ram:banks[6].weight_bank|altsyncram:mem_rtl_0|altsyncram_rtr1:auto_generated|ram_block1a7~porta_address_reg0 ; 0.316             ;
; index_reg[1]                    ; dg_tile_core:core|dg_tile_ram:banks[6].weight_bank|altsyncram:mem_rtl_0|altsyncram_rtr1:auto_generated|ram_block1a7~porta_address_reg0 ; 0.316             ;
; index_reg[2]                    ; dg_tile_core:core|dg_tile_ram:banks[2].weight_bank|altsyncram:mem_rtl_0|altsyncram_rtr1:auto_generated|ram_block1a7~porta_address_reg0 ; 0.272             ;
; dg_tile_core:core|state.FETCH   ; dg_tile_core:core|dg_tile_ram:banks[1].weight_bank|altsyncram:mem_rtl_0|altsyncram_rtr1:auto_generated|ram_block1a0~portb_re_reg       ; 0.201             ;
; index_reg[7]                    ; dg_tile_core:core|dg_tile_ram:banks[6].weight_bank|altsyncram:mem_rtl_0|altsyncram_rtr1:auto_generated|ram_block1a7~porta_address_reg0 ; 0.165             ;
; dg_tile_core:core|biases[3][17] ; dg_tile_core:core|dg_mac_lane:banks[3].mac|acc[17]                                                                                     ; 0.103             ;
; lane_reg[0]                     ; dg_tile_core:core|dg_tile_ram:banks[6].weight_bank|altsyncram:mem_rtl_0|altsyncram_rtr1:auto_generated|ram_block1a7~porta_we_reg       ; 0.060             ;
; index_reg[8]                    ; dg_tile_core:core|dg_tile_ram:banks[6].weight_bank|altsyncram:mem_rtl_0|altsyncram_rtr1:auto_generated|ram_block1a7~porta_we_reg       ; 0.044             ;
; index_reg[9]                    ; dg_tile_core:core|dg_tile_ram:banks[6].weight_bank|altsyncram:mem_rtl_0|altsyncram_rtr1:auto_generated|ram_block1a7~porta_we_reg       ; 0.044             ;
; index_reg[10]                   ; dg_tile_core:core|dg_tile_ram:banks[6].weight_bank|altsyncram:mem_rtl_0|altsyncram_rtr1:auto_generated|ram_block1a7~porta_we_reg       ; 0.044             ;
; index_reg[11]                   ; dg_tile_core:core|dg_tile_ram:banks[6].weight_bank|altsyncram:mem_rtl_0|altsyncram_rtr1:auto_generated|ram_block1a7~porta_we_reg       ; 0.044             ;
; index_reg[14]                   ; dg_tile_core:core|dg_tile_ram:banks[6].weight_bank|altsyncram:mem_rtl_0|altsyncram_rtr1:auto_generated|ram_block1a7~porta_we_reg       ; 0.044             ;
; index_reg[12]                   ; dg_tile_core:core|dg_tile_ram:banks[6].weight_bank|altsyncram:mem_rtl_0|altsyncram_rtr1:auto_generated|ram_block1a7~porta_we_reg       ; 0.044             ;
; index_reg[13]                   ; dg_tile_core:core|dg_tile_ram:banks[6].weight_bank|altsyncram:mem_rtl_0|altsyncram_rtr1:auto_generated|ram_block1a7~porta_we_reg       ; 0.044             ;
; index_reg[15]                   ; dg_tile_core:core|dg_tile_ram:banks[6].weight_bank|altsyncram:mem_rtl_0|altsyncram_rtr1:auto_generated|ram_block1a7~porta_we_reg       ; 0.044             ;
; lane_reg[1]                     ; dg_tile_core:core|dg_tile_ram:banks[6].weight_bank|altsyncram:mem_rtl_0|altsyncram_rtr1:auto_generated|ram_block1a7~porta_we_reg       ; 0.044             ;
; lane_reg[2]                     ; dg_tile_core:core|dg_tile_ram:banks[6].weight_bank|altsyncram:mem_rtl_0|altsyncram_rtr1:auto_generated|ram_block1a7~porta_we_reg       ; 0.044             ;
; lane_reg[15]                    ; dg_tile_core:core|dg_tile_ram:banks[6].weight_bank|altsyncram:mem_rtl_0|altsyncram_rtr1:auto_generated|ram_block1a7~porta_we_reg       ; 0.044             ;
; lane_reg[3]                     ; dg_tile_core:core|dg_tile_ram:banks[6].weight_bank|altsyncram:mem_rtl_0|altsyncram_rtr1:auto_generated|ram_block1a7~porta_we_reg       ; 0.044             ;
; lane_reg[4]                     ; dg_tile_core:core|dg_tile_ram:banks[6].weight_bank|altsyncram:mem_rtl_0|altsyncram_rtr1:auto_generated|ram_block1a7~porta_we_reg       ; 0.044             ;
; lane_reg[5]                     ; dg_tile_core:core|dg_tile_ram:banks[6].weight_bank|altsyncram:mem_rtl_0|altsyncram_rtr1:auto_generated|ram_block1a7~porta_we_reg       ; 0.044             ;
; lane_reg[7]                     ; dg_tile_core:core|dg_tile_ram:banks[6].weight_bank|altsyncram:mem_rtl_0|altsyncram_rtr1:auto_generated|ram_block1a7~porta_we_reg       ; 0.044             ;
; lane_reg[9]                     ; dg_tile_core:core|dg_tile_ram:banks[6].weight_bank|altsyncram:mem_rtl_0|altsyncram_rtr1:auto_generated|ram_block1a7~porta_we_reg       ; 0.044             ;
; lane_reg[11]                    ; dg_tile_core:core|dg_tile_ram:banks[6].weight_bank|altsyncram:mem_rtl_0|altsyncram_rtr1:auto_generated|ram_block1a7~porta_we_reg       ; 0.044             ;
; lane_reg[6]                     ; dg_tile_core:core|dg_tile_ram:banks[6].weight_bank|altsyncram:mem_rtl_0|altsyncram_rtr1:auto_generated|ram_block1a7~porta_we_reg       ; 0.044             ;
; lane_reg[8]                     ; dg_tile_core:core|dg_tile_ram:banks[6].weight_bank|altsyncram:mem_rtl_0|altsyncram_rtr1:auto_generated|ram_block1a7~porta_we_reg       ; 0.044             ;
; lane_reg[10]                    ; dg_tile_core:core|dg_tile_ram:banks[6].weight_bank|altsyncram:mem_rtl_0|altsyncram_rtr1:auto_generated|ram_block1a7~porta_we_reg       ; 0.044             ;
; lane_reg[12]                    ; dg_tile_core:core|dg_tile_ram:banks[6].weight_bank|altsyncram:mem_rtl_0|altsyncram_rtr1:auto_generated|ram_block1a7~porta_we_reg       ; 0.044             ;
; lane_reg[13]                    ; dg_tile_core:core|dg_tile_ram:banks[6].weight_bank|altsyncram:mem_rtl_0|altsyncram_rtr1:auto_generated|ram_block1a7~porta_we_reg       ; 0.044             ;
; lane_reg[14]                    ; dg_tile_core:core|dg_tile_ram:banks[6].weight_bank|altsyncram:mem_rtl_0|altsyncram_rtr1:auto_generated|ram_block1a7~porta_we_reg       ; 0.044             ;
; address[2]                      ; dg_tile_core:core|dg_tile_ram:banks[6].weight_bank|altsyncram:mem_rtl_0|altsyncram_rtr1:auto_generated|ram_block1a7~porta_we_reg       ; 0.044             ;
; address[3]                      ; dg_tile_core:core|dg_tile_ram:banks[6].weight_bank|altsyncram:mem_rtl_0|altsyncram_rtr1:auto_generated|ram_block1a7~porta_we_reg       ; 0.044             ;
; address[4]                      ; dg_tile_core:core|dg_tile_ram:banks[6].weight_bank|altsyncram:mem_rtl_0|altsyncram_rtr1:auto_generated|ram_block1a7~porta_we_reg       ; 0.044             ;
; write                           ; dg_tile_core:core|dg_tile_ram:banks[6].weight_bank|altsyncram:mem_rtl_0|altsyncram_rtr1:auto_generated|ram_block1a7~porta_we_reg       ; 0.044             ;
; byteenable[0]                   ; dg_tile_core:core|dg_tile_ram:banks[6].weight_bank|altsyncram:mem_rtl_0|altsyncram_rtr1:auto_generated|ram_block1a7~porta_we_reg       ; 0.044             ;
; byteenable[1]                   ; dg_tile_core:core|dg_tile_ram:banks[6].weight_bank|altsyncram:mem_rtl_0|altsyncram_rtr1:auto_generated|ram_block1a7~porta_we_reg       ; 0.044             ;
; byteenable[2]                   ; dg_tile_core:core|dg_tile_ram:banks[6].weight_bank|altsyncram:mem_rtl_0|altsyncram_rtr1:auto_generated|ram_block1a7~porta_we_reg       ; 0.044             ;
; byteenable[3]                   ; dg_tile_core:core|dg_tile_ram:banks[6].weight_bank|altsyncram:mem_rtl_0|altsyncram_rtr1:auto_generated|ram_block1a7~porta_we_reg       ; 0.044             ;
; address[5]                      ; dg_tile_core:core|dg_tile_ram:banks[6].weight_bank|altsyncram:mem_rtl_0|altsyncram_rtr1:auto_generated|ram_block1a7~porta_we_reg       ; 0.044             ;
; address[6]                      ; dg_tile_core:core|dg_tile_ram:banks[6].weight_bank|altsyncram:mem_rtl_0|altsyncram_rtr1:auto_generated|ram_block1a7~porta_we_reg       ; 0.044             ;
; address[7]                      ; dg_tile_core:core|dg_tile_ram:banks[6].weight_bank|altsyncram:mem_rtl_0|altsyncram_rtr1:auto_generated|ram_block1a7~porta_we_reg       ; 0.044             ;
; address[0]                      ; dg_tile_core:core|dg_tile_ram:banks[6].weight_bank|altsyncram:mem_rtl_0|altsyncram_rtr1:auto_generated|ram_block1a7~porta_we_reg       ; 0.044             ;
; address[1]                      ; dg_tile_core:core|dg_tile_ram:banks[6].weight_bank|altsyncram:mem_rtl_0|altsyncram_rtr1:auto_generated|ram_block1a7~porta_we_reg       ; 0.044             ;
; cycles[27]                      ; cycles[31]                                                                                                                             ; 0.034             ;
; cycles[19]                      ; cycles[31]                                                                                                                             ; 0.032             ;
; cycles[7]                       ; cycles[31]                                                                                                                             ; 0.032             ;
; dg_tile_core:core|lane[7]       ; dg_tile_core:core|lane[13]                                                                                                             ; 0.031             ;
+---------------------------------+----------------------------------------------------------------------------------------------------------------------------------------+-------------------+
Note: This table only shows the top 88 path(s) that have the largest delay added for hold.


+-----------------+
; Fitter Messages ;
+-----------------+
Warning (18236): Number of processors has not been specified which may cause overloading on shared machines.  Set the global assignment NUM_PARALLEL_PROCESSORS in your QSF to an appropriate value for best performance.
Info (20030): Parallel compilation is enabled and will use 12 of the 12 processors detected
Info (119006): Selected device 5CSEBA6U23I7 for design "dg_csr_top"
Info (21077): Low junction temperature is -40 degrees C
Info (21077): High junction temperature is 100 degrees C
Info (171003): Fitter is performing an Auto Fit compilation, which may decrease Fitter effort to reduce compilation time
Warning (292013): Feature LogicLock is only available with a valid subscription license. You can purchase a software subscription to gain full access to this feature.
Warning (15714): Some pins have incomplete I/O assignments. Refer to the I/O Assignment Warnings report for details
Info (176045): Design uses memory blocks. Violating setup or hold times of memory block address registers for either read or write operations could cause memory contents to be corrupted. Make sure that all memory block address registers meet the setup and hold time requirements.
Critical Warning (169085): No exact pin location assignment(s) for 82 pins of 82 total pins. For the list of pins please refer to the I/O Assignment Warnings table in the fitter report.
Info (184020): Starting Fitter periphery placement operations
Info (11191): Automatically promoted 1 clock (1 global)
    Info (11162): clk~inputCLKENA0 with 1029 fanout uses global clock CLKCTRL_G14
        Info (12525): This signal is driven by core routing -- it may be moved during placement to reduce routing delays
Warning (16406): 1 global input pin(s) will use non-dedicated clock routing
    Warning (16469): Source REFCLK I/O cannot be routed using dedicated clock routing for global clock driver clk~inputCLKENA0, placed at CLKCTRL_G14
        Info (179012): Refclk input I/O pad clk is placed onto PIN_Y24
Info (184021): Fitter periphery placement operations ending: elapsed time is 00:00:00
Info (176233): Starting register packing
Info (332104): Reading SDC File: 'dualguard.sdc'
Info (332143): No user constrained clock uncertainty found in the design. Calling "derive_clock_uncertainty"
Info (332123): Deriving Clock Uncertainty. Please refer to report_sdc in the Timing Analyzer to see clock uncertainties.
Info (332129): Detected timing requirements -- optimizing circuit to achieve only the specified requirements
Info (332111): Found 1 clocks
    Info (332111):   Period   Clock Name
    Info (332111): ======== ============
    Info (332111):   10.000          clk
Info (176235): Finished register packing
    Extra Info (176219): No registers were packed into other blocks
Info (11798): Fitter preparation operations ending: elapsed time is 00:00:10
Info (170189): Fitter placement preparation operations beginning
Info (14951): The Fitter is using Advanced Physical Optimization.
Info (170190): Fitter placement preparation operations ending: elapsed time is 00:02:02
Info (170191): Fitter placement operations beginning
Info (170137): Fitter placement was successful
Info (170192): Fitter placement operations ending: elapsed time is 00:00:07
Info (170193): Fitter routing operations beginning
Info (170195): Router estimated average interconnect usage is 1% of the available device resources
    Info (170196): Router estimated peak interconnect usage is 19% of the available device resources in the region that extends from location X22_Y0 to location X32_Y10
Info (170199): The Fitter performed an Auto Fit compilation.  Optimizations were skipped to reduce compilation time.
    Info (170201): Optimizations that may affect the design's routability were skipped
    Info (170200): Optimizations that may affect the design's timing were skipped
Info (170194): Fitter routing operations ending: elapsed time is 00:00:04
Info (11888): Total time spent on timing analysis during the Fitter is 3.40 seconds.
Info (334003): Started post-fitting delay annotation
Info (334004): Delay annotation completed successfully
Info (334003): Started post-fitting delay annotation
Info (334004): Delay annotation completed successfully
Info (11801): Fitter post-fit operations ending: elapsed time is 00:00:07
Warning (171167): Found invalid Fitter assignments. See the Ignored Assignments panel in the Fitter Compilation Report for more information.
Info (144001): Generated suppressed messages file D:/LOMBA/HACKATOWN-PERURI/DualGuard/quartus/dualguard_8/output_files/dg_csr_top.fit.smsg
Info: Quartus Prime Fitter was successful. 0 errors, 7 warnings
    Info: Peak virtual memory: 7472 megabytes
    Info: Processing ended: Thu Oct  8 00:19:10 2026
    Info: Elapsed time: 00:04:28
    Info: Total CPU time (on all processors): 00:21:05


+----------------------------+
; Fitter Suppressed Messages ;
+----------------------------+
The suppressed messages can be found in D:/LOMBA/HACKATOWN-PERURI/DualGuard/quartus/dualguard_8/output_files/dg_csr_top.fit.smsg.


