Fitter report for dualguard_128
Thu Oct  8 13:12:23 2026
Quartus Prime Version 25.1std.0 Build 1129 10/21/2025 SC Lite Edition


---------------------
; Table of Contents ;
---------------------
  1. Legal Notice
  2. Fitter Summary
  3. Fitter Settings
  4. Parallel Compilation
  5. Fitter Netlist Optimizations
  6. Ignored Assignments
  7. Incremental Compilation Preservation Summary
  8. Incremental Compilation Partition Settings
  9. Incremental Compilation Placement Preservation
 10. Fitter Resource Usage Summary
 11. Input Pins
 12. Output Pins
 13. I/O Bank Usage
 14. All Package Pins
 15. I/O Assignment Warnings
 16. Fitter Resource Utilization by Entity
 17. Delay Chain Summary
 18. Pad To Core Delay Chain Fanout
 19. Control Signals
 20. Global & Other Fast Signals
 21. Non-Global High Fan-Out Signals
 22. Fitter RAM Summary
 23. Fitter DSP Block Usage Summary
 24. DSP Block Details
 25. I/O Rules Summary
 26. I/O Rules Details
 27. I/O Rules Matrix
 28. Fitter Device Options
 29. Operating Settings and Conditions
 30. Fitter Messages
 31. Fitter Suppressed Messages



----------------
; Legal Notice ;
----------------
Copyright (C) 2025  Altera Corporation. All rights reserved.
Your use of Altera Corporation's design tools, logic functions 
and other software and tools, and any partner logic 
functions, and any output files from any of the foregoing 
(including device programming or simulation files), and any 
associated documentation or information are expressly subject 
to the terms and conditions of the Altera Program License 
Subscription Agreement, the Altera Quartus Prime License Agreement,
the Altera IP License Agreement, or other applicable license
agreement, including, without limitation, that your use is for
the sole purpose of programming logic devices manufactured by
Altera and sold by Altera or its authorized distributors.  Please
refer to the Altera Software License Subscription Agreements 
on the Quartus Prime software download page.



+-----------------------------------------------------------------------------------+
; Fitter Summary                                                                    ;
+---------------------------------+-------------------------------------------------+
; Fitter Status                   ; Failed - Thu Oct  8 13:12:23 2026               ;
; Quartus Prime Version           ; 25.1std.0 Build 1129 10/21/2025 SC Lite Edition ;
; Revision Name                   ; dualguard_128                                   ;
; Top-level Entity Name           ; dg_top_128                                      ;
; Family                          ; Cyclone V                                       ;
; Device                          ; 5CSEBA6U23I7                                    ;
; Timing Models                   ; Final                                           ;
; Logic utilization (in ALMs)     ; 8,795 / 41,910 ( 21 % )                         ;
; Total registers                 ; 13197                                           ;
; Total pins                      ; 82 / 314 ( 26 % )                               ;
; Total virtual pins              ; 0                                               ;
; Total block memory bits         ; 264,192 / 5,662,720 ( 5 % )                     ;
; Total RAM Blocks                ; 0 / 553 ( 0 % )                                 ;
; Total DSP Blocks                ; 131 / 112 ( 117 % )                             ;
; Total HSSI RX PCSs              ; 0                                               ;
; Total HSSI PMA RX Deserializers ; 0                                               ;
; Total HSSI TX PCSs              ; 0                                               ;
; Total HSSI PMA TX Serializers   ; 0                                               ;
; Total PLLs                      ; 0 / 6 ( 0 % )                                   ;
; Total DLLs                      ; 0 / 4 ( 0 % )                                   ;
+---------------------------------+-------------------------------------------------+


+----------------------------------------------------------------------------------------------------------------------------------------------------+
; Fitter Settings                                                                                                                                    ;
+--------------------------------------------------------------------+---------------------------------------+---------------------------------------+
; Option                                                             ; Setting                               ; Default Value                         ;
+--------------------------------------------------------------------+---------------------------------------+---------------------------------------+
; Device                                                             ; 5CSEBA6U23I7                          ;                                       ;
; Minimum Core Junction Temperature                                  ; -40                                   ;                                       ;
; Maximum Core Junction Temperature                                  ; 100                                   ;                                       ;
; Device I/O Standard                                                ; 2.5 V                                 ;                                       ;
; Use smart compilation                                              ; Off                                   ; Off                                   ;
; Enable parallel Assembler and Timing Analyzer during compilation   ; On                                    ; On                                    ;
; Enable compact report table                                        ; Off                                   ; Off                                   ;
; Router Timing Optimization Level                                   ; Normal                                ; Normal                                ;
; Perform Clocking Topology Analysis During Routing                  ; Off                                   ; Off                                   ;
; Placement Effort Multiplier                                        ; 1.0                                   ; 1.0                                   ;
; Device initialization clock source                                 ; INIT_INTOSC                           ; INIT_INTOSC                           ;
; Optimize Hold Timing                                               ; All Paths                             ; All Paths                             ;
; Optimize Multi-Corner Timing                                       ; On                                    ; On                                    ;
; Auto RAM to MLAB Conversion                                        ; On                                    ; On                                    ;
; Equivalent RAM and MLAB Power Up                                   ; Auto                                  ; Auto                                  ;
; Equivalent RAM and MLAB Paused Read Capabilities                   ; Care                                  ; Care                                  ;
; Power Optimization During Fitting                                  ; Normal compilation                    ; Normal compilation                    ;
; SSN Optimization                                                   ; Off                                   ; Off                                   ;
; Optimize Timing                                                    ; Normal compilation                    ; Normal compilation                    ;
; Optimize Timing for ECOs                                           ; Off                                   ; Off                                   ;
; Regenerate Full Fit Report During ECO Compiles                     ; Off                                   ; Off                                   ;
; Optimize IOC Register Placement for Timing                         ; Normal                                ; Normal                                ;
; Final Placement Optimizations                                      ; Automatically                         ; Automatically                         ;
; Fitter Aggressive Routability Optimizations                        ; Automatically                         ; Automatically                         ;
; Fitter Initial Placement Seed                                      ; 1                                     ; 1                                     ;
; Periphery to Core Placement and Routing Optimization               ; Off                                   ; Off                                   ;
; Weak Pull-Up Resistor                                              ; Off                                   ; Off                                   ;
; Enable Bus-Hold Circuitry                                          ; Off                                   ; Off                                   ;
; Auto Packed Registers                                              ; Auto                                  ; Auto                                  ;
; Auto Delay Chains                                                  ; On                                    ; On                                    ;
; Auto Delay Chains for High Fanout Input Pins                       ; Off                                   ; Off                                   ;
; Treat Bidirectional Pin as Output Pin                              ; Off                                   ; Off                                   ;
; Perform Physical Synthesis for Combinational Logic for Fitting     ; Off                                   ; Off                                   ;
; Perform Physical Synthesis for Combinational Logic for Performance ; Off                                   ; Off                                   ;
; Perform Register Duplication for Performance                       ; Off                                   ; Off                                   ;
; Perform Register Retiming for Performance                          ; Off                                   ; Off                                   ;
; Perform Asynchronous Signal Pipelining                             ; Off                                   ; Off                                   ;
; Fitter Effort                                                      ; Auto Fit                              ; Auto Fit                              ;
; Physical Synthesis Effort Level                                    ; Normal                                ; Normal                                ;
; Logic Cell Insertion - Logic Duplication                           ; Auto                                  ; Auto                                  ;
; Auto Register Duplication                                          ; Auto                                  ; Auto                                  ;
; Auto Global Clock                                                  ; On                                    ; On                                    ;
; Auto Global Register Control Signals                               ; On                                    ; On                                    ;
; Reserve all unused pins                                            ; As input tri-stated with weak pull-up ; As input tri-stated with weak pull-up ;
; Synchronizer Identification                                        ; Auto                                  ; Auto                                  ;
; Enable Beneficial Skew Optimization                                ; On                                    ; On                                    ;
; Optimize Design for Metastability                                  ; On                                    ; On                                    ;
; Active Serial clock source                                         ; FREQ_100MHz                           ; FREQ_100MHz                           ;
; Force Fitter to Avoid Periphery Placement Warnings                 ; Off                                   ; Off                                   ;
; Clamping Diode                                                     ; Off                                   ; Off                                   ;
; Enable input tri-state on active configuration pins in user mode   ; Off                                   ; Off                                   ;
; Advanced Physical Optimization                                     ; On                                    ; On                                    ;
+--------------------------------------------------------------------+---------------------------------------+---------------------------------------+


+------------------------------------------+
; Parallel Compilation                     ;
+----------------------------+-------------+
; Processors                 ; Number      ;
+----------------------------+-------------+
; Number detected on machine ; 12          ;
; Maximum allowed            ; 12          ;
;                            ;             ;
; Average used               ; 1.03        ;
; Maximum used               ; 12          ;
;                            ;             ;
; Usage by Processor         ; % Time Used ;
;     Processor 1            ; 100.0%      ;
;     Processor 2            ;   0.4%      ;
;     Processor 3            ;   0.3%      ;
;     Processor 4            ;   0.3%      ;
;     Processor 5            ;   0.3%      ;
;     Processor 6            ;   0.3%      ;
;     Processor 7            ;   0.2%      ;
;     Processor 8            ;   0.2%      ;
;     Processors 9-12        ;   0.2%      ;
+----------------------------+-------------+


+----------------------------------------------------------------------------------------------------------------------------------------------------------------+
; Fitter Netlist Optimizations                                                                                                                                   ;
+------------------+---------+-----------+----------------------------+-----------+----------------+------------------+------------------+-----------------------+
; Node             ; Action  ; Operation ; Reason                     ; Node Port ; Node Port Name ; Destination Node ; Destination Port ; Destination Port Name ;
+------------------+---------+-----------+----------------------------+-----------+----------------+------------------+------------------+-----------------------+
; clk~inputCLKENA0 ; Created ; Placement ; Fitter Periphery Placement ;           ;                ;                  ;                  ;                       ;
+------------------+---------+-----------+----------------------------+-----------+----------------+------------------+------------------+-----------------------+


+----------------------------------------------------------------------------------------------------------------------------------------------------+
; Ignored Assignments                                                                                                                                ;
+-----------------------------------------+----------------+--------------+---------------------+-----------------------------------+----------------+
; Name                                    ; Ignored Entity ; Ignored From ; Ignored To          ; Ignored Value                     ; Ignored Source ;
+-----------------------------------------+----------------+--------------+---------------------+-----------------------------------+----------------+
; I/O Standard                            ; dg_top_128     ;              ; ADC_CONVST          ; 3.3-V LVTTL                       ; QSF Assignment ;
; I/O Standard                            ; dg_top_128     ;              ; ADC_SCLK            ; 3.3-V LVTTL                       ; QSF Assignment ;
; I/O Standard                            ; dg_top_128     ;              ; ADC_SDI             ; 3.3-V LVTTL                       ; QSF Assignment ;
; I/O Standard                            ; dg_top_128     ;              ; ADC_SDO             ; 3.3-V LVTTL                       ; QSF Assignment ;
; I/O Standard                            ; dg_top_128     ;              ; ARDUINO_IO[0]       ; 3.3-V LVTTL                       ; QSF Assignment ;
; I/O Standard                            ; dg_top_128     ;              ; ARDUINO_IO[10]      ; 3.3-V LVTTL                       ; QSF Assignment ;
; I/O Standard                            ; dg_top_128     ;              ; ARDUINO_IO[11]      ; 3.3-V LVTTL                       ; QSF Assignment ;
; I/O Standard                            ; dg_top_128     ;              ; ARDUINO_IO[12]      ; 3.3-V LVTTL                       ; QSF Assignment ;
; I/O Standard                            ; dg_top_128     ;              ; ARDUINO_IO[13]      ; 3.3-V LVTTL                       ; QSF Assignment ;
; I/O Standard                            ; dg_top_128     ;              ; ARDUINO_IO[14]      ; 3.3-V LVTTL                       ; QSF Assignment ;
; I/O Standard                            ; dg_top_128     ;              ; ARDUINO_IO[15]      ; 3.3-V LVTTL                       ; QSF Assignment ;
; I/O Standard                            ; dg_top_128     ;              ; ARDUINO_IO[1]       ; 3.3-V LVTTL                       ; QSF Assignment ;
; I/O Standard                            ; dg_top_128     ;              ; ARDUINO_IO[2]       ; 3.3-V LVTTL                       ; QSF Assignment ;
; I/O Standard                            ; dg_top_128     ;              ; ARDUINO_IO[3]       ; 3.3-V LVTTL                       ; QSF Assignment ;
; I/O Standard                            ; dg_top_128     ;              ; ARDUINO_IO[4]       ; 3.3-V LVTTL                       ; QSF Assignment ;
; I/O Standard                            ; dg_top_128     ;              ; ARDUINO_IO[5]       ; 3.3-V LVTTL                       ; QSF Assignment ;
; I/O Standard                            ; dg_top_128     ;              ; ARDUINO_IO[6]       ; 3.3-V LVTTL                       ; QSF Assignment ;
; I/O Standard                            ; dg_top_128     ;              ; ARDUINO_IO[7]       ; 3.3-V LVTTL                       ; QSF Assignment ;
; I/O Standard                            ; dg_top_128     ;              ; ARDUINO_IO[8]       ; 3.3-V LVTTL                       ; QSF Assignment ;
; I/O Standard                            ; dg_top_128     ;              ; ARDUINO_IO[9]       ; 3.3-V LVTTL                       ; QSF Assignment ;
; I/O Standard                            ; dg_top_128     ;              ; ARDUINO_RESET_N     ; 3.3-V LVTTL                       ; QSF Assignment ;
; I/O Standard                            ; dg_top_128     ;              ; CLOCK2_50           ; 3.3-V LVTTL                       ; QSF Assignment ;
; I/O Standard                            ; dg_top_128     ;              ; CLOCK3_50           ; 3.3-V LVTTL                       ; QSF Assignment ;
; I/O Standard                            ; dg_top_128     ;              ; CLOCK_50            ; 3.3-V LVTTL                       ; QSF Assignment ;
; I/O Standard                            ; dg_top_128     ;              ; GPIO_0[0]           ; 3.3-V LVTTL                       ; QSF Assignment ;
; I/O Standard                            ; dg_top_128     ;              ; GPIO_0[10]          ; 3.3-V LVTTL                       ; QSF Assignment ;
; I/O Standard                            ; dg_top_128     ;              ; GPIO_0[11]          ; 3.3-V LVTTL                       ; QSF Assignment ;
; I/O Standard                            ; dg_top_128     ;              ; GPIO_0[12]          ; 3.3-V LVTTL                       ; QSF Assignment ;
; I/O Standard                            ; dg_top_128     ;              ; GPIO_0[13]          ; 3.3-V LVTTL                       ; QSF Assignment ;
; I/O Standard                            ; dg_top_128     ;              ; GPIO_0[14]          ; 3.3-V LVTTL                       ; QSF Assignment ;
; I/O Standard                            ; dg_top_128     ;              ; GPIO_0[15]          ; 3.3-V LVTTL                       ; QSF Assignment ;
; I/O Standard                            ; dg_top_128     ;              ; GPIO_0[16]          ; 3.3-V LVTTL                       ; QSF Assignment ;
; I/O Standard                            ; dg_top_128     ;              ; GPIO_0[17]          ; 3.3-V LVTTL                       ; QSF Assignment ;
; I/O Standard                            ; dg_top_128     ;              ; GPIO_0[18]          ; 3.3-V LVTTL                       ; QSF Assignment ;
; I/O Standard                            ; dg_top_128     ;              ; GPIO_0[19]          ; 3.3-V LVTTL                       ; QSF Assignment ;
; I/O Standard                            ; dg_top_128     ;              ; GPIO_0[1]           ; 3.3-V LVTTL                       ; QSF Assignment ;
; I/O Standard                            ; dg_top_128     ;              ; GPIO_0[20]          ; 3.3-V LVTTL                       ; QSF Assignment ;
; I/O Standard                            ; dg_top_128     ;              ; GPIO_0[21]          ; 3.3-V LVTTL                       ; QSF Assignment ;
; I/O Standard                            ; dg_top_128     ;              ; GPIO_0[22]          ; 3.3-V LVTTL                       ; QSF Assignment ;
; I/O Standard                            ; dg_top_128     ;              ; GPIO_0[23]          ; 3.3-V LVTTL                       ; QSF Assignment ;
; I/O Standard                            ; dg_top_128     ;              ; GPIO_0[24]          ; 3.3-V LVTTL                       ; QSF Assignment ;
; I/O Standard                            ; dg_top_128     ;              ; GPIO_0[25]          ; 3.3-V LVTTL                       ; QSF Assignment ;
; I/O Standard                            ; dg_top_128     ;              ; GPIO_0[26]          ; 3.3-V LVTTL                       ; QSF Assignment ;
; I/O Standard                            ; dg_top_128     ;              ; GPIO_0[27]          ; 3.3-V LVTTL                       ; QSF Assignment ;
; I/O Standard                            ; dg_top_128     ;              ; GPIO_0[28]          ; 3.3-V LVTTL                       ; QSF Assignment ;
; I/O Standard                            ; dg_top_128     ;              ; GPIO_0[29]          ; 3.3-V LVTTL                       ; QSF Assignment ;
; I/O Standard                            ; dg_top_128     ;              ; GPIO_0[2]           ; 3.3-V LVTTL                       ; QSF Assignment ;
; I/O Standard                            ; dg_top_128     ;              ; GPIO_0[30]          ; 3.3-V LVTTL                       ; QSF Assignment ;
; I/O Standard                            ; dg_top_128     ;              ; GPIO_0[31]          ; 3.3-V LVTTL                       ; QSF Assignment ;
; I/O Standard                            ; dg_top_128     ;              ; GPIO_0[32]          ; 3.3-V LVTTL                       ; QSF Assignment ;
; I/O Standard                            ; dg_top_128     ;              ; GPIO_0[33]          ; 3.3-V LVTTL                       ; QSF Assignment ;
; I/O Standard                            ; dg_top_128     ;              ; GPIO_0[34]          ; 3.3-V LVTTL                       ; QSF Assignment ;
; I/O Standard                            ; dg_top_128     ;              ; GPIO_0[35]          ; 3.3-V LVTTL                       ; QSF Assignment ;
; I/O Standard                            ; dg_top_128     ;              ; GPIO_0[3]           ; 3.3-V LVTTL                       ; QSF Assignment ;
; I/O Standard                            ; dg_top_128     ;              ; GPIO_0[4]           ; 3.3-V LVTTL                       ; QSF Assignment ;
; I/O Standard                            ; dg_top_128     ;              ; GPIO_0[5]           ; 3.3-V LVTTL                       ; QSF Assignment ;
; I/O Standard                            ; dg_top_128     ;              ; GPIO_0[6]           ; 3.3-V LVTTL                       ; QSF Assignment ;
; I/O Standard                            ; dg_top_128     ;              ; GPIO_0[7]           ; 3.3-V LVTTL                       ; QSF Assignment ;
; I/O Standard                            ; dg_top_128     ;              ; GPIO_0[8]           ; 3.3-V LVTTL                       ; QSF Assignment ;
; I/O Standard                            ; dg_top_128     ;              ; GPIO_0[9]           ; 3.3-V LVTTL                       ; QSF Assignment ;
; I/O Standard                            ; dg_top_128     ;              ; GPIO_1[0]           ; 3.3-V LVTTL                       ; QSF Assignment ;
; I/O Standard                            ; dg_top_128     ;              ; GPIO_1[10]          ; 3.3-V LVTTL                       ; QSF Assignment ;
; I/O Standard                            ; dg_top_128     ;              ; GPIO_1[11]          ; 3.3-V LVTTL                       ; QSF Assignment ;
; I/O Standard                            ; dg_top_128     ;              ; GPIO_1[12]          ; 3.3-V LVTTL                       ; QSF Assignment ;
; I/O Standard                            ; dg_top_128     ;              ; GPIO_1[13]          ; 3.3-V LVTTL                       ; QSF Assignment ;
; I/O Standard                            ; dg_top_128     ;              ; GPIO_1[14]          ; 3.3-V LVTTL                       ; QSF Assignment ;
; I/O Standard                            ; dg_top_128     ;              ; GPIO_1[15]          ; 3.3-V LVTTL                       ; QSF Assignment ;
; I/O Standard                            ; dg_top_128     ;              ; GPIO_1[16]          ; 3.3-V LVTTL                       ; QSF Assignment ;
; I/O Standard                            ; dg_top_128     ;              ; GPIO_1[17]          ; 3.3-V LVTTL                       ; QSF Assignment ;
; I/O Standard                            ; dg_top_128     ;              ; GPIO_1[18]          ; 3.3-V LVTTL                       ; QSF Assignment ;
; I/O Standard                            ; dg_top_128     ;              ; GPIO_1[19]          ; 3.3-V LVTTL                       ; QSF Assignment ;
; I/O Standard                            ; dg_top_128     ;              ; GPIO_1[1]           ; 3.3-V LVTTL                       ; QSF Assignment ;
; I/O Standard                            ; dg_top_128     ;              ; GPIO_1[20]          ; 3.3-V LVTTL                       ; QSF Assignment ;
; I/O Standard                            ; dg_top_128     ;              ; GPIO_1[21]          ; 3.3-V LVTTL                       ; QSF Assignment ;
; I/O Standard                            ; dg_top_128     ;              ; GPIO_1[22]          ; 3.3-V LVTTL                       ; QSF Assignment ;
; I/O Standard                            ; dg_top_128     ;              ; GPIO_1[23]          ; 3.3-V LVTTL                       ; QSF Assignment ;
; I/O Standard                            ; dg_top_128     ;              ; GPIO_1[24]          ; 3.3-V LVTTL                       ; QSF Assignment ;
; I/O Standard                            ; dg_top_128     ;              ; GPIO_1[25]          ; 3.3-V LVTTL                       ; QSF Assignment ;
; I/O Standard                            ; dg_top_128     ;              ; GPIO_1[26]          ; 3.3-V LVTTL                       ; QSF Assignment ;
; I/O Standard                            ; dg_top_128     ;              ; GPIO_1[27]          ; 3.3-V LVTTL                       ; QSF Assignment ;
; I/O Standard                            ; dg_top_128     ;              ; GPIO_1[28]          ; 3.3-V LVTTL                       ; QSF Assignment ;
; I/O Standard                            ; dg_top_128     ;              ; GPIO_1[29]          ; 3.3-V LVTTL                       ; QSF Assignment ;
; I/O Standard                            ; dg_top_128     ;              ; GPIO_1[2]           ; 3.3-V LVTTL                       ; QSF Assignment ;
; I/O Standard                            ; dg_top_128     ;              ; GPIO_1[30]          ; 3.3-V LVTTL                       ; QSF Assignment ;
; I/O Standard                            ; dg_top_128     ;              ; GPIO_1[31]          ; 3.3-V LVTTL                       ; QSF Assignment ;
; I/O Standard                            ; dg_top_128     ;              ; GPIO_1[32]          ; 3.3-V LVTTL                       ; QSF Assignment ;
; I/O Standard                            ; dg_top_128     ;              ; GPIO_1[33]          ; 3.3-V LVTTL                       ; QSF Assignment ;
; I/O Standard                            ; dg_top_128     ;              ; GPIO_1[34]          ; 3.3-V LVTTL                       ; QSF Assignment ;
; I/O Standard                            ; dg_top_128     ;              ; GPIO_1[35]          ; 3.3-V LVTTL                       ; QSF Assignment ;
; I/O Standard                            ; dg_top_128     ;              ; GPIO_1[3]           ; 3.3-V LVTTL                       ; QSF Assignment ;
; I/O Standard                            ; dg_top_128     ;              ; GPIO_1[4]           ; 3.3-V LVTTL                       ; QSF Assignment ;
; I/O Standard                            ; dg_top_128     ;              ; GPIO_1[5]           ; 3.3-V LVTTL                       ; QSF Assignment ;
; I/O Standard                            ; dg_top_128     ;              ; GPIO_1[6]           ; 3.3-V LVTTL                       ; QSF Assignment ;
; I/O Standard                            ; dg_top_128     ;              ; GPIO_1[7]           ; 3.3-V LVTTL                       ; QSF Assignment ;
; I/O Standard                            ; dg_top_128     ;              ; GPIO_1[8]           ; 3.3-V LVTTL                       ; QSF Assignment ;
; I/O Standard                            ; dg_top_128     ;              ; GPIO_1[9]           ; 3.3-V LVTTL                       ; QSF Assignment ;
; I/O Standard                            ; dg_top_128     ;              ; HPS_CONV_USB_N      ; 3.3-V LVTTL                       ; QSF Assignment ;
; I/O Standard                            ; dg_top_128     ;              ; HPS_DDR3_ADDR[0]    ; SSTL-15 CLASS I                   ; QSF Assignment ;
; I/O Standard                            ; dg_top_128     ;              ; HPS_DDR3_ADDR[10]   ; SSTL-15 CLASS I                   ; QSF Assignment ;
; I/O Standard                            ; dg_top_128     ;              ; HPS_DDR3_ADDR[11]   ; SSTL-15 CLASS I                   ; QSF Assignment ;
; I/O Standard                            ; dg_top_128     ;              ; HPS_DDR3_ADDR[12]   ; SSTL-15 CLASS I                   ; QSF Assignment ;
; I/O Standard                            ; dg_top_128     ;              ; HPS_DDR3_ADDR[13]   ; SSTL-15 CLASS I                   ; QSF Assignment ;
; I/O Standard                            ; dg_top_128     ;              ; HPS_DDR3_ADDR[14]   ; SSTL-15 CLASS I                   ; QSF Assignment ;
; I/O Standard                            ; dg_top_128     ;              ; HPS_DDR3_ADDR[1]    ; SSTL-15 CLASS I                   ; QSF Assignment ;
; I/O Standard                            ; dg_top_128     ;              ; HPS_DDR3_ADDR[2]    ; SSTL-15 CLASS I                   ; QSF Assignment ;
; I/O Standard                            ; dg_top_128     ;              ; HPS_DDR3_ADDR[3]    ; SSTL-15 CLASS I                   ; QSF Assignment ;
; I/O Standard                            ; dg_top_128     ;              ; HPS_DDR3_ADDR[4]    ; SSTL-15 CLASS I                   ; QSF Assignment ;
; I/O Standard                            ; dg_top_128     ;              ; HPS_DDR3_ADDR[5]    ; SSTL-15 CLASS I                   ; QSF Assignment ;
; I/O Standard                            ; dg_top_128     ;              ; HPS_DDR3_ADDR[6]    ; SSTL-15 CLASS I                   ; QSF Assignment ;
; I/O Standard                            ; dg_top_128     ;              ; HPS_DDR3_ADDR[7]    ; SSTL-15 CLASS I                   ; QSF Assignment ;
; I/O Standard                            ; dg_top_128     ;              ; HPS_DDR3_ADDR[8]    ; SSTL-15 CLASS I                   ; QSF Assignment ;
; I/O Standard                            ; dg_top_128     ;              ; HPS_DDR3_ADDR[9]    ; SSTL-15 CLASS I                   ; QSF Assignment ;
; I/O Standard                            ; dg_top_128     ;              ; HPS_DDR3_BA[0]      ; SSTL-15 CLASS I                   ; QSF Assignment ;
; I/O Standard                            ; dg_top_128     ;              ; HPS_DDR3_BA[1]      ; SSTL-15 CLASS I                   ; QSF Assignment ;
; I/O Standard                            ; dg_top_128     ;              ; HPS_DDR3_BA[2]      ; SSTL-15 CLASS I                   ; QSF Assignment ;
; I/O Standard                            ; dg_top_128     ;              ; HPS_DDR3_CAS_N      ; SSTL-15 CLASS I                   ; QSF Assignment ;
; I/O Standard                            ; dg_top_128     ;              ; HPS_DDR3_CKE        ; SSTL-15 CLASS I                   ; QSF Assignment ;
; I/O Standard                            ; dg_top_128     ;              ; HPS_DDR3_CK_N       ; DIFFERENTIAL 1.5-V SSTL CLASS I   ; QSF Assignment ;
; I/O Standard                            ; dg_top_128     ;              ; HPS_DDR3_CK_P       ; DIFFERENTIAL 1.5-V SSTL CLASS I   ; QSF Assignment ;
; I/O Standard                            ; dg_top_128     ;              ; HPS_DDR3_CS_N       ; SSTL-15 CLASS I                   ; QSF Assignment ;
; I/O Standard                            ; dg_top_128     ;              ; HPS_DDR3_DM[0]      ; SSTL-15 CLASS I                   ; QSF Assignment ;
; I/O Standard                            ; dg_top_128     ;              ; HPS_DDR3_DM[1]      ; SSTL-15 CLASS I                   ; QSF Assignment ;
; I/O Standard                            ; dg_top_128     ;              ; HPS_DDR3_DM[2]      ; SSTL-15 CLASS I                   ; QSF Assignment ;
; I/O Standard                            ; dg_top_128     ;              ; HPS_DDR3_DM[3]      ; SSTL-15 CLASS I                   ; QSF Assignment ;
; I/O Standard                            ; dg_top_128     ;              ; HPS_DDR3_DQS_N[0]   ; DIFFERENTIAL 1.5-V SSTL CLASS I   ; QSF Assignment ;
; I/O Standard                            ; dg_top_128     ;              ; HPS_DDR3_DQS_N[1]   ; DIFFERENTIAL 1.5-V SSTL CLASS I   ; QSF Assignment ;
; I/O Standard                            ; dg_top_128     ;              ; HPS_DDR3_DQS_N[2]   ; DIFFERENTIAL 1.5-V SSTL CLASS I   ; QSF Assignment ;
; I/O Standard                            ; dg_top_128     ;              ; HPS_DDR3_DQS_N[3]   ; DIFFERENTIAL 1.5-V SSTL CLASS I   ; QSF Assignment ;
; I/O Standard                            ; dg_top_128     ;              ; HPS_DDR3_DQS_P[0]   ; DIFFERENTIAL 1.5-V SSTL CLASS I   ; QSF Assignment ;
; I/O Standard                            ; dg_top_128     ;              ; HPS_DDR3_DQS_P[1]   ; DIFFERENTIAL 1.5-V SSTL CLASS I   ; QSF Assignment ;
; I/O Standard                            ; dg_top_128     ;              ; HPS_DDR3_DQS_P[2]   ; DIFFERENTIAL 1.5-V SSTL CLASS I   ; QSF Assignment ;
; I/O Standard                            ; dg_top_128     ;              ; HPS_DDR3_DQS_P[3]   ; DIFFERENTIAL 1.5-V SSTL CLASS I   ; QSF Assignment ;
; I/O Standard                            ; dg_top_128     ;              ; HPS_DDR3_DQ[0]      ; SSTL-15 CLASS I                   ; QSF Assignment ;
; I/O Standard                            ; dg_top_128     ;              ; HPS_DDR3_DQ[10]     ; SSTL-15 CLASS I                   ; QSF Assignment ;
; I/O Standard                            ; dg_top_128     ;              ; HPS_DDR3_DQ[11]     ; SSTL-15 CLASS I                   ; QSF Assignment ;
; I/O Standard                            ; dg_top_128     ;              ; HPS_DDR3_DQ[12]     ; SSTL-15 CLASS I                   ; QSF Assignment ;
; I/O Standard                            ; dg_top_128     ;              ; HPS_DDR3_DQ[13]     ; SSTL-15 CLASS I                   ; QSF Assignment ;
; I/O Standard                            ; dg_top_128     ;              ; HPS_DDR3_DQ[14]     ; SSTL-15 CLASS I                   ; QSF Assignment ;
; I/O Standard                            ; dg_top_128     ;              ; HPS_DDR3_DQ[15]     ; SSTL-15 CLASS I                   ; QSF Assignment ;
; I/O Standard                            ; dg_top_128     ;              ; HPS_DDR3_DQ[16]     ; SSTL-15 CLASS I                   ; QSF Assignment ;
; I/O Standard                            ; dg_top_128     ;              ; HPS_DDR3_DQ[17]     ; SSTL-15 CLASS I                   ; QSF Assignment ;
; I/O Standard                            ; dg_top_128     ;              ; HPS_DDR3_DQ[18]     ; SSTL-15 CLASS I                   ; QSF Assignment ;
; I/O Standard                            ; dg_top_128     ;              ; HPS_DDR3_DQ[19]     ; SSTL-15 CLASS I                   ; QSF Assignment ;
; I/O Standard                            ; dg_top_128     ;              ; HPS_DDR3_DQ[1]      ; SSTL-15 CLASS I                   ; QSF Assignment ;
; I/O Standard                            ; dg_top_128     ;              ; HPS_DDR3_DQ[20]     ; SSTL-15 CLASS I                   ; QSF Assignment ;
; I/O Standard                            ; dg_top_128     ;              ; HPS_DDR3_DQ[21]     ; SSTL-15 CLASS I                   ; QSF Assignment ;
; I/O Standard                            ; dg_top_128     ;              ; HPS_DDR3_DQ[22]     ; SSTL-15 CLASS I                   ; QSF Assignment ;
; I/O Standard                            ; dg_top_128     ;              ; HPS_DDR3_DQ[23]     ; SSTL-15 CLASS I                   ; QSF Assignment ;
; I/O Standard                            ; dg_top_128     ;              ; HPS_DDR3_DQ[24]     ; SSTL-15 CLASS I                   ; QSF Assignment ;
; I/O Standard                            ; dg_top_128     ;              ; HPS_DDR3_DQ[25]     ; SSTL-15 CLASS I                   ; QSF Assignment ;
; I/O Standard                            ; dg_top_128     ;              ; HPS_DDR3_DQ[26]     ; SSTL-15 CLASS I                   ; QSF Assignment ;
; I/O Standard                            ; dg_top_128     ;              ; HPS_DDR3_DQ[27]     ; SSTL-15 CLASS I                   ; QSF Assignment ;
; I/O Standard                            ; dg_top_128     ;              ; HPS_DDR3_DQ[28]     ; SSTL-15 CLASS I                   ; QSF Assignment ;
; I/O Standard                            ; dg_top_128     ;              ; HPS_DDR3_DQ[29]     ; SSTL-15 CLASS I                   ; QSF Assignment ;
; I/O Standard                            ; dg_top_128     ;              ; HPS_DDR3_DQ[2]      ; SSTL-15 CLASS I                   ; QSF Assignment ;
; I/O Standard                            ; dg_top_128     ;              ; HPS_DDR3_DQ[30]     ; SSTL-15 CLASS I                   ; QSF Assignment ;
; I/O Standard                            ; dg_top_128     ;              ; HPS_DDR3_DQ[31]     ; SSTL-15 CLASS I                   ; QSF Assignment ;
; I/O Standard                            ; dg_top_128     ;              ; HPS_DDR3_DQ[3]      ; SSTL-15 CLASS I                   ; QSF Assignment ;
; I/O Standard                            ; dg_top_128     ;              ; HPS_DDR3_DQ[4]      ; SSTL-15 CLASS I                   ; QSF Assignment ;
; I/O Standard                            ; dg_top_128     ;              ; HPS_DDR3_DQ[5]      ; SSTL-15 CLASS I                   ; QSF Assignment ;
; I/O Standard                            ; dg_top_128     ;              ; HPS_DDR3_DQ[6]      ; SSTL-15 CLASS I                   ; QSF Assignment ;
; I/O Standard                            ; dg_top_128     ;              ; HPS_DDR3_DQ[7]      ; SSTL-15 CLASS I                   ; QSF Assignment ;
; I/O Standard                            ; dg_top_128     ;              ; HPS_DDR3_DQ[8]      ; SSTL-15 CLASS I                   ; QSF Assignment ;
; I/O Standard                            ; dg_top_128     ;              ; HPS_DDR3_DQ[9]      ; SSTL-15 CLASS I                   ; QSF Assignment ;
; I/O Standard                            ; dg_top_128     ;              ; HPS_DDR3_ODT        ; SSTL-15 CLASS I                   ; QSF Assignment ;
; I/O Standard                            ; dg_top_128     ;              ; HPS_DDR3_RAS_N      ; SSTL-15 CLASS I                   ; QSF Assignment ;
; I/O Standard                            ; dg_top_128     ;              ; HPS_DDR3_RESET_N    ; SSTL-15 CLASS I                   ; QSF Assignment ;
; I/O Standard                            ; dg_top_128     ;              ; HPS_DDR3_RZQ        ; SSTL-15 CLASS I                   ; QSF Assignment ;
; I/O Standard                            ; dg_top_128     ;              ; HPS_DDR3_WE_N       ; SSTL-15 CLASS I                   ; QSF Assignment ;
; I/O Standard                            ; dg_top_128     ;              ; HPS_ENET_GTX_CLK    ; 3.3-V LVTTL                       ; QSF Assignment ;
; I/O Standard                            ; dg_top_128     ;              ; HPS_ENET_INT_N      ; 3.3-V LVTTL                       ; QSF Assignment ;
; I/O Standard                            ; dg_top_128     ;              ; HPS_ENET_MDC        ; 3.3-V LVTTL                       ; QSF Assignment ;
; I/O Standard                            ; dg_top_128     ;              ; HPS_ENET_MDIO       ; 3.3-V LVTTL                       ; QSF Assignment ;
; I/O Standard                            ; dg_top_128     ;              ; HPS_ENET_RX_CLK     ; 3.3-V LVTTL                       ; QSF Assignment ;
; I/O Standard                            ; dg_top_128     ;              ; HPS_ENET_RX_DATA[0] ; 3.3-V LVTTL                       ; QSF Assignment ;
; I/O Standard                            ; dg_top_128     ;              ; HPS_ENET_RX_DATA[1] ; 3.3-V LVTTL                       ; QSF Assignment ;
; I/O Standard                            ; dg_top_128     ;              ; HPS_ENET_RX_DATA[2] ; 3.3-V LVTTL                       ; QSF Assignment ;
; I/O Standard                            ; dg_top_128     ;              ; HPS_ENET_RX_DATA[3] ; 3.3-V LVTTL                       ; QSF Assignment ;
; I/O Standard                            ; dg_top_128     ;              ; HPS_ENET_RX_DV      ; 3.3-V LVTTL                       ; QSF Assignment ;
; I/O Standard                            ; dg_top_128     ;              ; HPS_ENET_TX_DATA[0] ; 3.3-V LVTTL                       ; QSF Assignment ;
; I/O Standard                            ; dg_top_128     ;              ; HPS_ENET_TX_DATA[1] ; 3.3-V LVTTL                       ; QSF Assignment ;
; I/O Standard                            ; dg_top_128     ;              ; HPS_ENET_TX_DATA[2] ; 3.3-V LVTTL                       ; QSF Assignment ;
; I/O Standard                            ; dg_top_128     ;              ; HPS_ENET_TX_DATA[3] ; 3.3-V LVTTL                       ; QSF Assignment ;
; I/O Standard                            ; dg_top_128     ;              ; HPS_ENET_TX_EN      ; 3.3-V LVTTL                       ; QSF Assignment ;
; I/O Standard                            ; dg_top_128     ;              ; HPS_GSENSOR_INT     ; 3.3-V LVTTL                       ; QSF Assignment ;
; I/O Standard                            ; dg_top_128     ;              ; HPS_I2C0_SCLK       ; 3.3-V LVTTL                       ; QSF Assignment ;
; I/O Standard                            ; dg_top_128     ;              ; HPS_I2C0_SDAT       ; 3.3-V LVTTL                       ; QSF Assignment ;
; I/O Standard                            ; dg_top_128     ;              ; HPS_I2C1_SCLK       ; 3.3-V LVTTL                       ; QSF Assignment ;
; I/O Standard                            ; dg_top_128     ;              ; HPS_I2C1_SDAT       ; 3.3-V LVTTL                       ; QSF Assignment ;
; I/O Standard                            ; dg_top_128     ;              ; HPS_KEY             ; 3.3-V LVTTL                       ; QSF Assignment ;
; I/O Standard                            ; dg_top_128     ;              ; HPS_LED             ; 3.3-V LVTTL                       ; QSF Assignment ;
; I/O Standard                            ; dg_top_128     ;              ; HPS_LTC_GPIO        ; 3.3-V LVTTL                       ; QSF Assignment ;
; I/O Standard                            ; dg_top_128     ;              ; HPS_SD_CLK          ; 3.3-V LVTTL                       ; QSF Assignment ;
; I/O Standard                            ; dg_top_128     ;              ; HPS_SD_CMD          ; 3.3-V LVTTL                       ; QSF Assignment ;
; I/O Standard                            ; dg_top_128     ;              ; HPS_SD_DATA[0]      ; 3.3-V LVTTL                       ; QSF Assignment ;
; I/O Standard                            ; dg_top_128     ;              ; HPS_SD_DATA[1]      ; 3.3-V LVTTL                       ; QSF Assignment ;
; I/O Standard                            ; dg_top_128     ;              ; HPS_SD_DATA[2]      ; 3.3-V LVTTL                       ; QSF Assignment ;
; I/O Standard                            ; dg_top_128     ;              ; HPS_SD_DATA[3]      ; 3.3-V LVTTL                       ; QSF Assignment ;
; I/O Standard                            ; dg_top_128     ;              ; HPS_SPIM_CLK        ; 3.3-V LVTTL                       ; QSF Assignment ;
; I/O Standard                            ; dg_top_128     ;              ; HPS_SPIM_MISO       ; 3.3-V LVTTL                       ; QSF Assignment ;
; I/O Standard                            ; dg_top_128     ;              ; HPS_SPIM_MOSI       ; 3.3-V LVTTL                       ; QSF Assignment ;
; I/O Standard                            ; dg_top_128     ;              ; HPS_SPIM_SS         ; 3.3-V LVTTL                       ; QSF Assignment ;
; I/O Standard                            ; dg_top_128     ;              ; HPS_UART_RX         ; 3.3-V LVTTL                       ; QSF Assignment ;
; I/O Standard                            ; dg_top_128     ;              ; HPS_UART_TX         ; 3.3-V LVTTL                       ; QSF Assignment ;
; I/O Standard                            ; dg_top_128     ;              ; HPS_USB_CLKOUT      ; 3.3-V LVTTL                       ; QSF Assignment ;
; I/O Standard                            ; dg_top_128     ;              ; HPS_USB_DATA[0]     ; 3.3-V LVTTL                       ; QSF Assignment ;
; I/O Standard                            ; dg_top_128     ;              ; HPS_USB_DATA[1]     ; 3.3-V LVTTL                       ; QSF Assignment ;
; I/O Standard                            ; dg_top_128     ;              ; HPS_USB_DATA[2]     ; 3.3-V LVTTL                       ; QSF Assignment ;
; I/O Standard                            ; dg_top_128     ;              ; HPS_USB_DATA[3]     ; 3.3-V LVTTL                       ; QSF Assignment ;
; I/O Standard                            ; dg_top_128     ;              ; HPS_USB_DATA[4]     ; 3.3-V LVTTL                       ; QSF Assignment ;
; I/O Standard                            ; dg_top_128     ;              ; HPS_USB_DATA[5]     ; 3.3-V LVTTL                       ; QSF Assignment ;
; I/O Standard                            ; dg_top_128     ;              ; HPS_USB_DATA[6]     ; 3.3-V LVTTL                       ; QSF Assignment ;
; I/O Standard                            ; dg_top_128     ;              ; HPS_USB_DATA[7]     ; 3.3-V LVTTL                       ; QSF Assignment ;
; I/O Standard                            ; dg_top_128     ;              ; HPS_USB_DIR         ; 3.3-V LVTTL                       ; QSF Assignment ;
; I/O Standard                            ; dg_top_128     ;              ; HPS_USB_NXT         ; 3.3-V LVTTL                       ; QSF Assignment ;
; I/O Standard                            ; dg_top_128     ;              ; HPS_USB_STP         ; 3.3-V LVTTL                       ; QSF Assignment ;
; I/O Standard                            ; dg_top_128     ;              ; KEY[0]              ; 3.3-V LVTTL                       ; QSF Assignment ;
; I/O Standard                            ; dg_top_128     ;              ; KEY[1]              ; 3.3-V LVTTL                       ; QSF Assignment ;
; I/O Standard                            ; dg_top_128     ;              ; LED[0]              ; 3.3-V LVTTL                       ; QSF Assignment ;
; I/O Standard                            ; dg_top_128     ;              ; LED[1]              ; 3.3-V LVTTL                       ; QSF Assignment ;
; I/O Standard                            ; dg_top_128     ;              ; LED[2]              ; 3.3-V LVTTL                       ; QSF Assignment ;
; I/O Standard                            ; dg_top_128     ;              ; LED[3]              ; 3.3-V LVTTL                       ; QSF Assignment ;
; I/O Standard                            ; dg_top_128     ;              ; LED[4]              ; 3.3-V LVTTL                       ; QSF Assignment ;
; I/O Standard                            ; dg_top_128     ;              ; LED[5]              ; 3.3-V LVTTL                       ; QSF Assignment ;
; I/O Standard                            ; dg_top_128     ;              ; LED[6]              ; 3.3-V LVTTL                       ; QSF Assignment ;
; I/O Standard                            ; dg_top_128     ;              ; LED[7]              ; 3.3-V LVTTL                       ; QSF Assignment ;
; I/O Standard                            ; dg_top_128     ;              ; SW[0]               ; 3.3-V LVTTL                       ; QSF Assignment ;
; I/O Standard                            ; dg_top_128     ;              ; SW[1]               ; 3.3-V LVTTL                       ; QSF Assignment ;
; I/O Standard                            ; dg_top_128     ;              ; SW[2]               ; 3.3-V LVTTL                       ; QSF Assignment ;
; I/O Standard                            ; dg_top_128     ;              ; SW[3]               ; 3.3-V LVTTL                       ; QSF Assignment ;
; Current Strength                        ; dg_top_128     ;              ; HPS_DDR3_ADDR[0]    ; MAXIMUM CURRENT                   ; QSF Assignment ;
; Current Strength                        ; dg_top_128     ;              ; HPS_DDR3_ADDR[10]   ; MAXIMUM CURRENT                   ; QSF Assignment ;
; Current Strength                        ; dg_top_128     ;              ; HPS_DDR3_ADDR[11]   ; MAXIMUM CURRENT                   ; QSF Assignment ;
; Current Strength                        ; dg_top_128     ;              ; HPS_DDR3_ADDR[12]   ; MAXIMUM CURRENT                   ; QSF Assignment ;
; Current Strength                        ; dg_top_128     ;              ; HPS_DDR3_ADDR[13]   ; MAXIMUM CURRENT                   ; QSF Assignment ;
; Current Strength                        ; dg_top_128     ;              ; HPS_DDR3_ADDR[14]   ; MAXIMUM CURRENT                   ; QSF Assignment ;
; Current Strength                        ; dg_top_128     ;              ; HPS_DDR3_ADDR[1]    ; MAXIMUM CURRENT                   ; QSF Assignment ;
; Current Strength                        ; dg_top_128     ;              ; HPS_DDR3_ADDR[2]    ; MAXIMUM CURRENT                   ; QSF Assignment ;
; Current Strength                        ; dg_top_128     ;              ; HPS_DDR3_ADDR[3]    ; MAXIMUM CURRENT                   ; QSF Assignment ;
; Current Strength                        ; dg_top_128     ;              ; HPS_DDR3_ADDR[4]    ; MAXIMUM CURRENT                   ; QSF Assignment ;
; Current Strength                        ; dg_top_128     ;              ; HPS_DDR3_ADDR[5]    ; MAXIMUM CURRENT                   ; QSF Assignment ;
; Current Strength                        ; dg_top_128     ;              ; HPS_DDR3_ADDR[6]    ; MAXIMUM CURRENT                   ; QSF Assignment ;
; Current Strength                        ; dg_top_128     ;              ; HPS_DDR3_ADDR[7]    ; MAXIMUM CURRENT                   ; QSF Assignment ;
; Current Strength                        ; dg_top_128     ;              ; HPS_DDR3_ADDR[8]    ; MAXIMUM CURRENT                   ; QSF Assignment ;
; Current Strength                        ; dg_top_128     ;              ; HPS_DDR3_ADDR[9]    ; MAXIMUM CURRENT                   ; QSF Assignment ;
; Current Strength                        ; dg_top_128     ;              ; HPS_DDR3_BA[0]      ; MAXIMUM CURRENT                   ; QSF Assignment ;
; Current Strength                        ; dg_top_128     ;              ; HPS_DDR3_BA[1]      ; MAXIMUM CURRENT                   ; QSF Assignment ;
; Current Strength                        ; dg_top_128     ;              ; HPS_DDR3_BA[2]      ; MAXIMUM CURRENT                   ; QSF Assignment ;
; Current Strength                        ; dg_top_128     ;              ; HPS_DDR3_CAS_N      ; MAXIMUM CURRENT                   ; QSF Assignment ;
; Current Strength                        ; dg_top_128     ;              ; HPS_DDR3_CKE        ; MAXIMUM CURRENT                   ; QSF Assignment ;
; Current Strength                        ; dg_top_128     ;              ; HPS_DDR3_CS_N       ; MAXIMUM CURRENT                   ; QSF Assignment ;
; Current Strength                        ; dg_top_128     ;              ; HPS_DDR3_ODT        ; MAXIMUM CURRENT                   ; QSF Assignment ;
; Current Strength                        ; dg_top_128     ;              ; HPS_DDR3_RAS_N      ; MAXIMUM CURRENT                   ; QSF Assignment ;
; Current Strength                        ; dg_top_128     ;              ; HPS_DDR3_RESET_N    ; MAXIMUM CURRENT                   ; QSF Assignment ;
; Current Strength                        ; dg_top_128     ;              ; HPS_DDR3_WE_N       ; MAXIMUM CURRENT                   ; QSF Assignment ;
; Input Termination                       ; dg_top_128     ;              ; HPS_DDR3_DQS_N[0]   ; PARALLEL 50 OHM WITH CALIBRATION  ; QSF Assignment ;
; Input Termination                       ; dg_top_128     ;              ; HPS_DDR3_DQS_N[1]   ; PARALLEL 50 OHM WITH CALIBRATION  ; QSF Assignment ;
; Input Termination                       ; dg_top_128     ;              ; HPS_DDR3_DQS_N[2]   ; PARALLEL 50 OHM WITH CALIBRATION  ; QSF Assignment ;
; Input Termination                       ; dg_top_128     ;              ; HPS_DDR3_DQS_N[3]   ; PARALLEL 50 OHM WITH CALIBRATION  ; QSF Assignment ;
; Input Termination                       ; dg_top_128     ;              ; HPS_DDR3_DQS_P[0]   ; PARALLEL 50 OHM WITH CALIBRATION  ; QSF Assignment ;
; Input Termination                       ; dg_top_128     ;              ; HPS_DDR3_DQS_P[1]   ; PARALLEL 50 OHM WITH CALIBRATION  ; QSF Assignment ;
; Input Termination                       ; dg_top_128     ;              ; HPS_DDR3_DQS_P[2]   ; PARALLEL 50 OHM WITH CALIBRATION  ; QSF Assignment ;
; Input Termination                       ; dg_top_128     ;              ; HPS_DDR3_DQS_P[3]   ; PARALLEL 50 OHM WITH CALIBRATION  ; QSF Assignment ;
; Input Termination                       ; dg_top_128     ;              ; HPS_DDR3_DQ[0]      ; PARALLEL 50 OHM WITH CALIBRATION  ; QSF Assignment ;
; Input Termination                       ; dg_top_128     ;              ; HPS_DDR3_DQ[10]     ; PARALLEL 50 OHM WITH CALIBRATION  ; QSF Assignment ;
; Input Termination                       ; dg_top_128     ;              ; HPS_DDR3_DQ[11]     ; PARALLEL 50 OHM WITH CALIBRATION  ; QSF Assignment ;
; Input Termination                       ; dg_top_128     ;              ; HPS_DDR3_DQ[12]     ; PARALLEL 50 OHM WITH CALIBRATION  ; QSF Assignment ;
; Input Termination                       ; dg_top_128     ;              ; HPS_DDR3_DQ[13]     ; PARALLEL 50 OHM WITH CALIBRATION  ; QSF Assignment ;
; Input Termination                       ; dg_top_128     ;              ; HPS_DDR3_DQ[14]     ; PARALLEL 50 OHM WITH CALIBRATION  ; QSF Assignment ;
; Input Termination                       ; dg_top_128     ;              ; HPS_DDR3_DQ[15]     ; PARALLEL 50 OHM WITH CALIBRATION  ; QSF Assignment ;
; Input Termination                       ; dg_top_128     ;              ; HPS_DDR3_DQ[16]     ; PARALLEL 50 OHM WITH CALIBRATION  ; QSF Assignment ;
; Input Termination                       ; dg_top_128     ;              ; HPS_DDR3_DQ[17]     ; PARALLEL 50 OHM WITH CALIBRATION  ; QSF Assignment ;
; Input Termination                       ; dg_top_128     ;              ; HPS_DDR3_DQ[18]     ; PARALLEL 50 OHM WITH CALIBRATION  ; QSF Assignment ;
; Input Termination                       ; dg_top_128     ;              ; HPS_DDR3_DQ[19]     ; PARALLEL 50 OHM WITH CALIBRATION  ; QSF Assignment ;
; Input Termination                       ; dg_top_128     ;              ; HPS_DDR3_DQ[1]      ; PARALLEL 50 OHM WITH CALIBRATION  ; QSF Assignment ;
; Input Termination                       ; dg_top_128     ;              ; HPS_DDR3_DQ[20]     ; PARALLEL 50 OHM WITH CALIBRATION  ; QSF Assignment ;
; Input Termination                       ; dg_top_128     ;              ; HPS_DDR3_DQ[21]     ; PARALLEL 50 OHM WITH CALIBRATION  ; QSF Assignment ;
; Input Termination                       ; dg_top_128     ;              ; HPS_DDR3_DQ[22]     ; PARALLEL 50 OHM WITH CALIBRATION  ; QSF Assignment ;
; Input Termination                       ; dg_top_128     ;              ; HPS_DDR3_DQ[23]     ; PARALLEL 50 OHM WITH CALIBRATION  ; QSF Assignment ;
; Input Termination                       ; dg_top_128     ;              ; HPS_DDR3_DQ[24]     ; PARALLEL 50 OHM WITH CALIBRATION  ; QSF Assignment ;
; Input Termination                       ; dg_top_128     ;              ; HPS_DDR3_DQ[25]     ; PARALLEL 50 OHM WITH CALIBRATION  ; QSF Assignment ;
; Input Termination                       ; dg_top_128     ;              ; HPS_DDR3_DQ[26]     ; PARALLEL 50 OHM WITH CALIBRATION  ; QSF Assignment ;
; Input Termination                       ; dg_top_128     ;              ; HPS_DDR3_DQ[27]     ; PARALLEL 50 OHM WITH CALIBRATION  ; QSF Assignment ;
; Input Termination                       ; dg_top_128     ;              ; HPS_DDR3_DQ[28]     ; PARALLEL 50 OHM WITH CALIBRATION  ; QSF Assignment ;
; Input Termination                       ; dg_top_128     ;              ; HPS_DDR3_DQ[29]     ; PARALLEL 50 OHM WITH CALIBRATION  ; QSF Assignment ;
; Input Termination                       ; dg_top_128     ;              ; HPS_DDR3_DQ[2]      ; PARALLEL 50 OHM WITH CALIBRATION  ; QSF Assignment ;
; Input Termination                       ; dg_top_128     ;              ; HPS_DDR3_DQ[30]     ; PARALLEL 50 OHM WITH CALIBRATION  ; QSF Assignment ;
; Input Termination                       ; dg_top_128     ;              ; HPS_DDR3_DQ[31]     ; PARALLEL 50 OHM WITH CALIBRATION  ; QSF Assignment ;
; Input Termination                       ; dg_top_128     ;              ; HPS_DDR3_DQ[3]      ; PARALLEL 50 OHM WITH CALIBRATION  ; QSF Assignment ;
; Input Termination                       ; dg_top_128     ;              ; HPS_DDR3_DQ[4]      ; PARALLEL 50 OHM WITH CALIBRATION  ; QSF Assignment ;
; Input Termination                       ; dg_top_128     ;              ; HPS_DDR3_DQ[5]      ; PARALLEL 50 OHM WITH CALIBRATION  ; QSF Assignment ;
; Input Termination                       ; dg_top_128     ;              ; HPS_DDR3_DQ[6]      ; PARALLEL 50 OHM WITH CALIBRATION  ; QSF Assignment ;
; Input Termination                       ; dg_top_128     ;              ; HPS_DDR3_DQ[7]      ; PARALLEL 50 OHM WITH CALIBRATION  ; QSF Assignment ;
; Input Termination                       ; dg_top_128     ;              ; HPS_DDR3_DQ[8]      ; PARALLEL 50 OHM WITH CALIBRATION  ; QSF Assignment ;
; Input Termination                       ; dg_top_128     ;              ; HPS_DDR3_DQ[9]      ; PARALLEL 50 OHM WITH CALIBRATION  ; QSF Assignment ;
; Output Termination                      ; dg_top_128     ;              ; HPS_DDR3_CK_N       ; SERIES 50 OHM WITHOUT CALIBRATION ; QSF Assignment ;
; Output Termination                      ; dg_top_128     ;              ; HPS_DDR3_CK_P       ; SERIES 50 OHM WITHOUT CALIBRATION ; QSF Assignment ;
; Output Termination                      ; dg_top_128     ;              ; HPS_DDR3_DM[0]      ; SERIES 50 OHM WITH CALIBRATION    ; QSF Assignment ;
; Output Termination                      ; dg_top_128     ;              ; HPS_DDR3_DM[1]      ; SERIES 50 OHM WITH CALIBRATION    ; QSF Assignment ;
; Output Termination                      ; dg_top_128     ;              ; HPS_DDR3_DM[2]      ; SERIES 50 OHM WITH CALIBRATION    ; QSF Assignment ;
; Output Termination                      ; dg_top_128     ;              ; HPS_DDR3_DM[3]      ; SERIES 50 OHM WITH CALIBRATION    ; QSF Assignment ;
; Output Termination                      ; dg_top_128     ;              ; HPS_DDR3_DQS_N[0]   ; SERIES 50 OHM WITH CALIBRATION    ; QSF Assignment ;
; Output Termination                      ; dg_top_128     ;              ; HPS_DDR3_DQS_N[1]   ; SERIES 50 OHM WITH CALIBRATION    ; QSF Assignment ;
; Output Termination                      ; dg_top_128     ;              ; HPS_DDR3_DQS_N[2]   ; SERIES 50 OHM WITH CALIBRATION    ; QSF Assignment ;
; Output Termination                      ; dg_top_128     ;              ; HPS_DDR3_DQS_N[3]   ; SERIES 50 OHM WITH CALIBRATION    ; QSF Assignment ;
; Output Termination                      ; dg_top_128     ;              ; HPS_DDR3_DQS_P[0]   ; SERIES 50 OHM WITH CALIBRATION    ; QSF Assignment ;
; Output Termination                      ; dg_top_128     ;              ; HPS_DDR3_DQS_P[1]   ; SERIES 50 OHM WITH CALIBRATION    ; QSF Assignment ;
; Output Termination                      ; dg_top_128     ;              ; HPS_DDR3_DQS_P[2]   ; SERIES 50 OHM WITH CALIBRATION    ; QSF Assignment ;
; Output Termination                      ; dg_top_128     ;              ; HPS_DDR3_DQS_P[3]   ; SERIES 50 OHM WITH CALIBRATION    ; QSF Assignment ;
; Output Termination                      ; dg_top_128     ;              ; HPS_DDR3_DQ[0]      ; SERIES 50 OHM WITH CALIBRATION    ; QSF Assignment ;
; Output Termination                      ; dg_top_128     ;              ; HPS_DDR3_DQ[10]     ; SERIES 50 OHM WITH CALIBRATION    ; QSF Assignment ;
; Output Termination                      ; dg_top_128     ;              ; HPS_DDR3_DQ[11]     ; SERIES 50 OHM WITH CALIBRATION    ; QSF Assignment ;
; Output Termination                      ; dg_top_128     ;              ; HPS_DDR3_DQ[12]     ; SERIES 50 OHM WITH CALIBRATION    ; QSF Assignment ;
; Output Termination                      ; dg_top_128     ;              ; HPS_DDR3_DQ[13]     ; SERIES 50 OHM WITH CALIBRATION    ; QSF Assignment ;
; Output Termination                      ; dg_top_128     ;              ; HPS_DDR3_DQ[14]     ; SERIES 50 OHM WITH CALIBRATION    ; QSF Assignment ;
; Output Termination                      ; dg_top_128     ;              ; HPS_DDR3_DQ[15]     ; SERIES 50 OHM WITH CALIBRATION    ; QSF Assignment ;
; Output Termination                      ; dg_top_128     ;              ; HPS_DDR3_DQ[16]     ; SERIES 50 OHM WITH CALIBRATION    ; QSF Assignment ;
; Output Termination                      ; dg_top_128     ;              ; HPS_DDR3_DQ[17]     ; SERIES 50 OHM WITH CALIBRATION    ; QSF Assignment ;
; Output Termination                      ; dg_top_128     ;              ; HPS_DDR3_DQ[18]     ; SERIES 50 OHM WITH CALIBRATION    ; QSF Assignment ;
; Output Termination                      ; dg_top_128     ;              ; HPS_DDR3_DQ[19]     ; SERIES 50 OHM WITH CALIBRATION    ; QSF Assignment ;
; Output Termination                      ; dg_top_128     ;              ; HPS_DDR3_DQ[1]      ; SERIES 50 OHM WITH CALIBRATION    ; QSF Assignment ;
; Output Termination                      ; dg_top_128     ;              ; HPS_DDR3_DQ[20]     ; SERIES 50 OHM WITH CALIBRATION    ; QSF Assignment ;
; Output Termination                      ; dg_top_128     ;              ; HPS_DDR3_DQ[21]     ; SERIES 50 OHM WITH CALIBRATION    ; QSF Assignment ;
; Output Termination                      ; dg_top_128     ;              ; HPS_DDR3_DQ[22]     ; SERIES 50 OHM WITH CALIBRATION    ; QSF Assignment ;
; Output Termination                      ; dg_top_128     ;              ; HPS_DDR3_DQ[23]     ; SERIES 50 OHM WITH CALIBRATION    ; QSF Assignment ;
; Output Termination                      ; dg_top_128     ;              ; HPS_DDR3_DQ[24]     ; SERIES 50 OHM WITH CALIBRATION    ; QSF Assignment ;
; Output Termination                      ; dg_top_128     ;              ; HPS_DDR3_DQ[25]     ; SERIES 50 OHM WITH CALIBRATION    ; QSF Assignment ;
; Output Termination                      ; dg_top_128     ;              ; HPS_DDR3_DQ[26]     ; SERIES 50 OHM WITH CALIBRATION    ; QSF Assignment ;
; Output Termination                      ; dg_top_128     ;              ; HPS_DDR3_DQ[27]     ; SERIES 50 OHM WITH CALIBRATION    ; QSF Assignment ;
; Output Termination                      ; dg_top_128     ;              ; HPS_DDR3_DQ[28]     ; SERIES 50 OHM WITH CALIBRATION    ; QSF Assignment ;
; Output Termination                      ; dg_top_128     ;              ; HPS_DDR3_DQ[29]     ; SERIES 50 OHM WITH CALIBRATION    ; QSF Assignment ;
; Output Termination                      ; dg_top_128     ;              ; HPS_DDR3_DQ[2]      ; SERIES 50 OHM WITH CALIBRATION    ; QSF Assignment ;
; Output Termination                      ; dg_top_128     ;              ; HPS_DDR3_DQ[30]     ; SERIES 50 OHM WITH CALIBRATION    ; QSF Assignment ;
; Output Termination                      ; dg_top_128     ;              ; HPS_DDR3_DQ[31]     ; SERIES 50 OHM WITH CALIBRATION    ; QSF Assignment ;
; Output Termination                      ; dg_top_128     ;              ; HPS_DDR3_DQ[3]      ; SERIES 50 OHM WITH CALIBRATION    ; QSF Assignment ;
; Output Termination                      ; dg_top_128     ;              ; HPS_DDR3_DQ[4]      ; SERIES 50 OHM WITH CALIBRATION    ; QSF Assignment ;
; Output Termination                      ; dg_top_128     ;              ; HPS_DDR3_DQ[5]      ; SERIES 50 OHM WITH CALIBRATION    ; QSF Assignment ;
; Output Termination                      ; dg_top_128     ;              ; HPS_DDR3_DQ[6]      ; SERIES 50 OHM WITH CALIBRATION    ; QSF Assignment ;
; Output Termination                      ; dg_top_128     ;              ; HPS_DDR3_DQ[7]      ; SERIES 50 OHM WITH CALIBRATION    ; QSF Assignment ;
; Output Termination                      ; dg_top_128     ;              ; HPS_DDR3_DQ[8]      ; SERIES 50 OHM WITH CALIBRATION    ; QSF Assignment ;
; Output Termination                      ; dg_top_128     ;              ; HPS_DDR3_DQ[9]      ; SERIES 50 OHM WITH CALIBRATION    ; QSF Assignment ;
; D5 Delay (output register to io buffer) ; dg_top_128     ;              ; HPS_DDR3_CK_N       ; 2                                 ; QSF Assignment ;
; D5 Delay (output register to io buffer) ; dg_top_128     ;              ; HPS_DDR3_CK_P       ; 2                                 ; QSF Assignment ;
+-----------------------------------------+----------------+--------------+---------------------+-----------------------------------+----------------+


+----------------------------------------------------------------------------------------------------+
; Incremental Compilation Preservation Summary                                                       ;
+---------------------+----------------------+----------------------------+--------------------------+
; Type                ; Total [A + B]        ; From Design Partitions [A] ; From Rapid Recompile [B] ;
+---------------------+----------------------+----------------------------+--------------------------+
; Placement (by node) ;                      ;                            ;                          ;
;     -- Requested    ; 0.00 % ( 0 / 19120 ) ; 0.00 % ( 0 / 19120 )       ; 0.00 % ( 0 / 19120 )     ;
;     -- Achieved     ; 0.00 % ( 0 / 19120 ) ; 0.00 % ( 0 / 19120 )       ; 0.00 % ( 0 / 19120 )     ;
;                     ;                      ;                            ;                          ;
; Routing (by net)    ;                      ;                            ;                          ;
;     -- Requested    ; 0.00 % ( 0 / 0 )     ; 0.00 % ( 0 / 0 )           ; 0.00 % ( 0 / 0 )         ;
;     -- Achieved     ; 0.00 % ( 0 / 0 )     ; 0.00 % ( 0 / 0 )           ; 0.00 % ( 0 / 0 )         ;
+---------------------+----------------------+----------------------------+--------------------------+


+----------------------------------------------------------------------------------------------------------------------------------------------------------------------------------------+
; Incremental Compilation Partition Settings                                                                                                                                             ;
+--------------------------------+----------------+-------------------+-------------------------+------------------------+------------------------------+--------------------------------+
; Partition Name                 ; Partition Type ; Netlist Type Used ; Preservation Level Used ; Netlist Type Requested ; Preservation Level Requested ; Contents                       ;
+--------------------------------+----------------+-------------------+-------------------------+------------------------+------------------------------+--------------------------------+
; Top                            ; User-created   ; Source File       ; N/A                     ; Source File            ; N/A                          ;                                ;
; hard_block:auto_generated_inst ; Auto-generated ; Source File       ; N/A                     ; Source File            ; N/A                          ; hard_block:auto_generated_inst ;
+--------------------------------+----------------+-------------------+-------------------------+------------------------+------------------------------+--------------------------------+


+------------------------------------------------------------------------------------------------------------------------------------+
; Incremental Compilation Placement Preservation                                                                                     ;
+--------------------------------+-----------------------+-------------------------+-------------------+---------------------+-------+
; Partition Name                 ; Preservation Achieved ; Preservation Level Used ; Netlist Type Used ; Preservation Method ; Notes ;
+--------------------------------+-----------------------+-------------------------+-------------------+---------------------+-------+
; Top                            ; 0.00 % ( 0 / 19120 )  ; N/A                     ; Source File       ; N/A                 ;       ;
; hard_block:auto_generated_inst ; 0.00 % ( 0 / 0 )      ; N/A                     ; Source File       ; N/A                 ;       ;
+--------------------------------+-----------------------+-------------------------+-------------------+---------------------+-------+


+---------------------------------------------------------------------------------------------+
; Fitter Resource Usage Summary                                                               ;
+-------------------------------------------------------------+-----------------------+-------+
; Resource                                                    ; Usage                 ; %     ;
+-------------------------------------------------------------+-----------------------+-------+
; Logic utilization (ALMs needed / total ALMs on device)      ; 8,795 / 41,910        ; 21 %  ;
; ALMs needed [=A-B+C]                                        ; 8,795                 ;       ;
;     [A] ALMs used in final placement [=a+b+c+d]             ; 8,795 / 41,910        ; 21 %  ;
;         [a] ALMs used for LUT logic and registers           ; 102                   ;       ;
;         [b] ALMs used for LUT logic                         ; 2,196                 ;       ;
;         [c] ALMs used for registers                         ; 6,497                 ;       ;
;         [d] ALMs used for memory (up to half of total ALMs) ; 0                     ;       ;
;     [B] Estimate of ALMs recoverable by dense packing       ; 0 / 41,910            ; 0 %   ;
;     [C] Estimate of ALMs unavailable [=a+b+c+d]             ; 0 / 41,910            ; 0 %   ;
;         [a] Due to location constrained logic               ; 0                     ;       ;
;         [b] Due to LAB-wide signal conflicts                ; 0                     ;       ;
;         [c] Due to LAB input limits                         ; 0                     ;       ;
;         [d] Due to virtual I/Os                             ; 0                     ;       ;
;                                                             ;                       ;       ;
; Difficulty packing design                                   ; No fit                ;       ;
;                                                             ;                       ;       ;
; Total LABs:  partially or completely used                   ; 945 / 4,191           ; 23 %  ;
;     -- Logic LABs                                           ; 945                   ;       ;
;     -- Memory LABs (up to half of total LABs)               ; 0                     ;       ;
;                                                             ;                       ;       ;
; Combinational ALUT usage for logic                          ; 4,595                 ;       ;
;     -- 7 input functions                                    ; 7                     ;       ;
;     -- 6 input functions                                    ; 3,929                 ;       ;
;     -- 5 input functions                                    ; 141                   ;       ;
;     -- 4 input functions                                    ; 76                    ;       ;
;     -- <=3 input functions                                  ; 442                   ;       ;
; Combinational ALUT usage for route-throughs                 ; 0                     ;       ;
;                                                             ;                       ;       ;
; Dedicated logic registers                                   ; 13,197                ;       ;
;     -- By type:                                             ;                       ;       ;
;         -- Primary logic registers                          ; 13,197 / 83,820       ; 16 %  ;
;         -- Secondary logic registers                        ; 0 / 83,820            ; 0 %   ;
;     -- By function:                                         ;                       ;       ;
;         -- Design implementation registers                  ; 13,197                ;       ;
;         -- Routing optimization registers                   ; 0                     ;       ;
;                                                             ;                       ;       ;
; Virtual pins                                                ; 0                     ;       ;
; I/O pins                                                    ; 82 / 314              ; 26 %  ;
;     -- Clock pins                                           ; 4 / 8                 ; 50 %  ;
;     -- Dedicated input pins                                 ; 0 / 21                ; 0 %   ;
;                                                             ;                       ;       ;
; Hard processor system peripheral utilization                ;                       ;       ;
;     -- Boot from FPGA                                       ; 0 / 1 ( 0 % )         ;       ;
;     -- Clock resets                                         ; 0 / 1 ( 0 % )         ;       ;
;     -- Cross trigger                                        ; 0 / 1 ( 0 % )         ;       ;
;     -- S2F AXI                                              ; 0 / 1 ( 0 % )         ;       ;
;     -- F2S AXI                                              ; 0 / 1 ( 0 % )         ;       ;
;     -- AXI Lightweight                                      ; 0 / 1 ( 0 % )         ;       ;
;     -- SDRAM                                                ; 0 / 1 ( 0 % )         ;       ;
;     -- Interrupts                                           ; 0 / 1 ( 0 % )         ;       ;
;     -- JTAG                                                 ; 0 / 1 ( 0 % )         ;       ;
;     -- Loan I/O                                             ; 0 / 1 ( 0 % )         ;       ;
;     -- MPU event standby                                    ; 0 / 1 ( 0 % )         ;       ;
;     -- MPU general purpose                                  ; 0 / 1 ( 0 % )         ;       ;
;     -- STM event                                            ; 0 / 1 ( 0 % )         ;       ;
;     -- TPIU trace                                           ; 0 / 1 ( 0 % )         ;       ;
;     -- DMA                                                  ; 0 / 1 ( 0 % )         ;       ;
;     -- CAN                                                  ; 0 / 2 ( 0 % )         ;       ;
;     -- EMAC                                                 ; 0 / 2 ( 0 % )         ;       ;
;     -- I2C                                                  ; 0 / 4 ( 0 % )         ;       ;
;     -- NAND Flash                                           ; 0 / 1 ( 0 % )         ;       ;
;     -- QSPI                                                 ; 0 / 1 ( 0 % )         ;       ;
;     -- SDMMC                                                ; 0 / 1 ( 0 % )         ;       ;
;     -- SPI Master                                           ; 0 / 2 ( 0 % )         ;       ;
;     -- SPI Slave                                            ; 0 / 2 ( 0 % )         ;       ;
;     -- UART                                                 ; 0 / 2 ( 0 % )         ;       ;
;     -- USB                                                  ; 0 / 2 ( 0 % )         ;       ;
;                                                             ;                       ;       ;
; M10K blocks                                                 ; 129 / 553             ; 23 %  ;
; Total MLAB memory bits                                      ; 0                     ;       ;
; Total block memory bits                                     ; 264,192 / 5,662,720   ; 5 %   ;
; Total block memory implementation bits                      ; 1,320,960 / 5,662,720 ; 23 %  ;
;                                                             ;                       ;       ;
; Total DSP Blocks                                            ; 131 / 112             ; 117 % ;
;                                                             ;                       ;       ;
; Fractional PLLs                                             ; 0 / 6                 ; 0 %   ;
; Global signals                                              ; 1                     ;       ;
;     -- Global clocks                                        ; 1 / 16                ; 6 %   ;
;     -- Quadrant clocks                                      ; 0 / 66                ; 0 %   ;
;     -- Horizontal periphery clocks                          ; 0 / 18                ; 0 %   ;
; SERDES Transmitters                                         ; 0 / 100               ; 0 %   ;
; SERDES Receivers                                            ; 0 / 100               ; 0 %   ;
; JTAGs                                                       ; 0 / 1                 ; 0 %   ;
; ASMI blocks                                                 ; 0 / 1                 ; 0 %   ;
; CRC blocks                                                  ; 0 / 1                 ; 0 %   ;
; Remote update blocks                                        ; 0 / 1                 ; 0 %   ;
; Oscillator blocks                                           ; 0 / 1                 ; 0 %   ;
; Impedance control blocks                                    ; 0 / 4                 ; 0 %   ;
; Hard Memory Controllers                                     ; 0 / 1                 ; 0 %   ;
; Maximum fan-out                                             ; 14229                 ;       ;
; Highest non-global fan-out                                  ; 13527                 ;       ;
; Total fan-out                                               ; 113690                ;       ;
; Average fan-out                                             ; 5.95                  ;       ;
+-------------------------------------------------------------+-----------------------+-------+


+----------------------------------------------------------------------------------------------------------------------------------------------------------------------------------------------------------------------------------------------------------------------------------------------+
; Input Pins                                                                                                                                                                                                                                                                                   ;
+---------------+-------+----------+--------------+--------------+--------------+-----------------------+--------------------+--------+----------------+-----------------+----------+--------------+--------------+-------------+---------------------------+----------------------+-----------+
; Name          ; Pin # ; I/O Bank ; X coordinate ; Y coordinate ; Z coordinate ; Combinational Fan-Out ; Registered Fan-Out ; Global ; Input Register ; PCI I/O Enabled ; Bus Hold ; Weak Pull Up ; I/O Standard ; Termination ; Termination Control Block ; Location assigned by ; Slew Rate ;
+---------------+-------+----------+--------------+--------------+--------------+-----------------------+--------------------+--------+----------------+-----------------+----------+--------------+--------------+-------------+---------------------------+----------------------+-----------+
; address[0]    ; AA23  ; 5A       ; 89           ; 9            ; 54           ; 6                     ; 0                  ; no     ; no             ; no              ; no       ; Off          ; 2.5 V        ; Off         ; --                        ; Fitter               ; no        ;
; address[1]    ; AA24  ; 5A       ; 89           ; 9            ; 37           ; 6                     ; 0                  ; no     ; no             ; no              ; no       ; Off          ; 2.5 V        ; Off         ; --                        ; Fitter               ; no        ;
; address[2]    ; AA26  ; 5B       ; 89           ; 23           ; 54           ; 69                    ; 0                  ; no     ; no             ; no              ; no       ; Off          ; 2.5 V        ; Off         ; --                        ; Fitter               ; no        ;
; address[3]    ; AB26  ; 5B       ; 89           ; 23           ; 37           ; 61                    ; 0                  ; no     ; no             ; no              ; no       ; Off          ; 2.5 V        ; Off         ; --                        ; Fitter               ; no        ;
; address[4]    ; AB25  ; 5B       ; 89           ; 25           ; 54           ; 28                    ; 0                  ; no     ; no             ; no              ; no       ; Off          ; 2.5 V        ; Off         ; --                        ; Fitter               ; no        ;
; address[5]    ; W21   ; 5B       ; 89           ; 23           ; 3            ; 30                    ; 0                  ; no     ; no             ; no              ; no       ; Off          ; 2.5 V        ; Off         ; --                        ; Fitter               ; no        ;
; address[6]    ; W24   ; 5B       ; 89           ; 25           ; 20           ; 11                    ; 0                  ; no     ; no             ; no              ; no       ; Off          ; 2.5 V        ; Off         ; --                        ; Fitter               ; no        ;
; address[7]    ; W20   ; 5B       ; 89           ; 23           ; 20           ; 6                     ; 0                  ; no     ; no             ; no              ; no       ; Off          ; 2.5 V        ; Off         ; --                        ; Fitter               ; no        ;
; byteenable[0] ; Y18   ; 5A       ; 89           ; 6            ; 20           ; 1                     ; 0                  ; no     ; no             ; no              ; no       ; Off          ; 2.5 V        ; Off         ; --                        ; Fitter               ; no        ;
; byteenable[1] ; V16   ; 5A       ; 89           ; 9            ; 3            ; 1                     ; 0                  ; no     ; no             ; no              ; no       ; Off          ; 2.5 V        ; Off         ; --                        ; Fitter               ; no        ;
; byteenable[2] ; AE25  ; 5A       ; 89           ; 6            ; 37           ; 1                     ; 0                  ; no     ; no             ; no              ; no       ; Off          ; 2.5 V        ; Off         ; --                        ; Fitter               ; no        ;
; byteenable[3] ; AF26  ; 5A       ; 89           ; 4            ; 77           ; 1                     ; 0                  ; no     ; no             ; no              ; no       ; Off          ; 2.5 V        ; Off         ; --                        ; Fitter               ; no        ;
; clk           ; Y24   ; 5B       ; 89           ; 25           ; 3            ; 14229                 ; 0                  ; yes    ; no             ; no              ; no       ; Off          ; 2.5 V        ; Off         ; --                        ; Fitter               ; no        ;
; read          ; AB23  ; 5A       ; 89           ; 8            ; 54           ; 3                     ; 0                  ; no     ; no             ; no              ; no       ; Off          ; 2.5 V        ; Off         ; --                        ; Fitter               ; no        ;
; rst_n         ; AC24  ; 5A       ; 89           ; 8            ; 37           ; 13527                 ; 0                  ; no     ; no             ; no              ; no       ; Off          ; 2.5 V        ; Off         ; --                        ; Fitter               ; no        ;
; write         ; AD26  ; 5A       ; 89           ; 6            ; 54           ; 17                    ; 0                  ; no     ; no             ; no              ; no       ; Off          ; 2.5 V        ; Off         ; --                        ; Fitter               ; no        ;
; writedata[0]  ; AE26  ; 5A       ; 89           ; 4            ; 94           ; 524                   ; 0                  ; no     ; no             ; no              ; no       ; Off          ; 2.5 V        ; Off         ; --                        ; Fitter               ; no        ;
; writedata[10] ; AC4   ; 3A       ; 6            ; 0            ; 34           ; 260                   ; 0                  ; no     ; no             ; no              ; no       ; Off          ; 2.5 V        ; Off         ; --                        ; Fitter               ; no        ;
; writedata[11] ; AD5   ; 3A       ; 8            ; 0            ; 34           ; 260                   ; 0                  ; no     ; no             ; no              ; no       ; Off          ; 2.5 V        ; Off         ; --                        ; Fitter               ; no        ;
; writedata[12] ; Y17   ; 5A       ; 89           ; 6            ; 3            ; 260                   ; 0                  ; no     ; no             ; no              ; no       ; Off          ; 2.5 V        ; Off         ; --                        ; Fitter               ; no        ;
; writedata[13] ; Y19   ; 5A       ; 89           ; 4            ; 60           ; 260                   ; 0                  ; no     ; no             ; no              ; no       ; Off          ; 2.5 V        ; Off         ; --                        ; Fitter               ; no        ;
; writedata[14] ; V15   ; 5A       ; 89           ; 9            ; 20           ; 260                   ; 0                  ; no     ; no             ; no              ; no       ; Off          ; 2.5 V        ; Off         ; --                        ; Fitter               ; no        ;
; writedata[15] ; AE6   ; 3A       ; 8            ; 0            ; 51           ; 260                   ; 0                  ; no     ; no             ; no              ; no       ; Off          ; 2.5 V        ; Off         ; --                        ; Fitter               ; no        ;
; writedata[16] ; V10   ; 3A       ; 6            ; 0            ; 17           ; 257                   ; 0                  ; no     ; no             ; no              ; no       ; Off          ; 2.5 V        ; Off         ; --                        ; Fitter               ; no        ;
; writedata[17] ; AD4   ; 3A       ; 6            ; 0            ; 51           ; 257                   ; 0                  ; no     ; no             ; no              ; no       ; Off          ; 2.5 V        ; Off         ; --                        ; Fitter               ; no        ;
; writedata[18] ; Y4    ; 3A       ; 2            ; 0            ; 91           ; 257                   ; 0                  ; no     ; no             ; no              ; no       ; Off          ; 2.5 V        ; Off         ; --                        ; Fitter               ; no        ;
; writedata[19] ; AB4   ; 3A       ; 4            ; 0            ; 51           ; 257                   ; 0                  ; no     ; no             ; no              ; no       ; Off          ; 2.5 V        ; Off         ; --                        ; Fitter               ; no        ;
; writedata[1]  ; Y16   ; 5A       ; 89           ; 8            ; 3            ; 521                   ; 0                  ; no     ; no             ; no              ; no       ; Off          ; 2.5 V        ; Off         ; --                        ; Fitter               ; no        ;
; writedata[20] ; Y5    ; 3A       ; 2            ; 0            ; 74           ; 257                   ; 0                  ; no     ; no             ; no              ; no       ; Off          ; 2.5 V        ; Off         ; --                        ; Fitter               ; no        ;
; writedata[21] ; AA11  ; 3A       ; 8            ; 0            ; 17           ; 257                   ; 0                  ; no     ; no             ; no              ; no       ; Off          ; 2.5 V        ; Off         ; --                        ; Fitter               ; no        ;
; writedata[22] ; Y8    ; 3A       ; 2            ; 0            ; 57           ; 257                   ; 0                  ; no     ; no             ; no              ; no       ; Off          ; 2.5 V        ; Off         ; --                        ; Fitter               ; no        ;
; writedata[23] ; U9    ; 3A       ; 4            ; 0            ; 0            ; 257                   ; 0                  ; no     ; no             ; no              ; no       ; Off          ; 2.5 V        ; Off         ; --                        ; Fitter               ; no        ;
; writedata[24] ; U10   ; 3A       ; 6            ; 0            ; 0            ; 257                   ; 0                  ; no     ; no             ; no              ; no       ; Off          ; 2.5 V        ; Off         ; --                        ; Fitter               ; no        ;
; writedata[25] ; Y11   ; 3A       ; 8            ; 0            ; 0            ; 257                   ; 0                  ; no     ; no             ; no              ; no       ; Off          ; 2.5 V        ; Off         ; --                        ; Fitter               ; no        ;
; writedata[26] ; W8    ; 3A       ; 2            ; 0            ; 40           ; 257                   ; 0                  ; no     ; no             ; no              ; no       ; Off          ; 2.5 V        ; Off         ; --                        ; Fitter               ; no        ;
; writedata[27] ; AE7   ; 3B       ; 28           ; 0            ; 34           ; 257                   ; 0                  ; no     ; no             ; no              ; no       ; Off          ; 2.5 V        ; Off         ; --                        ; Fitter               ; no        ;
; writedata[28] ; AG6   ; 3B       ; 34           ; 0            ; 91           ; 257                   ; 0                  ; no     ; no             ; no              ; no       ; Off          ; 2.5 V        ; Off         ; --                        ; Fitter               ; no        ;
; writedata[29] ; AH4   ; 3B       ; 38           ; 0            ; 51           ; 257                   ; 0                  ; no     ; no             ; no              ; no       ; Off          ; 2.5 V        ; Off         ; --                        ; Fitter               ; no        ;
; writedata[2]  ; W15   ; 5A       ; 89           ; 8            ; 20           ; 522                   ; 0                  ; no     ; no             ; no              ; no       ; Off          ; 2.5 V        ; Off         ; --                        ; Fitter               ; no        ;
; writedata[30] ; AF4   ; 3B       ; 26           ; 0            ; 91           ; 257                   ; 0                  ; no     ; no             ; no              ; no       ; Off          ; 2.5 V        ; Off         ; --                        ; Fitter               ; no        ;
; writedata[31] ; T8    ; 3A       ; 4            ; 0            ; 17           ; 259                   ; 0                  ; no     ; no             ; no              ; no       ; Off          ; 2.5 V        ; Off         ; --                        ; Fitter               ; no        ;
; writedata[3]  ; AF5   ; 3B       ; 32           ; 0            ; 34           ; 518                   ; 0                  ; no     ; no             ; no              ; no       ; Off          ; 2.5 V        ; Off         ; --                        ; Fitter               ; no        ;
; writedata[4]  ; AF6   ; 3B       ; 32           ; 0            ; 51           ; 518                   ; 0                  ; no     ; no             ; no              ; no       ; Off          ; 2.5 V        ; Off         ; --                        ; Fitter               ; no        ;
; writedata[5]  ; AH3   ; 3B       ; 36           ; 0            ; 34           ; 518                   ; 0                  ; no     ; no             ; no              ; no       ; Off          ; 2.5 V        ; Off         ; --                        ; Fitter               ; no        ;
; writedata[6]  ; AF8   ; 3B       ; 28           ; 0            ; 51           ; 390                   ; 0                  ; no     ; no             ; no              ; no       ; Off          ; 2.5 V        ; Off         ; --                        ; Fitter               ; no        ;
; writedata[7]  ; AH5   ; 3B       ; 40           ; 0            ; 51           ; 392                   ; 0                  ; no     ; no             ; no              ; no       ; Off          ; 2.5 V        ; Off         ; --                        ; Fitter               ; no        ;
; writedata[8]  ; AA20  ; 5A       ; 89           ; 4            ; 43           ; 265                   ; 0                  ; no     ; no             ; no              ; no       ; Off          ; 2.5 V        ; Off         ; --                        ; Fitter               ; no        ;
; writedata[9]  ; AA4   ; 3A       ; 4            ; 0            ; 34           ; 260                   ; 0                  ; no     ; no             ; no              ; no       ; Off          ; 2.5 V        ; Off         ; --                        ; Fitter               ; no        ;
+---------------+-------+----------+--------------+--------------+--------------+-----------------------+--------------------+--------+----------------+-----------------+----------+--------------+--------------+-------------+---------------------------+----------------------+-----------+


+---------------------------------------------------------------------------------------------------------------------------------------------------------------------------------------------------------------------------------------------------------------------------------------------------------------------------------------------------------------------------------------------------------------------------------------------------------------------------------------------------+
; Output Pins                                                                                                                                                                                                                                                                                                                                                                                                                                                                                       ;
+--------------+-------+----------+--------------+--------------+--------------+-----------------+------------------------+-----------+-----------------+------------+---------------+----------+--------------+--------------+------------------+-----------------------------------+---------------------------+----------------------------+-----------------------------+---------------------+-----------------------------+----------------------+----------------------+---------------------+
; Name         ; Pin # ; I/O Bank ; X coordinate ; Y coordinate ; Z coordinate ; Output Register ; Output Enable Register ; Slew Rate ; PCI I/O Enabled ; Open Drain ; TRI Primitive ; Bus Hold ; Weak Pull Up ; I/O Standard ; Current Strength ; Termination                       ; Termination Control Block ; Output Buffer Pre-emphasis ; Voltage Output Differential ; Output Buffer Delay ; Output Buffer Delay Control ; Location assigned by ; Output Enable Source ; Output Enable Group ;
+--------------+-------+----------+--------------+--------------+--------------+-----------------+------------------------+-----------+-----------------+------------+---------------+----------+--------------+--------------+------------------+-----------------------------------+---------------------------+----------------------------+-----------------------------+---------------------+-----------------------------+----------------------+----------------------+---------------------+
; irq          ; AG15  ; 4A       ; 62           ; 0            ; 34           ; no              ; no                     ; 1         ; no              ; no         ; no            ; no       ; Off          ; 2.5 V        ; Default          ; Series 50 Ohm without Calibration ; --                        ; no                         ; no                          ; 0                   ; Off                         ; Fitter               ; -                    ; -                   ;
; readdata[0]  ; AE4   ; 3B       ; 26           ; 0            ; 74           ; no              ; no                     ; 1         ; no              ; no         ; no            ; no       ; Off          ; 2.5 V        ; Default          ; Series 50 Ohm without Calibration ; --                        ; no                         ; no                          ; 0                   ; Off                         ; Fitter               ; -                    ; -                   ;
; readdata[10] ; AF11  ; 3B       ; 34           ; 0            ; 40           ; no              ; no                     ; 1         ; no              ; no         ; no            ; no       ; Off          ; 2.5 V        ; Default          ; Series 50 Ohm without Calibration ; --                        ; no                         ; no                          ; 0                   ; Off                         ; Fitter               ; -                    ; -                   ;
; readdata[11] ; AF10  ; 3B       ; 34           ; 0            ; 57           ; no              ; no                     ; 1         ; no              ; no         ; no            ; no       ; Off          ; 2.5 V        ; Default          ; Series 50 Ohm without Calibration ; --                        ; no                         ; no                          ; 0                   ; Off                         ; Fitter               ; -                    ; -                   ;
; readdata[12] ; AD11  ; 3B       ; 30           ; 0            ; 0            ; no              ; no                     ; 1         ; no              ; no         ; no            ; no       ; Off          ; 2.5 V        ; Default          ; Series 50 Ohm without Calibration ; --                        ; no                         ; no                          ; 0                   ; Off                         ; Fitter               ; -                    ; -                   ;
; readdata[13] ; AE11  ; 3B       ; 30           ; 0            ; 17           ; no              ; no                     ; 1         ; no              ; no         ; no            ; no       ; Off          ; 2.5 V        ; Default          ; Series 50 Ohm without Calibration ; --                        ; no                         ; no                          ; 0                   ; Off                         ; Fitter               ; -                    ; -                   ;
; readdata[14] ; AD12  ; 3B       ; 38           ; 0            ; 17           ; no              ; no                     ; 1         ; no              ; no         ; no            ; no       ; Off          ; 2.5 V        ; Default          ; Series 50 Ohm without Calibration ; --                        ; no                         ; no                          ; 0                   ; Off                         ; Fitter               ; -                    ; -                   ;
; readdata[15] ; U11   ; 3B       ; 28           ; 0            ; 17           ; no              ; no                     ; 1         ; no              ; no         ; no            ; no       ; Off          ; 2.5 V        ; Default          ; Series 50 Ohm without Calibration ; --                        ; no                         ; no                          ; 0                   ; Off                         ; Fitter               ; -                    ; -                   ;
; readdata[16] ; AE12  ; 3B       ; 38           ; 0            ; 0            ; no              ; no                     ; 1         ; no              ; no         ; no            ; no       ; Off          ; 2.5 V        ; Default          ; Series 50 Ohm without Calibration ; --                        ; no                         ; no                          ; 0                   ; Off                         ; Fitter               ; -                    ; -                   ;
; readdata[17] ; T12   ; 3B       ; 36           ; 0            ; 17           ; no              ; no                     ; 1         ; no              ; no         ; no            ; no       ; Off          ; 2.5 V        ; Default          ; Series 50 Ohm without Calibration ; --                        ; no                         ; no                          ; 0                   ; Off                         ; Fitter               ; -                    ; -                   ;
; readdata[18] ; AD10  ; 3B       ; 26           ; 0            ; 40           ; no              ; no                     ; 1         ; no              ; no         ; no            ; no       ; Off          ; 2.5 V        ; Default          ; Series 50 Ohm without Calibration ; --                        ; no                         ; no                          ; 0                   ; Off                         ; Fitter               ; -                    ; -                   ;
; readdata[19] ; V12   ; 3B       ; 40           ; 0            ; 0            ; no              ; no                     ; 1         ; no              ; no         ; no            ; no       ; Off          ; 2.5 V        ; Default          ; Series 50 Ohm without Calibration ; --                        ; no                         ; no                          ; 0                   ; Off                         ; Fitter               ; -                    ; -                   ;
; readdata[1]  ; AE8   ; 3B       ; 30           ; 0            ; 34           ; no              ; no                     ; 1         ; no              ; no         ; no            ; no       ; Off          ; 2.5 V        ; Default          ; Series 50 Ohm without Calibration ; --                        ; no                         ; no                          ; 0                   ; Off                         ; Fitter               ; -                    ; -                   ;
; readdata[20] ; V11   ; 3B       ; 32           ; 0            ; 0            ; no              ; no                     ; 1         ; no              ; no         ; no            ; no       ; Off          ; 2.5 V        ; Default          ; Series 50 Ohm without Calibration ; --                        ; no                         ; no                          ; 0                   ; Off                         ; Fitter               ; -                    ; -                   ;
; readdata[21] ; W11   ; 3B       ; 32           ; 0            ; 17           ; no              ; no                     ; 1         ; no              ; no         ; no            ; no       ; Off          ; 2.5 V        ; Default          ; Series 50 Ohm without Calibration ; --                        ; no                         ; no                          ; 0                   ; Off                         ; Fitter               ; -                    ; -                   ;
; readdata[22] ; W12   ; 3B       ; 40           ; 0            ; 17           ; no              ; no                     ; 1         ; no              ; no         ; no            ; no       ; Off          ; 2.5 V        ; Default          ; Series 50 Ohm without Calibration ; --                        ; no                         ; no                          ; 0                   ; Off                         ; Fitter               ; -                    ; -                   ;
; readdata[23] ; AH14  ; 4A       ; 62           ; 0            ; 51           ; no              ; no                     ; 1         ; no              ; no         ; no            ; no       ; Off          ; 2.5 V        ; Default          ; Series 50 Ohm without Calibration ; --                        ; no                         ; no                          ; 0                   ; Off                         ; Fitter               ; -                    ; -                   ;
; readdata[24] ; AG8   ; 4A       ; 50           ; 0            ; 74           ; no              ; no                     ; 1         ; no              ; no         ; no            ; no       ; Off          ; 2.5 V        ; Default          ; Series 50 Ohm without Calibration ; --                        ; no                         ; no                          ; 0                   ; Off                         ; Fitter               ; -                    ; -                   ;
; readdata[25] ; AF18  ; 4A       ; 66           ; 0            ; 74           ; no              ; no                     ; 1         ; no              ; no         ; no            ; no       ; Off          ; 2.5 V        ; Default          ; Series 50 Ohm without Calibration ; --                        ; no                         ; no                          ; 0                   ; Off                         ; Fitter               ; -                    ; -                   ;
; readdata[26] ; AH16  ; 4A       ; 64           ; 0            ; 51           ; no              ; no                     ; 1         ; no              ; no         ; no            ; no       ; Off          ; 2.5 V        ; Default          ; Series 50 Ohm without Calibration ; --                        ; no                         ; no                          ; 0                   ; Off                         ; Fitter               ; -                    ; -                   ;
; readdata[27] ; AH26  ; 4A       ; 84           ; 0            ; 51           ; no              ; no                     ; 1         ; no              ; no         ; no            ; no       ; Off          ; 2.5 V        ; Default          ; Series 50 Ohm without Calibration ; --                        ; no                         ; no                          ; 0                   ; Off                         ; Fitter               ; -                    ; -                   ;
; readdata[28] ; AH17  ; 4A       ; 64           ; 0            ; 34           ; no              ; no                     ; 1         ; no              ; no         ; no            ; no       ; Off          ; 2.5 V        ; Default          ; Series 50 Ohm without Calibration ; --                        ; no                         ; no                          ; 0                   ; Off                         ; Fitter               ; -                    ; -                   ;
; readdata[29] ; AH18  ; 4A       ; 68           ; 0            ; 51           ; no              ; no                     ; 1         ; no              ; no         ; no            ; no       ; Off          ; 2.5 V        ; Default          ; Series 50 Ohm without Calibration ; --                        ; no                         ; no                          ; 0                   ; Off                         ; Fitter               ; -                    ; -                   ;
; readdata[2]  ; AF9   ; 3B       ; 30           ; 0            ; 51           ; no              ; no                     ; 1         ; no              ; no         ; no            ; no       ; Off          ; 2.5 V        ; Default          ; Series 50 Ohm without Calibration ; --                        ; no                         ; no                          ; 0                   ; Off                         ; Fitter               ; -                    ; -                   ;
; readdata[30] ; AG21  ; 4A       ; 74           ; 0            ; 74           ; no              ; no                     ; 1         ; no              ; no         ; no            ; no       ; Off          ; 2.5 V        ; Default          ; Series 50 Ohm without Calibration ; --                        ; no                         ; no                          ; 0                   ; Off                         ; Fitter               ; -                    ; -                   ;
; readdata[31] ; AH12  ; 4A       ; 58           ; 0            ; 74           ; no              ; no                     ; 1         ; no              ; no         ; no            ; no       ; Off          ; 2.5 V        ; Default          ; Series 50 Ohm without Calibration ; --                        ; no                         ; no                          ; 0                   ; Off                         ; Fitter               ; -                    ; -                   ;
; readdata[3]  ; AH6   ; 3B       ; 40           ; 0            ; 34           ; no              ; no                     ; 1         ; no              ; no         ; no            ; no       ; Off          ; 2.5 V        ; Default          ; Series 50 Ohm without Calibration ; --                        ; no                         ; no                          ; 0                   ; Off                         ; Fitter               ; -                    ; -                   ;
; readdata[4]  ; AG5   ; 3B       ; 38           ; 0            ; 34           ; no              ; no                     ; 1         ; no              ; no         ; no            ; no       ; Off          ; 2.5 V        ; Default          ; Series 50 Ohm without Calibration ; --                        ; no                         ; no                          ; 0                   ; Off                         ; Fitter               ; -                    ; -                   ;
; readdata[5]  ; AF7   ; 3B       ; 34           ; 0            ; 74           ; no              ; no                     ; 1         ; no              ; no         ; no            ; no       ; Off          ; 2.5 V        ; Default          ; Series 50 Ohm without Calibration ; --                        ; no                         ; no                          ; 0                   ; Off                         ; Fitter               ; -                    ; -                   ;
; readdata[6]  ; AH2   ; 3B       ; 36           ; 0            ; 51           ; no              ; no                     ; 1         ; no              ; no         ; no            ; no       ; Off          ; 2.5 V        ; Default          ; Series 50 Ohm without Calibration ; --                        ; no                         ; no                          ; 0                   ; Off                         ; Fitter               ; -                    ; -                   ;
; readdata[7]  ; AE9   ; 3B       ; 26           ; 0            ; 57           ; no              ; no                     ; 1         ; no              ; no         ; no            ; no       ; Off          ; 2.5 V        ; Default          ; Series 50 Ohm without Calibration ; --                        ; no                         ; no                          ; 0                   ; Off                         ; Fitter               ; -                    ; -                   ;
; readdata[8]  ; T11   ; 3B       ; 28           ; 0            ; 0            ; no              ; no                     ; 1         ; no              ; no         ; no            ; no       ; Off          ; 2.5 V        ; Default          ; Series 50 Ohm without Calibration ; --                        ; no                         ; no                          ; 0                   ; Off                         ; Fitter               ; -                    ; -                   ;
; readdata[9]  ; T13   ; 3B       ; 36           ; 0            ; 0            ; no              ; no                     ; 1         ; no              ; no         ; no            ; no       ; Off          ; 2.5 V        ; Default          ; Series 50 Ohm without Calibration ; --                        ; no                         ; no                          ; 0                   ; Off                         ; Fitter               ; -                    ; -                   ;
; waitrequest  ; AG24  ; 4A       ; 80           ; 0            ; 34           ; no              ; no                     ; 1         ; no              ; no         ; no            ; no       ; Off          ; 2.5 V        ; Default          ; Series 50 Ohm without Calibration ; --                        ; no                         ; no                          ; 0                   ; Off                         ; Fitter               ; -                    ; -                   ;
+--------------+-------+----------+--------------+--------------+--------------+-----------------+------------------------+-----------+-----------------+------------+---------------+----------+--------------+--------------+------------------+-----------------------------------+---------------------------+----------------------------+-----------------------------+---------------------+-----------------------------+----------------------+----------------------+---------------------+


+-----------------------------------------------------------------------------+
; I/O Bank Usage                                                              ;
+----------+-------------------+---------------+--------------+---------------+
; I/O Bank ; Usage             ; VCCIO Voltage ; VREF Voltage ; VCCPD Voltage ;
+----------+-------------------+---------------+--------------+---------------+
; B2L      ; 0 / 0 ( -- )      ; --            ; --           ; --            ;
; B1L      ; 0 / 0 ( -- )      ; --            ; --           ; --            ;
; 3A       ; 16 / 16 ( 100 % ) ; 2.5V          ; --           ; 2.5V          ;
; 3B       ; 32 / 32 ( 100 % ) ; 2.5V          ; --           ; 2.5V          ;
; 4A       ; 11 / 68 ( 16 % )  ; 2.5V          ; --           ; 2.5V          ;
; 5A       ; 16 / 16 ( 100 % ) ; 2.5V          ; --           ; 2.5V          ;
; 5B       ; 7 / 7 ( 100 % )   ; 2.5V          ; --           ; 2.5V          ;
; 6B       ; 0 / 44 ( 0 % )    ; 2.5V          ; --           ; 2.5V          ;
; 6A       ; 0 / 56 ( 0 % )    ; 2.5V          ; --           ; 2.5V          ;
; 7A       ; 0 / 19 ( 0 % )    ; 2.5V          ; --           ; 2.5V          ;
; 7B       ; 0 / 22 ( 0 % )    ; 2.5V          ; --           ; 2.5V          ;
; 7C       ; 0 / 12 ( 0 % )    ; 2.5V          ; --           ; 2.5V          ;
; 7D       ; 0 / 14 ( 0 % )    ; 2.5V          ; --           ; 2.5V          ;
; 8A       ; 0 / 6 ( 0 % )     ; 2.5V          ; --           ; 2.5V          ;
+----------+-------------------+---------------+--------------+---------------+


+-----------------------------------------------------------------------------------------------------------------------------------------------------------------------------------+
; All Package Pins                                                                                                                                                                  ;
+----------+------------+----------------+---------------------------------+--------+--------------+---------------------+--------------+-----------------+----------+--------------+
; Location ; Pad Number ; I/O Bank       ; Pin Name/Usage                  ; Dir.   ; I/O Standard ; Voltage             ; I/O Type     ; User Assignment ; Bus Hold ; Weak Pull Up ;
+----------+------------+----------------+---------------------------------+--------+--------------+---------------------+--------------+-----------------+----------+--------------+
; A2       ;            ;                ; DNU                             ;        ;              ;                     ; --           ;                 ; --       ; --           ;
; A3       ;            ;                ; GND                             ; gnd    ;              ;                     ; --           ;                 ; --       ; --           ;
; A4       ; 435        ; 7C             ; RESERVED_INPUT_WITH_WEAK_PULLUP ;        ;              ;                     ; Column I/O   ;                 ; no       ; On           ;
; A5       ; 431        ; 7C             ; RESERVED_INPUT_WITH_WEAK_PULLUP ;        ;              ;                     ; Column I/O   ;                 ; no       ; On           ;
; A6       ; 425        ; 7B             ; RESERVED_INPUT_WITH_WEAK_PULLUP ;        ;              ;                     ; Column I/O   ;                 ; no       ; On           ;
; A7       ; 423        ; 7B             ; RESERVED_INPUT_WITH_WEAK_PULLUP ;        ;              ;                     ; Column I/O   ;                 ; no       ; On           ;
; A8       ; 421        ; 7B             ; RESERVED_INPUT_WITH_WEAK_PULLUP ;        ;              ;                     ; Column I/O   ;                 ; no       ; On           ;
; A9       ; 419        ; 7B             ; RESERVED_INPUT_WITH_WEAK_PULLUP ;        ;              ;                     ; Column I/O   ;                 ; no       ; On           ;
; A10      ;            ;                ; GND                             ; gnd    ;              ;                     ; --           ;                 ; --       ; --           ;
; A11      ; 417        ; 7B             ; RESERVED_INPUT_WITH_WEAK_PULLUP ;        ;              ;                     ; Column I/O   ;                 ; no       ; On           ;
; A12      ; 415        ; 7B             ; RESERVED_INPUT_WITH_WEAK_PULLUP ;        ;              ;                     ; Column I/O   ;                 ; no       ; On           ;
; A13      ; 413        ; 7B             ; RESERVED_INPUT_WITH_WEAK_PULLUP ;        ;              ;                     ; Column I/O   ;                 ; no       ; On           ;
; A14      ; 411        ; 7B             ; RESERVED_INPUT_WITH_WEAK_PULLUP ;        ;              ;                     ; Column I/O   ;                 ; no       ; On           ;
; A15      ; 409        ; 7B             ; RESERVED_INPUT_WITH_WEAK_PULLUP ;        ;              ;                     ; Column I/O   ;                 ; no       ; On           ;
; A16      ; 407        ; 7B             ; RESERVED_INPUT_WITH_WEAK_PULLUP ;        ;              ;                     ; Column I/O   ;                 ; no       ; On           ;
; A17      ; 399        ; 7A             ; RESERVED_INPUT_WITH_WEAK_PULLUP ;        ;              ;                     ; Column I/O   ;                 ; no       ; On           ;
; A18      ; 395        ; 7A             ; RESERVED_INPUT_WITH_WEAK_PULLUP ;        ;              ;                     ; Column I/O   ;                 ; no       ; On           ;
; A19      ; 393        ; 7A             ; RESERVED_INPUT_WITH_WEAK_PULLUP ;        ;              ;                     ; Column I/O   ;                 ; no       ; On           ;
; A20      ; 391        ; 7A             ; RESERVED_INPUT_WITH_WEAK_PULLUP ;        ;              ;                     ; Column I/O   ;                 ; no       ; On           ;
; A21      ; 389        ; 7A             ; RESERVED_INPUT_WITH_WEAK_PULLUP ;        ;              ;                     ; Column I/O   ;                 ; no       ; On           ;
; A22      ; 387        ; 7A             ; RESERVED_INPUT_WITH_WEAK_PULLUP ;        ;              ;                     ; Column I/O   ;                 ; no       ; On           ;
; A23      ; 374        ; 7A             ; ^HPS_nRST                       ;        ;              ;                     ; --           ;                 ; --       ; --           ;
; A24      ; 361        ; 6A             ; RESERVED_INPUT_WITH_WEAK_PULLUP ;        ;              ;                     ; Row I/O      ;                 ; no       ; On           ;
; A25      ; 359        ; 6A             ; RESERVED_INPUT_WITH_WEAK_PULLUP ;        ;              ;                     ; Row I/O      ;                 ; no       ; On           ;
; A26      ; 357        ; 6A             ; RESERVED_INPUT_WITH_WEAK_PULLUP ;        ;              ;                     ; Row I/O      ;                 ; no       ; On           ;
; A27      ; 353        ; 6A             ; RESERVED_INPUT_WITH_WEAK_PULLUP ;        ;              ;                     ; Row I/O      ;                 ; no       ; On           ;
; AA1      ;            ;                ; GND                             ; gnd    ;              ;                     ; --           ;                 ; --       ; --           ;
; AA2      ;            ;                ; GND                             ; gnd    ;              ;                     ; --           ;                 ; --       ; --           ;
; AA3      ;            ;                ; GND                             ; gnd    ;              ;                     ; --           ;                 ; --       ; --           ;
; AA4      ; 59         ; 3A             ; writedata[9]                    ; input  ; 2.5 V        ;                     ; Column I/O   ; N               ; no       ; Off          ;
; AA5      ;            ; 3A             ; VCCIO3A                         ; power  ;              ; 2.5V                ; --           ;                 ; --       ; --           ;
; AA6      ; 43         ; 3A             ; ^nCSO, DATA4                    ;        ;              ;                     ; Weak Pull Up ;                 ; --       ; On           ;
; AA8      ; 50         ; 3A             ; ^DCLK                           ;        ;              ;                     ; Weak Pull Up ;                 ; --       ; On           ;
; AA9      ;            ;                ; GND                             ; gnd    ;              ;                     ; --           ;                 ; --       ; --           ;
; AA10     ;            ; 3A             ; VCCPD3A                         ; power  ;              ; 2.5V                ; --           ;                 ; --       ; --           ;
; AA11     ; 64         ; 3A             ; writedata[21]                   ; input  ; 2.5 V        ;                     ; Column I/O   ; N               ; no       ; Off          ;
; AA12     ;            ; 3B             ; VCCIO3B                         ; power  ;              ; 2.5V                ; --           ;                 ; --       ; --           ;
; AA13     ; 144        ; 4A             ; RESERVED_INPUT_WITH_WEAK_PULLUP ;        ;              ;                     ; Column I/O   ;                 ; no       ; On           ;
; AA14     ;            ; 3B, 4A         ; VCCPD3B4A                       ; power  ;              ; 2.5V                ; --           ;                 ; --       ; --           ;
; AA15     ; 160        ; 4A             ; RESERVED_INPUT_WITH_WEAK_PULLUP ;        ;              ;                     ; Column I/O   ;                 ; no       ; On           ;
; AA16     ;            ; 4A             ; VCCIO4A                         ; power  ;              ; 2.5V                ; --           ;                 ; --       ; --           ;
; AA17     ;            ;                ; GND                             ; gnd    ;              ;                     ; --           ;                 ; --       ; --           ;
; AA18     ; 168        ; 4A             ; RESERVED_INPUT_WITH_WEAK_PULLUP ;        ;              ;                     ; Column I/O   ;                 ; no       ; On           ;
; AA19     ; 170        ; 4A             ; RESERVED_INPUT_WITH_WEAK_PULLUP ;        ;              ;                     ; Column I/O   ;                 ; no       ; On           ;
; AA20     ; 213        ; 5A             ; writedata[8]                    ; input  ; 2.5 V        ;                     ; Row I/O      ; N               ; no       ; Off          ;
; AA21     ;            ; --             ; VCCA_FPLL                       ; power  ;              ; 2.5V                ; --           ;                 ; --       ; --           ;
; AA23     ; 226        ; 5A             ; address[0]                      ; input  ; 2.5 V        ;                     ; Row I/O      ; N               ; no       ; Off          ;
; AA24     ; 224        ; 5A             ; address[1]                      ; input  ; 2.5 V        ;                     ; Row I/O      ; N               ; no       ; Off          ;
; AA25     ;            ; 5B             ; VREFB5BN0                       ; power  ;              ;                     ; --           ;                 ; --       ; --           ;
; AA26     ; 255        ; 5B             ; address[2]                      ; input  ; 2.5 V        ;                     ; Row I/O      ; N               ; no       ; Off          ;
; AA27     ; 279        ; 6B             ; RESERVED_INPUT_WITH_WEAK_PULLUP ;        ;              ;                     ; Row I/O      ;                 ; no       ; On           ;
; AA28     ; 289        ; 6B             ; RESERVED_INPUT_WITH_WEAK_PULLUP ;        ;              ;                     ; Row I/O      ;                 ; no       ; On           ;
; AB1      ;            ;                ; GND                             ; gnd    ;              ;                     ; --           ;                 ; --       ; --           ;
; AB2      ;            ;                ; GND                             ; gnd    ;              ;                     ; --           ;                 ; --       ; --           ;
; AB3      ;            ;                ; GND                             ; gnd    ;              ;                     ; --           ;                 ; --       ; --           ;
; AB4      ; 57         ; 3A             ; writedata[19]                   ; input  ; 2.5 V        ;                     ; Column I/O   ; N               ; no       ; Off          ;
; AB5      ; 46         ; 3A             ; #TCK                            ; input  ;              ;                     ; --           ;                 ; --       ; --           ;
; AB6      ; 45         ; 3A             ; ^AS_DATA3, DATA3                ;        ;              ;                     ; Weak Pull Up ;                 ; --       ; On           ;
; AB23     ; 222        ; 5A             ; read                            ; input  ; 2.5 V        ;                     ; Row I/O      ; N               ; no       ; Off          ;
; AB24     ;            ;                ; GND                             ; gnd    ;              ;                     ; --           ;                 ; --       ; --           ;
; AB25     ; 259        ; 5B             ; address[4]                      ; input  ; 2.5 V        ;                     ; Row I/O      ; N               ; no       ; Off          ;
; AB26     ; 253        ; 5B             ; address[3]                      ; input  ; 2.5 V        ;                     ; Row I/O      ; N               ; no       ; Off          ;
; AB27     ;            ;                ; GND                             ; gnd    ;              ;                     ; --           ;                 ; --       ; --           ;
; AB28     ; 277        ; 6B             ; RESERVED_INPUT_WITH_WEAK_PULLUP ;        ;              ;                     ; Row I/O      ;                 ; no       ; On           ;
; AC1      ;            ;                ; GND                             ; gnd    ;              ;                     ; --           ;                 ; --       ; --           ;
; AC2      ;            ;                ; GND                             ; gnd    ;              ;                     ; --           ;                 ; --       ; --           ;
; AC3      ;            ;                ; GND                             ; gnd    ;              ;                     ; --           ;                 ; --       ; --           ;
; AC4      ; 63         ; 3A             ; writedata[10]                   ; input  ; 2.5 V        ;                     ; Column I/O   ; N               ; no       ; Off          ;
; AC5      ; 47         ; 3A             ; ^AS_DATA2, DATA2                ;        ;              ;                     ; Weak Pull Up ;                 ; --       ; On           ;
; AC6      ; 49         ; 3A             ; ^AS_DATA1, DATA1                ;        ;              ;                     ; Weak Pull Up ;                 ; --       ; On           ;
; AC7      ; 44         ; 3A             ; #TMS                            ; input  ;              ;                     ; --           ;                 ; --       ; --           ;
; AC8      ;            ; --             ; VCC_AUX                         ; power  ;              ; 2.5V                ; --           ;                 ; --       ; --           ;
; AC21     ;            ; --             ; VCC_AUX                         ; power  ;              ; 2.5V                ; --           ;                 ; --       ; --           ;
; AC22     ; 202        ; 4A             ; RESERVED_INPUT_WITH_WEAK_PULLUP ;        ;              ;                     ; Column I/O   ;                 ; no       ; On           ;
; AC23     ; 200        ; 4A             ; RESERVED_INPUT_WITH_WEAK_PULLUP ;        ;              ;                     ; Column I/O   ;                 ; no       ; On           ;
; AC24     ; 220        ; 5A             ; rst_n                           ; input  ; 2.5 V        ;                     ; Row I/O      ; N               ; no       ; Off          ;
; AC25     ;            ; 5A             ; VCCIO5A                         ; power  ;              ; 2.5V                ; --           ;                 ; --       ; --           ;
; AC26     ;            ; 5A             ; VREFB5AN0                       ; power  ;              ;                     ; --           ;                 ; --       ; --           ;
; AC27     ; 275        ; 6B             ; RESERVED_INPUT_WITH_WEAK_PULLUP ;        ;              ;                     ; Row I/O      ;                 ; no       ; On           ;
; AC28     ; 273        ; 6B             ; RESERVED_INPUT_WITH_WEAK_PULLUP ;        ;              ;                     ; Row I/O      ;                 ; no       ; On           ;
; AD1      ;            ;                ; DNU                             ;        ;              ;                     ; --           ;                 ; --       ; --           ;
; AD2      ;            ;                ; DNU                             ;        ;              ;                     ; --           ;                 ; --       ; --           ;
; AD3      ;            ;                ; GND                             ; gnd    ;              ;                     ; --           ;                 ; --       ; --           ;
; AD4      ; 61         ; 3A             ; writedata[17]                   ; input  ; 2.5 V        ;                     ; Column I/O   ; N               ; no       ; Off          ;
; AD5      ; 67         ; 3A             ; writedata[11]                   ; input  ; 2.5 V        ;                     ; Column I/O   ; N               ; no       ; Off          ;
; AD6      ;            ;                ; GND                             ; gnd    ;              ;                     ; --           ;                 ; --       ; --           ;
; AD7      ; 51         ; 3A             ; ^AS_DATA0, ASDO, DATA0          ;        ;              ;                     ; Weak Pull Up ;                 ; --       ; On           ;
; AD8      ;            ;                ; GND                             ; gnd    ;              ;                     ; --           ;                 ; --       ; --           ;
; AD9      ;            ; 3B, 4A         ; VCCPD3B4A                       ; power  ;              ; 2.5V                ; --           ;                 ; --       ; --           ;
; AD10     ; 103        ; 3B             ; readdata[18]                    ; output ; 2.5 V        ;                     ; Column I/O   ; N               ; no       ; Off          ;
; AD11     ; 111        ; 3B             ; readdata[12]                    ; output ; 2.5 V        ;                     ; Column I/O   ; N               ; no       ; Off          ;
; AD12     ; 125        ; 3B             ; readdata[14]                    ; output ; 2.5 V        ;                     ; Column I/O   ; N               ; no       ; Off          ;
; AD13     ;            ; 3B, 4A         ; VCCPD3B4A                       ; power  ;              ; 2.5V                ; --           ;                 ; --       ; --           ;
; AD14     ;            ;                ; GND                             ; gnd    ;              ;                     ; --           ;                 ; --       ; --           ;
; AD15     ;            ; --             ; VCC_AUX                         ; power  ;              ; 2.5V                ; --           ;                 ; --       ; --           ;
; AD16     ;            ; 3B, 4A         ; VCCPD3B4A                       ; power  ;              ; 2.5V                ; --           ;                 ; --       ; --           ;
; AD17     ; 159        ; 4A             ; RESERVED_INPUT_WITH_WEAK_PULLUP ;        ;              ;                     ; Column I/O   ;                 ; no       ; On           ;
; AD18     ;            ; 3B, 4A         ; VCCPD3B4A                       ; power  ;              ; 2.5V                ; --           ;                 ; --       ; --           ;
; AD19     ; 165        ; 4A             ; RESERVED_INPUT_WITH_WEAK_PULLUP ;        ;              ;                     ; Column I/O   ;                 ; no       ; On           ;
; AD20     ; 173        ; 4A             ; RESERVED_INPUT_WITH_WEAK_PULLUP ;        ;              ;                     ; Column I/O   ;                 ; no       ; On           ;
; AD21     ;            ; 3B, 4A         ; VCCPD3B4A                       ; power  ;              ; 2.5V                ; --           ;                 ; --       ; --           ;
; AD22     ;            ;                ; GND                             ; gnd    ;              ;                     ; --           ;                 ; --       ; --           ;
; AD23     ; 186        ; 4A             ; RESERVED_INPUT_WITH_WEAK_PULLUP ;        ;              ;                     ; Column I/O   ;                 ; no       ; On           ;
; AD24     ;            ; --             ; VCCPGM                          ; power  ;              ; 1.8V/2.5V/3.0V/3.3V ; --           ;                 ; --       ; --           ;
; AD25     ;            ;                ; GND                             ; gnd    ;              ;                     ; --           ;                 ; --       ; --           ;
; AD26     ; 218        ; 5A             ; write                           ; input  ; 2.5 V        ;                     ; Row I/O      ; N               ; no       ; Off          ;
; AD27     ;            ; 6B             ; VCCIO6B_HPS                     ; power  ;              ; 2.5V                ; --           ;                 ; --       ; --           ;
; AD28     ; 263        ; 6B             ; RESERVED_INPUT_WITH_WEAK_PULLUP ;        ;              ;                     ; Row I/O      ;                 ; no       ; On           ;
; AE1      ;            ;                ; GND                             ; gnd    ;              ;                     ; --           ;                 ; --       ; --           ;
; AE2      ;            ;                ; GND                             ; gnd    ;              ;                     ; --           ;                 ; --       ; --           ;
; AE3      ;            ;                ; GND                             ; gnd    ;              ;                     ; --           ;                 ; --       ; --           ;
; AE4      ; 102        ; 3B             ; readdata[0]                     ; output ; 2.5 V        ;                     ; Column I/O   ; N               ; no       ; Off          ;
; AE5      ;            ; 3A             ; VREFB3AN0                       ; power  ;              ;                     ; --           ;                 ; --       ; --           ;
; AE6      ; 65         ; 3A             ; writedata[15]                   ; input  ; 2.5 V        ;                     ; Column I/O   ; N               ; no       ; Off          ;
; AE7      ; 107        ; 3B             ; writedata[27]                   ; input  ; 2.5 V        ;                     ; Column I/O   ; N               ; no       ; Off          ;
; AE8      ; 110        ; 3B             ; readdata[1]                     ; output ; 2.5 V        ;                     ; Column I/O   ; N               ; no       ; Off          ;
; AE9      ; 101        ; 3B             ; readdata[7]                     ; output ; 2.5 V        ;                     ; Column I/O   ; N               ; no       ; Off          ;
; AE10     ;            ; 3B             ; VCCIO3B                         ; power  ;              ; 2.5V                ; --           ;                 ; --       ; --           ;
; AE11     ; 109        ; 3B             ; readdata[13]                    ; output ; 2.5 V        ;                     ; Column I/O   ; N               ; no       ; Off          ;
; AE12     ; 127        ; 3B             ; readdata[16]                    ; output ; 2.5 V        ;                     ; Column I/O   ; N               ; no       ; Off          ;
; AE13     ;            ; 3B             ; VCCIO3B                         ; power  ;              ; 2.5V                ; --           ;                 ; --       ; --           ;
; AE14     ;            ;                ; DNU                             ;        ;              ;                     ; --           ;                 ; --       ; --           ;
; AE15     ; 141        ; 4A             ; RESERVED_INPUT_WITH_WEAK_PULLUP ;        ;              ;                     ; Column I/O   ;                 ; no       ; On           ;
; AE16     ;            ;                ; GND                             ; gnd    ;              ;                     ; --           ;                 ; --       ; --           ;
; AE17     ; 157        ; 4A             ; RESERVED_INPUT_WITH_WEAK_PULLUP ;        ;              ;                     ; Column I/O   ;                 ; no       ; On           ;
; AE18     ;            ;                ; GND                             ; gnd    ;              ;                     ; --           ;                 ; --       ; --           ;
; AE19     ; 167        ; 4A             ; RESERVED_INPUT_WITH_WEAK_PULLUP ;        ;              ;                     ; Column I/O   ;                 ; no       ; On           ;
; AE20     ; 175        ; 4A             ; RESERVED_INPUT_WITH_WEAK_PULLUP ;        ;              ;                     ; Column I/O   ;                 ; no       ; On           ;
; AE21     ;            ; 4A             ; VCCIO4A                         ; power  ;              ; 2.5V                ; --           ;                 ; --       ; --           ;
; AE22     ; 184        ; 4A             ; RESERVED_INPUT_WITH_WEAK_PULLUP ;        ;              ;                     ; Column I/O   ;                 ; no       ; On           ;
; AE23     ; 197        ; 4A             ; RESERVED_INPUT_WITH_WEAK_PULLUP ;        ;              ;                     ; Column I/O   ;                 ; no       ; On           ;
; AE24     ; 199        ; 4A             ; RESERVED_INPUT_WITH_WEAK_PULLUP ;        ;              ;                     ; Column I/O   ;                 ; no       ; On           ;
; AE25     ; 216        ; 5A             ; byteenable[2]                   ; input  ; 2.5 V        ;                     ; Row I/O      ; N               ; no       ; Off          ;
; AE26     ; 214        ; 5A             ; writedata[0]                    ; input  ; 2.5 V        ;                     ; Row I/O      ; N               ; no       ; Off          ;
; AE27     ; 265        ; 6B             ; RESERVED_INPUT_WITH_WEAK_PULLUP ;        ;              ;                     ; Row I/O      ;                 ; no       ; On           ;
; AE28     ; 261        ; 6B             ; RESERVED_INPUT_WITH_WEAK_PULLUP ;        ;              ;                     ; Row I/O      ;                 ; no       ; On           ;
; AF1      ;            ;                ; GND                             ; gnd    ;              ;                     ; --           ;                 ; --       ; --           ;
; AF2      ;            ;                ; GND                             ; gnd    ;              ;                     ; --           ;                 ; --       ; --           ;
; AF3      ;            ;                ; GND                             ; gnd    ;              ;                     ; --           ;                 ; --       ; --           ;
; AF4      ; 100        ; 3B             ; writedata[30]                   ; input  ; 2.5 V        ;                     ; Column I/O   ; N               ; no       ; Off          ;
; AF5      ; 115        ; 3B             ; writedata[3]                    ; input  ; 2.5 V        ;                     ; Column I/O   ; N               ; no       ; Off          ;
; AF6      ; 113        ; 3B             ; writedata[4]                    ; input  ; 2.5 V        ;                     ; Column I/O   ; N               ; no       ; Off          ;
; AF7      ; 118        ; 3B             ; readdata[5]                     ; output ; 2.5 V        ;                     ; Column I/O   ; N               ; no       ; Off          ;
; AF8      ; 105        ; 3B             ; writedata[6]                    ; input  ; 2.5 V        ;                     ; Column I/O   ; N               ; no       ; Off          ;
; AF9      ; 108        ; 3B             ; readdata[2]                     ; output ; 2.5 V        ;                     ; Column I/O   ; N               ; no       ; Off          ;
; AF10     ; 117        ; 3B             ; readdata[11]                    ; output ; 2.5 V        ;                     ; Column I/O   ; N               ; no       ; Off          ;
; AF11     ; 119        ; 3B             ; readdata[10]                    ; output ; 2.5 V        ;                     ; Column I/O   ; N               ; no       ; Off          ;
; AF12     ;            ; 3B             ; VREFB3BN0                       ; power  ;              ;                     ; --           ;                 ; --       ; --           ;
; AF13     ; 133        ; 4A             ; RESERVED_INPUT_WITH_WEAK_PULLUP ;        ;              ;                     ; Column I/O   ;                 ; no       ; On           ;
; AF14     ;            ; 4A             ; VCCIO4A                         ; power  ;              ; 2.5V                ; --           ;                 ; --       ; --           ;
; AF15     ; 143        ; 4A             ; RESERVED_INPUT_WITH_WEAK_PULLUP ;        ;              ;                     ; Column I/O   ;                 ; no       ; On           ;
; AF16     ;            ; 4A             ; VREFB4AN0                       ; power  ;              ;                     ; --           ;                 ; --       ; --           ;
; AF17     ; 151        ; 4A             ; RESERVED_INPUT_WITH_WEAK_PULLUP ;        ;              ;                     ; Column I/O   ;                 ; no       ; On           ;
; AF18     ; 166        ; 4A             ; readdata[25]                    ; output ; 2.5 V        ;                     ; Column I/O   ; N               ; no       ; Off          ;
; AF19     ;            ; 4A             ; VCCIO4A                         ; power  ;              ; 2.5V                ; --           ;                 ; --       ; --           ;
; AF20     ; 179        ; 4A             ; RESERVED_INPUT_WITH_WEAK_PULLUP ;        ;              ;                     ; Column I/O   ;                 ; no       ; On           ;
; AF21     ; 181        ; 4A             ; RESERVED_INPUT_WITH_WEAK_PULLUP ;        ;              ;                     ; Column I/O   ;                 ; no       ; On           ;
; AF22     ; 183        ; 4A             ; RESERVED_INPUT_WITH_WEAK_PULLUP ;        ;              ;                     ; Column I/O   ;                 ; no       ; On           ;
; AF23     ; 189        ; 4A             ; RESERVED_INPUT_WITH_WEAK_PULLUP ;        ;              ;                     ; Column I/O   ;                 ; no       ; On           ;
; AF24     ;            ;                ; GND                             ; gnd    ;              ;                     ; --           ;                 ; --       ; --           ;
; AF25     ; 207        ; 4A             ; RESERVED_INPUT_WITH_WEAK_PULLUP ;        ;              ;                     ; Column I/O   ;                 ; no       ; On           ;
; AF26     ; 212        ; 5A             ; byteenable[3]                   ; input  ; 2.5 V        ;                     ; Row I/O      ; N               ; no       ; Off          ;
; AF27     ; 211        ; 4A             ; RESERVED_INPUT_WITH_WEAK_PULLUP ;        ;              ;                     ; Column I/O   ;                 ; no       ; On           ;
; AF28     ; 209        ; 4A             ; RESERVED_INPUT_WITH_WEAK_PULLUP ;        ;              ;                     ; Column I/O   ;                 ; no       ; On           ;
; AG1      ;            ;                ; GND                             ; gnd    ;              ;                     ; --           ;                 ; --       ; --           ;
; AG2      ;            ;                ; GND                             ; gnd    ;              ;                     ; --           ;                 ; --       ; --           ;
; AG3      ;            ;                ; GND                             ; gnd    ;              ;                     ; --           ;                 ; --       ; --           ;
; AG4      ;            ; 3B             ; VCCIO3B                         ; power  ;              ; 2.5V                ; --           ;                 ; --       ; --           ;
; AG5      ; 126        ; 3B             ; readdata[4]                     ; output ; 2.5 V        ;                     ; Column I/O   ; N               ; no       ; Off          ;
; AG6      ; 116        ; 3B             ; writedata[28]                   ; input  ; 2.5 V        ;                     ; Column I/O   ; N               ; no       ; Off          ;
; AG7      ;            ;                ; GND                             ; gnd    ;              ;                     ; --           ;                 ; --       ; --           ;
; AG8      ; 134        ; 4A             ; readdata[24]                    ; output ; 2.5 V        ;                     ; Column I/O   ; N               ; no       ; Off          ;
; AG9      ; 139        ; 4A             ; RESERVED_INPUT_WITH_WEAK_PULLUP ;        ;              ;                     ; Column I/O   ;                 ; no       ; On           ;
; AG10     ; 142        ; 4A             ; RESERVED_INPUT_WITH_WEAK_PULLUP ;        ;              ;                     ; Column I/O   ;                 ; no       ; On           ;
; AG11     ; 147        ; 4A             ; RESERVED_INPUT_WITH_WEAK_PULLUP ;        ;              ;                     ; Column I/O   ;                 ; no       ; On           ;
; AG12     ;            ; 4A             ; VCCIO4A                         ; power  ;              ; 2.5V                ; --           ;                 ; --       ; --           ;
; AG13     ; 135        ; 4A             ; RESERVED_INPUT_WITH_WEAK_PULLUP ;        ;              ;                     ; Column I/O   ;                 ; no       ; On           ;
; AG14     ; 155        ; 4A             ; RESERVED_INPUT_WITH_WEAK_PULLUP ;        ;              ;                     ; Column I/O   ;                 ; no       ; On           ;
; AG15     ; 158        ; 4A             ; irq                             ; output ; 2.5 V        ;                     ; Column I/O   ; N               ; no       ; Off          ;
; AG16     ; 149        ; 4A             ; RESERVED_INPUT_WITH_WEAK_PULLUP ;        ;              ;                     ; Column I/O   ;                 ; no       ; On           ;
; AG17     ;            ;                ; GND                             ; gnd    ;              ;                     ; --           ;                 ; --       ; --           ;
; AG18     ; 171        ; 4A             ; RESERVED_INPUT_WITH_WEAK_PULLUP ;        ;              ;                     ; Column I/O   ;                 ; no       ; On           ;
; AG19     ; 174        ; 4A             ; RESERVED_INPUT_WITH_WEAK_PULLUP ;        ;              ;                     ; Column I/O   ;                 ; no       ; On           ;
; AG20     ; 177        ; 4A             ; RESERVED_INPUT_WITH_WEAK_PULLUP ;        ;              ;                     ; Column I/O   ;                 ; no       ; On           ;
; AG21     ; 182        ; 4A             ; readdata[30]                    ; output ; 2.5 V        ;                     ; Column I/O   ; N               ; no       ; Off          ;
; AG22     ;            ; 4A             ; VCCIO4A                         ; power  ;              ; 2.5V                ; --           ;                 ; --       ; --           ;
; AG23     ; 191        ; 4A             ; RESERVED_INPUT_WITH_WEAK_PULLUP ;        ;              ;                     ; Column I/O   ;                 ; no       ; On           ;
; AG24     ; 195        ; 4A             ; waitrequest                     ; output ; 2.5 V        ;                     ; Column I/O   ; N               ; no       ; Off          ;
; AG25     ; 205        ; 4A             ; RESERVED_INPUT_WITH_WEAK_PULLUP ;        ;              ;                     ; Column I/O   ;                 ; no       ; On           ;
; AG26     ; 198        ; 4A             ; RESERVED_INPUT_WITH_WEAK_PULLUP ;        ;              ;                     ; Column I/O   ;                 ; no       ; On           ;
; AG27     ;            ;                ; GND                             ; gnd    ;              ;                     ; --           ;                 ; --       ; --           ;
; AG28     ; 206        ; 4A             ; RESERVED_INPUT_WITH_WEAK_PULLUP ;        ;              ;                     ; Column I/O   ;                 ; no       ; On           ;
; AH2      ; 121        ; 3B             ; readdata[6]                     ; output ; 2.5 V        ;                     ; Column I/O   ; N               ; no       ; Off          ;
; AH3      ; 123        ; 3B             ; writedata[5]                    ; input  ; 2.5 V        ;                     ; Column I/O   ; N               ; no       ; Off          ;
; AH4      ; 124        ; 3B             ; writedata[29]                   ; input  ; 2.5 V        ;                     ; Column I/O   ; N               ; no       ; Off          ;
; AH5      ; 129        ; 3B             ; writedata[7]                    ; input  ; 2.5 V        ;                     ; Column I/O   ; N               ; no       ; Off          ;
; AH6      ; 131        ; 3B             ; readdata[3]                     ; output ; 2.5 V        ;                     ; Column I/O   ; N               ; no       ; Off          ;
; AH7      ; 132        ; 4A             ; RESERVED_INPUT_WITH_WEAK_PULLUP ;        ;              ;                     ; Column I/O   ;                 ; no       ; On           ;
; AH8      ; 137        ; 4A             ; RESERVED_INPUT_WITH_WEAK_PULLUP ;        ;              ;                     ; Column I/O   ;                 ; no       ; On           ;
; AH9      ; 140        ; 4A             ; RESERVED_INPUT_WITH_WEAK_PULLUP ;        ;              ;                     ; Column I/O   ;                 ; no       ; On           ;
; AH10     ;            ;                ; GND                             ; gnd    ;              ;                     ; --           ;                 ; --       ; --           ;
; AH11     ; 145        ; 4A             ; RESERVED_INPUT_WITH_WEAK_PULLUP ;        ;              ;                     ; Column I/O   ;                 ; no       ; On           ;
; AH12     ; 150        ; 4A             ; readdata[31]                    ; output ; 2.5 V        ;                     ; Column I/O   ; N               ; no       ; Off          ;
; AH13     ; 153        ; 4A             ; RESERVED_INPUT_WITH_WEAK_PULLUP ;        ;              ;                     ; Column I/O   ;                 ; no       ; On           ;
; AH14     ; 156        ; 4A             ; readdata[23]                    ; output ; 2.5 V        ;                     ; Column I/O   ; N               ; no       ; Off          ;
; AH15     ;            ; 4A             ; VCCIO4A                         ; power  ;              ; 2.5V                ; --           ;                 ; --       ; --           ;
; AH16     ; 161        ; 4A             ; readdata[26]                    ; output ; 2.5 V        ;                     ; Column I/O   ; N               ; no       ; Off          ;
; AH17     ; 163        ; 4A             ; readdata[28]                    ; output ; 2.5 V        ;                     ; Column I/O   ; N               ; no       ; Off          ;
; AH18     ; 169        ; 4A             ; readdata[29]                    ; output ; 2.5 V        ;                     ; Column I/O   ; N               ; no       ; Off          ;
; AH19     ; 172        ; 4A             ; RESERVED_INPUT_WITH_WEAK_PULLUP ;        ;              ;                     ; Column I/O   ;                 ; no       ; On           ;
; AH20     ;            ;                ; GND                             ; gnd    ;              ;                     ; --           ;                 ; --       ; --           ;
; AH21     ; 185        ; 4A             ; RESERVED_INPUT_WITH_WEAK_PULLUP ;        ;              ;                     ; Column I/O   ;                 ; no       ; On           ;
; AH22     ; 188        ; 4A             ; RESERVED_INPUT_WITH_WEAK_PULLUP ;        ;              ;                     ; Column I/O   ;                 ; no       ; On           ;
; AH23     ; 190        ; 4A             ; RESERVED_INPUT_WITH_WEAK_PULLUP ;        ;              ;                     ; Column I/O   ;                 ; no       ; On           ;
; AH24     ; 193        ; 4A             ; RESERVED_INPUT_WITH_WEAK_PULLUP ;        ;              ;                     ; Column I/O   ;                 ; no       ; On           ;
; AH25     ;            ; 4A             ; VCCIO4A                         ; power  ;              ; 2.5V                ; --           ;                 ; --       ; --           ;
; AH26     ; 201        ; 4A             ; readdata[27]                    ; output ; 2.5 V        ;                     ; Column I/O   ; N               ; no       ; Off          ;
; AH27     ; 204        ; 4A             ; RESERVED_INPUT_WITH_WEAK_PULLUP ;        ;              ;                     ; Column I/O   ;                 ; no       ; On           ;
; B1       ;            ;                ; GND                             ;        ;              ;                     ; --           ;                 ; --       ; --           ;
; B2       ;            ;                ; DNU                             ;        ;              ;                     ; --           ;                 ; --       ; --           ;
; B3       ;            ;                ; GND                             ; gnd    ;              ;                     ; --           ;                 ; --       ; --           ;
; B4       ; 437        ; 7C             ; RESERVED_INPUT_WITH_WEAK_PULLUP ;        ;              ;                     ; Column I/O   ;                 ; no       ; On           ;
; B5       ;            ;                ; GND                             ; gnd    ;              ;                     ; --           ;                 ; --       ; --           ;
; B6       ; 433        ; 7C             ; RESERVED_INPUT_WITH_WEAK_PULLUP ;        ;              ;                     ; Column I/O   ;                 ; no       ; On           ;
; B7       ;            ;                ; GND                             ; gnd    ;              ;                     ; --           ;                 ; --       ; --           ;
; B8       ; 439        ; 7C             ; RESERVED_INPUT_WITH_WEAK_PULLUP ;        ;              ;                     ; Column I/O   ;                 ; no       ; On           ;
; B9       ; 441        ; 7C             ; RESERVED_INPUT_WITH_WEAK_PULLUP ;        ;              ;                     ; Column I/O   ;                 ; no       ; On           ;
; B10      ;            ; 7C             ; VCCIO7C_HPS                     ; power  ;              ; 2.5V                ; --           ;                 ; --       ; --           ;
; B11      ; 440        ; 7C             ; RESERVED_INPUT_WITH_WEAK_PULLUP ;        ;              ;                     ; Column I/O   ;                 ; no       ; On           ;
; B12      ; 438        ; 7C             ; RESERVED_INPUT_WITH_WEAK_PULLUP ;        ;              ;                     ; Column I/O   ;                 ; no       ; On           ;
; B13      ;            ; 7B             ; VCCIO7B_HPS                     ; power  ;              ; 2.5V                ; --           ;                 ; --       ; --           ;
; B14      ; 427        ; 7B             ; RESERVED_INPUT_WITH_WEAK_PULLUP ;        ;              ;                     ; Column I/O   ;                 ; no       ; On           ;
; B15      ;            ;                ; GND                             ; gnd    ;              ;                     ; --           ;                 ; --       ; --           ;
; B16      ; 402        ; 7A             ; RESERVED_INPUT_WITH_WEAK_PULLUP ;        ;              ;                     ; Column I/O   ;                 ; no       ; On           ;
; B17      ;            ;                ; GND                             ; gnd    ;              ;                     ; --           ;                 ; --       ; --           ;
; B18      ; 397        ; 7A             ; RESERVED_INPUT_WITH_WEAK_PULLUP ;        ;              ;                     ; Column I/O   ;                 ; no       ; On           ;
; B19      ; 403        ; 7A             ; RESERVED_INPUT_WITH_WEAK_PULLUP ;        ;              ;                     ; Column I/O   ;                 ; no       ; On           ;
; B20      ;            ;                ; GND                             ; gnd    ;              ;                     ; --           ;                 ; --       ; --           ;
; B21      ; 388        ; 7A             ; RESERVED_INPUT_WITH_WEAK_PULLUP ;        ;              ;                     ; Column I/O   ;                 ; no       ; On           ;
; B22      ;            ;                ; GND                             ; gnd    ;              ;                     ; --           ;                 ; --       ; --           ;
; B23      ; 376        ; 7A             ; ^HPS_TDO                        ;        ;              ;                     ; --           ;                 ; --       ; --           ;
; B24      ; 363        ; 6A             ; RESERVED_INPUT_WITH_WEAK_PULLUP ;        ;              ;                     ; Row I/O      ;                 ; no       ; On           ;
; B25      ;            ;                ; GND                             ; gnd    ;              ;                     ; --           ;                 ; --       ; --           ;
; B26      ; 351        ; 6A             ; RESERVED_INPUT_WITH_WEAK_PULLUP ;        ;              ;                     ; Row I/O      ;                 ; no       ; On           ;
; B27      ;            ;                ; GND                             ; gnd    ;              ;                     ; --           ;                 ; --       ; --           ;
; B28      ; 343        ; 6A             ; RESERVED_INPUT_WITH_WEAK_PULLUP ;        ;              ;                     ; Row I/O      ;                 ; no       ; On           ;
; C1       ;            ;                ; GND                             ; gnd    ;              ;                     ; --           ;                 ; --       ; --           ;
; C2       ;            ;                ; GND                             ; gnd    ;              ;                     ; --           ;                 ; --       ; --           ;
; C3       ;            ;                ; GND                             ; gnd    ;              ;                     ; --           ;                 ; --       ; --           ;
; C4       ; 446        ; 7D             ; RESERVED_INPUT_WITH_WEAK_PULLUP ;        ;              ;                     ; Column I/O   ;                 ; no       ; On           ;
; C5       ; 453        ; 7D             ; RESERVED_INPUT_WITH_WEAK_PULLUP ;        ;              ;                     ; Column I/O   ;                 ; no       ; On           ;
; C6       ; 451        ; 7D             ; RESERVED_INPUT_WITH_WEAK_PULLUP ;        ;              ;                     ; Column I/O   ;                 ; no       ; On           ;
; C7       ; 449        ; 7D             ; RESERVED_INPUT_WITH_WEAK_PULLUP ;        ;              ;                     ; Column I/O   ;                 ; no       ; On           ;
; C8       ; 447        ; 7D             ; RESERVED_INPUT_WITH_WEAK_PULLUP ;        ;              ;                     ; Column I/O   ;                 ; no       ; On           ;
; C9       ; 445        ; 7D             ; RESERVED_INPUT_WITH_WEAK_PULLUP ;        ;              ;                     ; Column I/O   ;                 ; no       ; On           ;
; C10      ; 443        ; 7D             ; RESERVED_INPUT_WITH_WEAK_PULLUP ;        ;              ;                     ; Column I/O   ;                 ; no       ; On           ;
; C11      ;            ;                ; GND                             ; gnd    ;              ;                     ; --           ;                 ; --       ; --           ;
; C12      ; 460        ; 8A             ; RESERVED_INPUT_WITH_WEAK_PULLUP ;        ;              ;                     ; Column I/O   ;                 ; no       ; On           ;
; C13      ; 432        ; 7C             ; RESERVED_INPUT_WITH_WEAK_PULLUP ;        ;              ;                     ; Column I/O   ;                 ; no       ; On           ;
; C14      ; 426        ; 7B             ; RESERVED_INPUT_WITH_WEAK_PULLUP ;        ;              ;                     ; Column I/O   ;                 ; no       ; On           ;
; C15      ; 418        ; 7B             ; RESERVED_INPUT_WITH_WEAK_PULLUP ;        ;              ;                     ; Column I/O   ;                 ; no       ; On           ;
; C16      ; 404        ; 7A             ; RESERVED_INPUT_WITH_WEAK_PULLUP ;        ;              ;                     ; Column I/O   ;                 ; no       ; On           ;
; C17      ; 396        ; 7A             ; RESERVED_INPUT_WITH_WEAK_PULLUP ;        ;              ;                     ; Column I/O   ;                 ; no       ; On           ;
; C18      ; 394        ; 7A             ; RESERVED_INPUT_WITH_WEAK_PULLUP ;        ;              ;                     ; Column I/O   ;                 ; no       ; On           ;
; C19      ; 401        ; 7A             ; RESERVED_INPUT_WITH_WEAK_PULLUP ;        ;              ;                     ; Column I/O   ;                 ; no       ; On           ;
; C20      ;            ; 7A             ; VCCIO7A_HPS                     ; power  ;              ; 2.5V                ; --           ;                 ; --       ; --           ;
; C21      ; 386        ; 7A             ; RESERVED_INPUT_WITH_WEAK_PULLUP ;        ;              ;                     ; Column I/O   ;                 ; no       ; On           ;
; C22      ; 380        ; 7A             ; ^HPS_TRST                       ;        ;              ;                     ; --           ;                 ; --       ; --           ;
; C23      ; 378        ; 7A             ; ^HPS_TMS                        ;        ;              ;                     ; --           ;                 ; --       ; --           ;
; C24      ; 367        ; 6A             ; RESERVED_INPUT_WITH_WEAK_PULLUP ;        ;              ;                     ; Row I/O      ;                 ; no       ; On           ;
; C25      ;            ; 6A             ; VCCIO6A_HPS                     ; power  ;              ; 2.5V                ; --           ;                 ; --       ; --           ;
; C26      ; 349        ; 6A             ; RESERVED_INPUT_WITH_WEAK_PULLUP ;        ;              ;                     ; Row I/O      ;                 ; no       ; On           ;
; C27      ;            ; 6A             ; VCCIO6A_HPS                     ; power  ;              ; 2.5V                ; --           ;                 ; --       ; --           ;
; C28      ; 341        ; 6A             ; RESERVED_INPUT_WITH_WEAK_PULLUP ;        ;              ;                     ; Row I/O      ;                 ; no       ; On           ;
; D1       ;            ;                ; DNU                             ;        ;              ;                     ; --           ;                 ; --       ; --           ;
; D2       ;            ;                ; DNU                             ;        ;              ;                     ; --           ;                 ; --       ; --           ;
; D3       ;            ;                ; GND                             ; gnd    ;              ;                     ; --           ;                 ; --       ; --           ;
; D4       ; 448        ; 7D             ; RESERVED_INPUT_WITH_WEAK_PULLUP ;        ;              ;                     ; Column I/O   ;                 ; no       ; On           ;
; D5       ; 455        ; 7D             ; RESERVED_INPUT_WITH_WEAK_PULLUP ;        ;              ;                     ; Column I/O   ;                 ; no       ; On           ;
; D6       ;            ; 7D             ; VCCIO7D_HPS                     ; power  ;              ; 2.5V                ; --           ;                 ; --       ; --           ;
; D7       ;            ; --             ; VCCBAT                          ; power  ;              ; 1.2V                ; --           ;                 ; --       ; --           ;
; D8       ; 465        ; 8A             ; RESERVED_INPUT_WITH_WEAK_PULLUP ;        ;              ;                     ; Column I/O   ;                 ; no       ; On           ;
; D9       ;            ; 8A             ; VREFB8AN0                       ; power  ;              ;                     ; --           ;                 ; --       ; --           ;
; D10      ;            ;                ; GND                             ; gnd    ;              ;                     ; --           ;                 ; --       ; --           ;
; D11      ; 476        ; 8A             ; RESERVED_INPUT_WITH_WEAK_PULLUP ;        ;              ;                     ; Column I/O   ;                 ; no       ; On           ;
; D12      ; 458        ; 8A             ; RESERVED_INPUT_WITH_WEAK_PULLUP ;        ;              ;                     ; Column I/O   ;                 ; no       ; On           ;
; D13      ;            ;                ; GND                             ; gnd    ;              ;                     ; --           ;                 ; --       ; --           ;
; D14      ; 430        ; 7C             ; RESERVED_INPUT_WITH_WEAK_PULLUP ;        ;              ;                     ; Column I/O   ;                 ; no       ; On           ;
; D15      ; 420        ; 7B             ; RESERVED_INPUT_WITH_WEAK_PULLUP ;        ;              ;                     ; Column I/O   ;                 ; no       ; On           ;
; D16      ;            ;                ; GND                             ; gnd    ;              ;                     ; --           ;                 ; --       ; --           ;
; D17      ; 410        ; 7B             ; RESERVED_INPUT_WITH_WEAK_PULLUP ;        ;              ;                     ; Column I/O   ;                 ; no       ; On           ;
; D18      ;            ; 7A             ; VCCIO7A_HPS                     ; power  ;              ; 2.5V                ; --           ;                 ; --       ; --           ;
; D19      ;            ; 7A, 7B, 7C, 7D ; VREFB7A7B7C7DN0_HPS             ; power  ;              ;                     ; --           ;                 ; --       ; --           ;
; D20      ; 385        ; 7A             ; ^HPS_CLK2                       ;        ;              ;                     ; --           ;                 ; --       ; --           ;
; D21      ; 382        ; 7A             ; ^GND                            ;        ;              ;                     ; --           ;                 ; --       ; --           ;
; D22      ; 381        ; 7A             ; ^HPS_TDI                        ;        ;              ;                     ; --           ;                 ; --       ; --           ;
; D23      ;            ;                ; DNU                             ;        ;              ;                     ; --           ;                 ; --       ; --           ;
; D24      ; 365        ; 6A             ; RESERVED_INPUT_WITH_WEAK_PULLUP ;        ;              ;                     ; Row I/O      ;                 ; no       ; On           ;
; D25      ; 371        ; 6A             ; HPS_RZQ_0                       ;        ;              ;                     ; --           ;                 ; no       ; On           ;
; D26      ; 347        ; 6A             ; RESERVED_INPUT_WITH_WEAK_PULLUP ;        ;              ;                     ; Row I/O      ;                 ; no       ; On           ;
; D27      ; 335        ; 6A             ; RESERVED_INPUT_WITH_WEAK_PULLUP ;        ;              ;                     ; Row I/O      ;                 ; no       ; On           ;
; D28      ; 333        ; 6A             ; RESERVED_INPUT_WITH_WEAK_PULLUP ;        ;              ;                     ; Row I/O      ;                 ; no       ; On           ;
; E1       ;            ;                ; GND                             ; gnd    ;              ;                     ; --           ;                 ; --       ; --           ;
; E2       ;            ;                ; GND                             ; gnd    ;              ;                     ; --           ;                 ; --       ; --           ;
; E3       ;            ;                ; GND                             ; gnd    ;              ;                     ; --           ;                 ; --       ; --           ;
; E4       ; 442        ; 7D             ; RESERVED_INPUT_WITH_WEAK_PULLUP ;        ;              ;                     ; Column I/O   ;                 ; no       ; On           ;
; E5       ; 454        ; 7D             ; RESERVED_INPUT_WITH_WEAK_PULLUP ;        ;              ;                     ; Column I/O   ;                 ; no       ; On           ;
; E6       ; 542        ; 9A             ; ^nCE                            ;        ;              ;                     ; --           ;                 ; --       ; --           ;
; E7       ;            ; 8A             ; VCCIO8A                         ; power  ;              ; 2.5V                ; --           ;                 ; --       ; --           ;
; E8       ; 463        ; 8A             ; RESERVED_INPUT_WITH_WEAK_PULLUP ;        ;              ;                     ; Column I/O   ;                 ; no       ; On           ;
; E9       ;            ;                ; GND                             ; gnd    ;              ;                     ; --           ;                 ; --       ; --           ;
; E10      ;            ; 8A             ; VCCPD8A                         ; power  ;              ; 2.5V                ; --           ;                 ; --       ; --           ;
; E11      ; 474        ; 8A             ; RESERVED_INPUT_WITH_WEAK_PULLUP ;        ;              ;                     ; Column I/O   ;                 ; no       ; On           ;
; E12      ;            ;                ; DNU                             ;        ;              ;                     ; --           ;                 ; --       ; --           ;
; E13      ;            ; 7D             ; VCCPD7D_HPS                     ; power  ;              ; 2.5V                ; --           ;                 ; --       ; --           ;
; E14      ;            ; 7C             ; VCCPD7C_HPS                     ; power  ;              ; 2.5V                ; --           ;                 ; --       ; --           ;
; E15      ;            ; --             ; VCC_AUX                         ; power  ;              ; 2.5V                ; --           ;                 ; --       ; --           ;
; E16      ; 412        ; 7B             ; RESERVED_INPUT_WITH_WEAK_PULLUP ;        ;              ;                     ; Column I/O   ;                 ; no       ; On           ;
; E17      ;            ; 7B             ; VCCPD7B_HPS                     ; power  ;              ; 2.5V                ; --           ;                 ; --       ; --           ;
; E18      ; 383        ; 7A             ; ^HPS_PORSEL                     ;        ;              ;                     ; --           ;                 ; --       ; --           ;
; E19      ;            ;                ; GND                             ; gnd    ;              ;                     ; --           ;                 ; --       ; --           ;
; E20      ; 384        ; 7A             ; ^HPS_CLK1                       ;        ;              ;                     ; --           ;                 ; --       ; --           ;
; E21      ;            ; 7A             ; VCCPD7A_HPS                     ; power  ;              ; 2.5V                ; --           ;                 ; --       ; --           ;
; E22      ;            ;                ; GND                             ; gnd    ;              ;                     ; --           ;                 ; --       ; --           ;
; E23      ; 373        ; 7A             ; ^GND                            ;        ;              ;                     ; --           ;                 ; --       ; --           ;
; E24      ;            ;                ; GND                             ; gnd    ;              ;                     ; --           ;                 ; --       ; --           ;
; E25      ; 369        ; 6A             ; RESERVED_INPUT_WITH_WEAK_PULLUP ;        ;              ;                     ; Row I/O      ;                 ; no       ; On           ;
; E26      ; 345        ; 6A             ; RESERVED_INPUT_WITH_WEAK_PULLUP ;        ;              ;                     ; Row I/O      ;                 ; no       ; On           ;
; E27      ;            ;                ; GND                             ; gnd    ;              ;                     ; --           ;                 ; --       ; --           ;
; E28      ; 337        ; 6A             ; RESERVED_INPUT_WITH_WEAK_PULLUP ;        ;              ;                     ; Row I/O      ;                 ; no       ; On           ;
; F1       ;            ;                ; GND                             ; gnd    ;              ;                     ; --           ;                 ; --       ; --           ;
; F2       ;            ;                ; GND                             ; gnd    ;              ;                     ; --           ;                 ; --       ; --           ;
; F3       ;            ;                ; GND                             ; gnd    ;              ;                     ; --           ;                 ; --       ; --           ;
; F4       ; 450        ; 7D             ; RESERVED_INPUT_WITH_WEAK_PULLUP ;        ;              ;                     ; Column I/O   ;                 ; no       ; On           ;
; F5       ; 444        ; 7D             ; RESERVED_INPUT_WITH_WEAK_PULLUP ;        ;              ;                     ; Column I/O   ;                 ; no       ; On           ;
; F6       ; 547        ; 9A             ; ^GND                            ;        ;              ;                     ; --           ;                 ; --       ; --           ;
; F7       ; 545        ; 9A             ; ^nCONFIG                        ;        ;              ;                     ; --           ;                 ; --       ; --           ;
; F8       ;            ; --             ; VCC_AUX                         ; power  ;              ; 2.5V                ; --           ;                 ; --       ; --           ;
; F21      ;            ; --             ; VCC_AUX_SHARED                  ; power  ;              ; 2.5V                ; --           ;                 ; --       ; --           ;
; F22      ;            ; --             ; VCCRSTCLK_HPS                   ; power  ;              ; 1.8V/2.5V/3.0V/3.3V ; --           ;                 ; --       ; --           ;
; F23      ; 372        ; 7A             ; ^GND                            ;        ;              ;                     ; --           ;                 ; --       ; --           ;
; F24      ; 370        ; 6A             ; RESERVED_INPUT_WITH_WEAK_PULLUP ;        ;              ;                     ; Row I/O      ;                 ; no       ; On           ;
; F25      ; 362        ; 6A             ; RESERVED_INPUT_WITH_WEAK_PULLUP ;        ;              ;                     ; Row I/O      ;                 ; no       ; On           ;
; F26      ; 360        ; 6A             ; RESERVED_INPUT_WITH_WEAK_PULLUP ;        ;              ;                     ; Row I/O      ;                 ; no       ; On           ;
; F27      ;            ; 6A             ; VCCIO6A_HPS                     ; power  ;              ; 2.5V                ; --           ;                 ; --       ; --           ;
; F28      ; 327        ; 6A             ; RESERVED_INPUT_WITH_WEAK_PULLUP ;        ;              ;                     ; Row I/O      ;                 ; no       ; On           ;
; G1       ;            ;                ; GND                             ; gnd    ;              ;                     ; --           ;                 ; --       ; --           ;
; G2       ;            ;                ; GND                             ; gnd    ;              ;                     ; --           ;                 ; --       ; --           ;
; G3       ;            ;                ; GND                             ; gnd    ;              ;                     ; --           ;                 ; --       ; --           ;
; G4       ; 452        ; 7D             ; RESERVED_INPUT_WITH_WEAK_PULLUP ;        ;              ;                     ; Column I/O   ;                 ; no       ; On           ;
; G5       ;            ; 7D             ; VCCIO7D_HPS                     ; power  ;              ; 2.5V                ; --           ;                 ; --       ; --           ;
; G6       ; 543        ; 9A             ; ^MSEL2                          ;        ;              ;                     ; --           ;                 ; --       ; --           ;
; G23      ; 368        ; 6A             ; RESERVED_INPUT_WITH_WEAK_PULLUP ;        ;              ;                     ; Row I/O      ;                 ; no       ; On           ;
; G24      ;            ; 6A             ; VCCIO6A_HPS                     ; power  ;              ; 2.5V                ; --           ;                 ; --       ; --           ;
; G25      ; 354        ; 6A             ; RESERVED_INPUT_WITH_WEAK_PULLUP ;        ;              ;                     ; Row I/O      ;                 ; no       ; On           ;
; G26      ; 331        ; 6A             ; RESERVED_INPUT_WITH_WEAK_PULLUP ;        ;              ;                     ; Row I/O      ;                 ; no       ; On           ;
; G27      ; 329        ; 6A             ; RESERVED_INPUT_WITH_WEAK_PULLUP ;        ;              ;                     ; Row I/O      ;                 ; no       ; On           ;
; G28      ; 325        ; 6A             ; RESERVED_INPUT_WITH_WEAK_PULLUP ;        ;              ;                     ; Row I/O      ;                 ; no       ; On           ;
; H1       ;            ;                ; DNU                             ;        ;              ;                     ; --           ;                 ; --       ; --           ;
; H2       ;            ;                ; DNU                             ;        ;              ;                     ; --           ;                 ; --       ; --           ;
; H3       ;            ;                ; GND                             ; gnd    ;              ;                     ; --           ;                 ; --       ; --           ;
; H4       ;            ;                ; GND                             ; gnd    ;              ;                     ; --           ;                 ; --       ; --           ;
; H5       ;            ;                ; GND                             ; gnd    ;              ;                     ; --           ;                 ; --       ; --           ;
; H6       ;            ;                ; GND                             ; gnd    ;              ;                     ; --           ;                 ; --       ; --           ;
; H8       ; 541        ; 9A             ; ^nSTATUS                        ;        ;              ;                     ; --           ;                 ; --       ; --           ;
; H9       ; 540        ; 9A             ; ^MSEL1                          ;        ;              ;                     ; --           ;                 ; --       ; --           ;
; H10      ;            ; --             ; VCCPGM                          ; power  ;              ; 1.8V/2.5V/3.0V/3.3V ; --           ;                 ; --       ; --           ;
; H11      ;            ;                ; GND                             ; gnd    ;              ;                     ; --           ;                 ; --       ; --           ;
; H12      ; 436        ; 7C             ; RESERVED_INPUT_WITH_WEAK_PULLUP ;        ;              ;                     ; Column I/O   ;                 ; no       ; On           ;
; H13      ; 434        ; 7C             ; RESERVED_INPUT_WITH_WEAK_PULLUP ;        ;              ;                     ; Column I/O   ;                 ; no       ; On           ;
; H14      ;            ; 7B             ; VCCIO7B_HPS                     ; power  ;              ; 2.5V                ; --           ;                 ; --       ; --           ;
; H15      ;            ;                ; GND                             ; gnd    ;              ;                     ; --           ;                 ; --       ; --           ;
; H16      ; 422        ; 7B             ; RESERVED_INPUT_WITH_WEAK_PULLUP ;        ;              ;                     ; Column I/O   ;                 ; no       ; On           ;
; H17      ; 400        ; 7A             ; RESERVED_INPUT_WITH_WEAK_PULLUP ;        ;              ;                     ; Column I/O   ;                 ; no       ; On           ;
; H18      ;            ;                ; GND                             ; gnd    ;              ;                     ; --           ;                 ; --       ; --           ;
; H19      ; 375        ; 7A             ; ^HPS_nPOR                       ;        ;              ;                     ; --           ;                 ; --       ; --           ;
; H20      ;            ;                ; GND                             ; gnd    ;              ;                     ; --           ;                 ; --       ; --           ;
; H21      ;            ; 6A             ; VCCIO6A_HPS                     ; power  ;              ; 2.5V                ; --           ;                 ; --       ; --           ;
; H23      ;            ; --             ; VCCPLL_HPS                      ; power  ;              ; 2.5V                ; --           ;                 ; --       ; --           ;
; H24      ;            ;                ; GND                             ; gnd    ;              ;                     ; --           ;                 ; --       ; --           ;
; H25      ; 352        ; 6A             ; RESERVED_INPUT_WITH_WEAK_PULLUP ;        ;              ;                     ; Row I/O      ;                 ; no       ; On           ;
; H26      ;            ; 6A             ; VCCIO6A_HPS                     ; power  ;              ; 2.5V                ; --           ;                 ; --       ; --           ;
; H27      ;            ;                ; GND                             ; gnd    ;              ;                     ; --           ;                 ; --       ; --           ;
; H28      ; 339        ; 6A             ; RESERVED_INPUT_WITH_WEAK_PULLUP ;        ;              ;                     ; Row I/O      ;                 ; --       ; --           ;
; J1       ;            ;                ; GND                             ; gnd    ;              ;                     ; --           ;                 ; --       ; --           ;
; J2       ;            ;                ; GND                             ; gnd    ;              ;                     ; --           ;                 ; --       ; --           ;
; J3       ;            ;                ; GND                             ; gnd    ;              ;                     ; --           ;                 ; --       ; --           ;
; J4       ;            ; --             ; VCCA_FPLL                       ; power  ;              ; 2.5V                ; --           ;                 ; --       ; --           ;
; J5       ;            ;                ; GND                             ; gnd    ;              ;                     ; --           ;                 ; --       ; --           ;
; J8       ; 539        ; 9A             ; ^CONF_DONE                      ;        ;              ;                     ; --           ;                 ; --       ; --           ;
; J9       ;            ;                ; GND                             ; gnd    ;              ;                     ; --           ;                 ; --       ; --           ;
; J10      ; 538        ; 9A             ; ^MSEL0                          ;        ;              ;                     ; --           ;                 ; --       ; --           ;
; J11      ;            ; --             ; VCC                             ; power  ;              ; 1.1V                ; --           ;                 ; --       ; --           ;
; J12      ; 416        ; 7B             ; RESERVED_INPUT_WITH_WEAK_PULLUP ;        ;              ;                     ; Column I/O   ;                 ; no       ; On           ;
; J13      ; 414        ; 7B             ; RESERVED_INPUT_WITH_WEAK_PULLUP ;        ;              ;                     ; Column I/O   ;                 ; no       ; On           ;
; J14      ; 408        ; 7B             ; RESERVED_INPUT_WITH_WEAK_PULLUP ;        ;              ;                     ; Column I/O   ;                 ; no       ; On           ;
; J15      ; 406        ; 7B             ; RESERVED_INPUT_WITH_WEAK_PULLUP ;        ;              ;                     ; Column I/O   ;                 ; no       ; On           ;
; J16      ; 424        ; 7B             ; RESERVED_INPUT_WITH_WEAK_PULLUP ;        ;              ;                     ; Column I/O   ;                 ; no       ; On           ;
; J17      ; 398        ; 7A             ; RESERVED_INPUT_WITH_WEAK_PULLUP ;        ;              ;                     ; Column I/O   ;                 ; no       ; On           ;
; J18      ; 392        ; 7A             ; RESERVED_INPUT_WITH_WEAK_PULLUP ;        ;              ;                     ; Column I/O   ;                 ; no       ; On           ;
; J19      ; 377        ; 7A             ; ^VCCRSTCLK_HPS                  ;        ;              ;                     ; --           ;                 ; --       ; --           ;
; J20      ; 346        ; 6A             ; RESERVED_INPUT_WITH_WEAK_PULLUP ;        ;              ;                     ; Row I/O      ;                 ; no       ; On           ;
; J21      ; 344        ; 6A             ; RESERVED_INPUT_WITH_WEAK_PULLUP ;        ;              ;                     ; Row I/O      ;                 ; no       ; On           ;
; J24      ; 336        ; 6A             ; RESERVED_INPUT_WITH_WEAK_PULLUP ;        ;              ;                     ; Row I/O      ;                 ; no       ; On           ;
; J25      ; 338        ; 6A             ; RESERVED_INPUT_WITH_WEAK_PULLUP ;        ;              ;                     ; Row I/O      ;                 ; no       ; On           ;
; J26      ; 330        ; 6A             ; RESERVED_INPUT_WITH_WEAK_PULLUP ;        ;              ;                     ; Row I/O      ;                 ; no       ; On           ;
; J27      ; 321        ; 6A             ; RESERVED_INPUT_WITH_WEAK_PULLUP ;        ;              ;                     ; Row I/O      ;                 ; no       ; On           ;
; J28      ; 319        ; 6A             ; RESERVED_INPUT_WITH_WEAK_PULLUP ;        ;              ;                     ; Row I/O      ;                 ; no       ; On           ;
; K1       ;            ;                ; GND                             ; gnd    ;              ;                     ; --           ;                 ; --       ; --           ;
; K2       ;            ;                ; GND                             ; gnd    ;              ;                     ; --           ;                 ; --       ; --           ;
; K3       ;            ;                ; GND                             ; gnd    ;              ;                     ; --           ;                 ; --       ; --           ;
; K4       ;            ;                ; GND                             ; gnd    ;              ;                     ; --           ;                 ; --       ; --           ;
; K5       ;            ; --             ; VCCA_FPLL                       ; power  ;              ; 2.5V                ; --           ;                 ; --       ; --           ;
; K8       ;            ;                ; GND                             ; gnd    ;              ;                     ; --           ;                 ; --       ; --           ;
; K9       ; 546        ; 9A             ; ^MSEL4                          ;        ;              ;                     ; --           ;                 ; --       ; --           ;
; K10      ; 544        ; 9A             ; ^MSEL3                          ;        ;              ;                     ; --           ;                 ; --       ; --           ;
; K11      ;            ;                ; GND                             ; gnd    ;              ;                     ; --           ;                 ; --       ; --           ;
; K12      ;            ;                ; GND                             ; gnd    ;              ;                     ; --           ;                 ; --       ; --           ;
; K13      ;            ; --             ; VCC                             ; power  ;              ; 1.1V                ; --           ;                 ; --       ; --           ;
; K14      ;            ;                ; GND                             ; gnd    ;              ;                     ; --           ;                 ; --       ; --           ;
; K15      ;            ; --             ; VCC                             ; power  ;              ; 1.1V                ; --           ;                 ; --       ; --           ;
; K16      ;            ;                ; GND                             ; gnd    ;              ;                     ; --           ;                 ; --       ; --           ;
; K17      ;            ; --             ; VCC_HPS                         ; power  ;              ; 1.1V                ; --           ;                 ; --       ; --           ;
; K18      ; 390        ; 7A             ; RESERVED_INPUT_WITH_WEAK_PULLUP ;        ;              ;                     ; Column I/O   ;                 ; no       ; On           ;
; K19      ; 379        ; 7A             ; ^HPS_TCK                        ;        ;              ;                     ; --           ;                 ; --       ; --           ;
; K20      ;            ;                ; GND                             ; gnd    ;              ;                     ; --           ;                 ; --       ; --           ;
; K21      ;            ; 6A, 6B         ; VCCPD6A6B_HPS                   ; power  ;              ; 2.5V                ; --           ;                 ; --       ; --           ;
; K24      ;            ; 6A, 6B         ; VCCPD6A6B_HPS                   ; power  ;              ; 2.5V                ; --           ;                 ; --       ; --           ;
; K25      ; 322        ; 6A             ; RESERVED_INPUT_WITH_WEAK_PULLUP ;        ;              ;                     ; Row I/O      ;                 ; no       ; On           ;
; K26      ; 328        ; 6A             ; RESERVED_INPUT_WITH_WEAK_PULLUP ;        ;              ;                     ; Row I/O      ;                 ; no       ; On           ;
; K27      ; 323        ; 6A             ; RESERVED_INPUT_WITH_WEAK_PULLUP ;        ;              ;                     ; Row I/O      ;                 ; no       ; On           ;
; K28      ; 317        ; 6A             ; RESERVED_INPUT_WITH_WEAK_PULLUP ;        ;              ;                     ; Row I/O      ;                 ; no       ; On           ;
; L1       ;            ;                ; GND                             ; gnd    ;              ;                     ; --           ;                 ; --       ; --           ;
; L2       ;            ;                ; GND                             ; gnd    ;              ;                     ; --           ;                 ; --       ; --           ;
; L3       ;            ;                ; GND                             ; gnd    ;              ;                     ; --           ;                 ; --       ; --           ;
; L4       ;            ; --             ; VCC                             ; power  ;              ; 1.1V                ; --           ;                 ; --       ; --           ;
; L5       ;            ;                ; GND                             ; gnd    ;              ;                     ; --           ;                 ; --       ; --           ;
; L8       ;            ;                ; GND                             ; gnd    ;              ;                     ; --           ;                 ; --       ; --           ;
; L9       ;            ;                ; GND                             ; gnd    ;              ;                     ; --           ;                 ; --       ; --           ;
; L10      ;            ;                ; GND                             ; gnd    ;              ;                     ; --           ;                 ; --       ; --           ;
; L11      ;            ; --             ; VCC                             ; power  ;              ; 1.1V                ; --           ;                 ; --       ; --           ;
; L12      ;            ; --             ; VCC                             ; power  ;              ; 1.1V                ; --           ;                 ; --       ; --           ;
; L13      ;            ;                ; GND                             ; gnd    ;              ;                     ; --           ;                 ; --       ; --           ;
; L14      ;            ; --             ; VCC                             ; power  ;              ; 1.1V                ; --           ;                 ; --       ; --           ;
; L15      ;            ;                ; GND                             ; gnd    ;              ;                     ; --           ;                 ; --       ; --           ;
; L16      ;            ; --             ; VCC_HPS                         ; power  ;              ; 1.1V                ; --           ;                 ; --       ; --           ;
; L17      ;            ;                ; GND                             ; gnd    ;              ;                     ; --           ;                 ; --       ; --           ;
; L18      ;            ; --             ; VCC_HPS                         ; power  ;              ; 1.1V                ; --           ;                 ; --       ; --           ;
; L19      ;            ;                ; GND                             ; gnd    ;              ;                     ; --           ;                 ; --       ; --           ;
; L20      ; 366        ; 6A             ; RESERVED_INPUT_WITH_WEAK_PULLUP ;        ;              ;                     ; Row I/O      ;                 ; no       ; On           ;
; L21      ; 364        ; 6A             ; RESERVED_INPUT_WITH_WEAK_PULLUP ;        ;              ;                     ; Row I/O      ;                 ; no       ; On           ;
; L24      ;            ;                ; GND                             ; gnd    ;              ;                     ; --           ;                 ; --       ; --           ;
; L25      ; 320        ; 6A             ; RESERVED_INPUT_WITH_WEAK_PULLUP ;        ;              ;                     ; Row I/O      ;                 ; no       ; On           ;
; L26      ;            ; 6A             ; VCCIO6A_HPS                     ; power  ;              ; 2.5V                ; --           ;                 ; --       ; --           ;
; L27      ;            ;                ; GND                             ; gnd    ;              ;                     ; --           ;                 ; --       ; --           ;
; L28      ; 315        ; 6A             ; RESERVED_INPUT_WITH_WEAK_PULLUP ;        ;              ;                     ; Row I/O      ;                 ; no       ; On           ;
; M1       ;            ;                ; DNU                             ;        ;              ;                     ; --           ;                 ; --       ; --           ;
; M2       ;            ;                ; DNU                             ;        ;              ;                     ; --           ;                 ; --       ; --           ;
; M3       ;            ;                ; GND                             ; gnd    ;              ;                     ; --           ;                 ; --       ; --           ;
; M4       ;            ; --             ; VCCA_FPLL                       ; power  ;              ; 2.5V                ; --           ;                 ; --       ; --           ;
; M5       ;            ; --             ; VCC                             ; power  ;              ; 1.1V                ; --           ;                 ; --       ; --           ;
; M8       ;            ;                ; GND                             ; gnd    ;              ;                     ; --           ;                 ; --       ; --           ;
; M9       ;            ; --             ; VCC                             ; power  ;              ; 1.1V                ; --           ;                 ; --       ; --           ;
; M10      ;            ;                ; GND                             ; gnd    ;              ;                     ; --           ;                 ; --       ; --           ;
; M11      ;            ;                ; GND                             ; gnd    ;              ;                     ; --           ;                 ; --       ; --           ;
; M12      ;            ; --             ; VCC                             ; power  ;              ; 1.1V                ; --           ;                 ; --       ; --           ;
; M13      ;            ; --             ; VCC                             ; power  ;              ; 1.1V                ; --           ;                 ; --       ; --           ;
; M14      ;            ;                ; GND                             ; gnd    ;              ;                     ; --           ;                 ; --       ; --           ;
; M15      ;            ; --             ; VCC                             ; power  ;              ; 1.1V                ; --           ;                 ; --       ; --           ;
; M16      ;            ;                ; GND                             ; gnd    ;              ;                     ; --           ;                 ; --       ; --           ;
; M17      ;            ; --             ; VCC_HPS                         ; power  ;              ; 1.1V                ; --           ;                 ; --       ; --           ;
; M18      ;            ; --             ; VCC_HPS                         ; power  ;              ; 1.1V                ; --           ;                 ; --       ; --           ;
; M19      ;            ; --             ; VCC_HPS                         ; power  ;              ; 1.1V                ; --           ;                 ; --       ; --           ;
; M20      ;            ;                ; GND                             ; gnd    ;              ;                     ; --           ;                 ; --       ; --           ;
; M21      ;            ; 6A             ; VCCIO6A_HPS                     ; power  ;              ; 2.5V                ; --           ;                 ; --       ; --           ;
; M24      ;            ; 6A, 6B         ; VCCPD6A6B_HPS                   ; power  ;              ; 2.5V                ; --           ;                 ; --       ; --           ;
; M25      ; 324        ; 6A             ; RESERVED_INPUT_WITH_WEAK_PULLUP ;        ;              ;                     ; Row I/O      ;                 ; no       ; On           ;
; M26      ; 312        ; 6A             ; RESERVED_INPUT_WITH_WEAK_PULLUP ;        ;              ;                     ; Row I/O      ;                 ; no       ; On           ;
; M27      ; 314        ; 6A             ; RESERVED_INPUT_WITH_WEAK_PULLUP ;        ;              ;                     ; Row I/O      ;                 ; no       ; On           ;
; M28      ; 313        ; 6A             ; RESERVED_INPUT_WITH_WEAK_PULLUP ;        ;              ;                     ; Row I/O      ;                 ; no       ; On           ;
; N1       ;            ;                ; GND                             ; gnd    ;              ;                     ; --           ;                 ; --       ; --           ;
; N2       ;            ;                ; GND                             ; gnd    ;              ;                     ; --           ;                 ; --       ; --           ;
; N3       ;            ;                ; GND                             ; gnd    ;              ;                     ; --           ;                 ; --       ; --           ;
; N4       ;            ;                ; GND                             ; gnd    ;              ;                     ; --           ;                 ; --       ; --           ;
; N5       ;            ; --             ; VCC                             ; power  ;              ; 1.1V                ; --           ;                 ; --       ; --           ;
; N8       ;            ;                ; GND                             ; gnd    ;              ;                     ; --           ;                 ; --       ; --           ;
; N9       ;            ; --             ; VCC                             ; power  ;              ; 1.1V                ; --           ;                 ; --       ; --           ;
; N10      ;            ; --             ; VCC                             ; power  ;              ; 1.1V                ; --           ;                 ; --       ; --           ;
; N11      ;            ; --             ; VCC                             ; power  ;              ; 1.1V                ; --           ;                 ; --       ; --           ;
; N12      ;            ; --             ; VCC                             ; power  ;              ; 1.1V                ; --           ;                 ; --       ; --           ;
; N13      ;            ;                ; GND                             ; gnd    ;              ;                     ; --           ;                 ; --       ; --           ;
; N14      ;            ; --             ; VCC                             ; power  ;              ; 1.1V                ; --           ;                 ; --       ; --           ;
; N15      ;            ;                ; GND                             ; gnd    ;              ;                     ; --           ;                 ; --       ; --           ;
; N16      ;            ; --             ; VCC_HPS                         ; power  ;              ; 1.1V                ; --           ;                 ; --       ; --           ;
; N17      ;            ;                ; GND                             ; gnd    ;              ;                     ; --           ;                 ; --       ; --           ;
; N18      ;            ; --             ; VCC_HPS                         ; power  ;              ; 1.1V                ; --           ;                 ; --       ; --           ;
; N19      ;            ;                ; GND                             ; gnd    ;              ;                     ; --           ;                 ; --       ; --           ;
; N20      ; 350        ; 6A             ; RESERVED_INPUT_WITH_WEAK_PULLUP ;        ;              ;                     ; Row I/O      ;                 ; no       ; On           ;
; N21      ; 348        ; 6A             ; RESERVED_INPUT_WITH_WEAK_PULLUP ;        ;              ;                     ; Row I/O      ;                 ; no       ; On           ;
; N24      ; 306        ; 6B             ; RESERVED_INPUT_WITH_WEAK_PULLUP ;        ;              ;                     ; Row I/O      ;                 ; no       ; On           ;
; N25      ; 304        ; 6B             ; RESERVED_INPUT_WITH_WEAK_PULLUP ;        ;              ;                     ; Row I/O      ;                 ; no       ; On           ;
; N26      ; 298        ; 6B             ; RESERVED_INPUT_WITH_WEAK_PULLUP ;        ;              ;                     ; Row I/O      ;                 ; no       ; On           ;
; N27      ; 296        ; 6B             ; RESERVED_INPUT_WITH_WEAK_PULLUP ;        ;              ;                     ; Row I/O      ;                 ; no       ; On           ;
; N28      ; 311        ; 6A             ; RESERVED_INPUT_WITH_WEAK_PULLUP ;        ;              ;                     ; Row I/O      ;                 ; no       ; On           ;
; P1       ;            ;                ; GND                             ; gnd    ;              ;                     ; --           ;                 ; --       ; --           ;
; P2       ;            ;                ; GND                             ; gnd    ;              ;                     ; --           ;                 ; --       ; --           ;
; P3       ;            ;                ; GND                             ; gnd    ;              ;                     ; --           ;                 ; --       ; --           ;
; P4       ;            ; --             ; VCCA_FPLL                       ; power  ;              ; 2.5V                ; --           ;                 ; --       ; --           ;
; P5       ;            ;                ; GND                             ; gnd    ;              ;                     ; --           ;                 ; --       ; --           ;
; P8       ;            ;                ; GND                             ; gnd    ;              ;                     ; --           ;                 ; --       ; --           ;
; P9       ;            ;                ; GND                             ; gnd    ;              ;                     ; --           ;                 ; --       ; --           ;
; P10      ;            ;                ; GND                             ; gnd    ;              ;                     ; --           ;                 ; --       ; --           ;
; P11      ;            ; --             ; VCC                             ; power  ;              ; 1.1V                ; --           ;                 ; --       ; --           ;
; P12      ;            ;                ; GND                             ; gnd    ;              ;                     ; --           ;                 ; --       ; --           ;
; P13      ;            ; --             ; VCC                             ; power  ;              ; 1.1V                ; --           ;                 ; --       ; --           ;
; P14      ;            ; --             ; VCC                             ; power  ;              ; 1.1V                ; --           ;                 ; --       ; --           ;
; P15      ;            ; --             ; VCC                             ; power  ;              ; 1.1V                ; --           ;                 ; --       ; --           ;
; P16      ;            ;                ; GND                             ; gnd    ;              ;                     ; --           ;                 ; --       ; --           ;
; P17      ;            ; --             ; VCC_HPS                         ; power  ;              ; 1.1V                ; --           ;                 ; --       ; --           ;
; P18      ;            ;                ; GND                             ; gnd    ;              ;                     ; --           ;                 ; --       ; --           ;
; P19      ;            ; --             ; VCC_HPS                         ; power  ;              ; 1.1V                ; --           ;                 ; --       ; --           ;
; P20      ;            ;                ; GND                             ; gnd    ;              ;                     ; --           ;                 ; --       ; --           ;
; P21      ;            ; 6A, 6B         ; VCCPD6A6B_HPS                   ; power  ;              ; 2.5V                ; --           ;                 ; --       ; --           ;
; P24      ;            ; 6A, 6B         ; VCCPD6A6B_HPS                   ; power  ;              ; 2.5V                ; --           ;                 ; --       ; --           ;
; P25      ;            ;                ; GND                             ; gnd    ;              ;                     ; --           ;                 ; --       ; --           ;
; P26      ; 299        ; 6B             ; RESERVED_INPUT_WITH_WEAK_PULLUP ;        ;              ;                     ; Row I/O      ;                 ; no       ; On           ;
; P27      ;            ; 6B             ; VCCIO6B_HPS                     ; power  ;              ; 2.5V                ; --           ;                 ; --       ; --           ;
; P28      ; 309        ; 6A             ; RESERVED_INPUT_WITH_WEAK_PULLUP ;        ;              ;                     ; Row I/O      ;                 ; no       ; On           ;
; R1       ;            ;                ; GND                             ; gnd    ;              ;                     ; --           ;                 ; --       ; --           ;
; R2       ;            ;                ; GND                             ; gnd    ;              ;                     ; --           ;                 ; --       ; --           ;
; R3       ;            ;                ; GND                             ; gnd    ;              ;                     ; --           ;                 ; --       ; --           ;
; R4       ;            ; --             ; VCCA_FPLL                       ; power  ;              ; 2.5V                ; --           ;                 ; --       ; --           ;
; R5       ;            ; --             ; VCC                             ; power  ;              ; 1.1V                ; --           ;                 ; --       ; --           ;
; R8       ;            ;                ; GND                             ; gnd    ;              ;                     ; --           ;                 ; --       ; --           ;
; R9       ;            ; --             ; VCC                             ; power  ;              ; 1.1V                ; --           ;                 ; --       ; --           ;
; R10      ;            ; --             ; VCC                             ; power  ;              ; 1.1V                ; --           ;                 ; --       ; --           ;
; R11      ;            ;                ; GND                             ; gnd    ;              ;                     ; --           ;                 ; --       ; --           ;
; R12      ;            ; --             ; VCC                             ; power  ;              ; 1.1V                ; --           ;                 ; --       ; --           ;
; R13      ;            ;                ; GND                             ; gnd    ;              ;                     ; --           ;                 ; --       ; --           ;
; R14      ;            ; --             ; VCC                             ; power  ;              ; 1.1V                ; --           ;                 ; --       ; --           ;
; R15      ;            ;                ; GND                             ; gnd    ;              ;                     ; --           ;                 ; --       ; --           ;
; R16      ; 334        ; 6A             ; RESERVED_INPUT_WITH_WEAK_PULLUP ;        ;              ;                     ; Row I/O      ;                 ; no       ; On           ;
; R17      ; 332        ; 6A             ; RESERVED_INPUT_WITH_WEAK_PULLUP ;        ;              ;                     ; Row I/O      ;                 ; no       ; On           ;
; R18      ; 318        ; 6A             ; RESERVED_INPUT_WITH_WEAK_PULLUP ;        ;              ;                     ; Row I/O      ;                 ; no       ; On           ;
; R19      ; 316        ; 6A             ; RESERVED_INPUT_WITH_WEAK_PULLUP ;        ;              ;                     ; Row I/O      ;                 ; no       ; On           ;
; R20      ; 310        ; 6A             ; RESERVED_INPUT_WITH_WEAK_PULLUP ;        ;              ;                     ; Row I/O      ;                 ; no       ; On           ;
; R21      ; 308        ; 6A             ; RESERVED_INPUT_WITH_WEAK_PULLUP ;        ;              ;                     ; Row I/O      ;                 ; no       ; On           ;
; R24      ; 282        ; 6B             ; RESERVED_INPUT_WITH_WEAK_PULLUP ;        ;              ;                     ; Row I/O      ;                 ; no       ; On           ;
; R25      ; 288        ; 6B             ; RESERVED_INPUT_WITH_WEAK_PULLUP ;        ;              ;                     ; Row I/O      ;                 ; no       ; On           ;
; R26      ; 290        ; 6B             ; RESERVED_INPUT_WITH_WEAK_PULLUP ;        ;              ;                     ; Row I/O      ;                 ; no       ; On           ;
; R27      ; 297        ; 6B             ; RESERVED_INPUT_WITH_WEAK_PULLUP ;        ;              ;                     ; Row I/O      ;                 ; no       ; On           ;
; R28      ; 307        ; 6B             ; RESERVED_INPUT_WITH_WEAK_PULLUP ;        ;              ;                     ; Row I/O      ;                 ; no       ; On           ;
; T1       ;            ;                ; DNU                             ;        ;              ;                     ; --           ;                 ; --       ; --           ;
; T2       ;            ;                ; DNU                             ;        ;              ;                     ; --           ;                 ; --       ; --           ;
; T3       ;            ;                ; GND                             ; gnd    ;              ;                     ; --           ;                 ; --       ; --           ;
; T4       ;            ; --             ; VCC                             ; power  ;              ; 1.1V                ; --           ;                 ; --       ; --           ;
; T5       ;            ; --             ; VCC                             ; power  ;              ; 1.1V                ; --           ;                 ; --       ; --           ;
; T8       ; 56         ; 3A             ; writedata[31]                   ; input  ; 2.5 V        ;                     ; Column I/O   ; N               ; no       ; Off          ;
; T9       ;            ; --             ; VCC                             ; power  ;              ; 1.1V                ; --           ;                 ; --       ; --           ;
; T10      ;            ;                ; GND                             ; gnd    ;              ;                     ; --           ;                 ; --       ; --           ;
; T11      ; 106        ; 3B             ; readdata[8]                     ; output ; 2.5 V        ;                     ; Column I/O   ; N               ; no       ; Off          ;
; T12      ; 120        ; 3B             ; readdata[17]                    ; output ; 2.5 V        ;                     ; Column I/O   ; N               ; no       ; Off          ;
; T13      ; 122        ; 3B             ; readdata[9]                     ; output ; 2.5 V        ;                     ; Column I/O   ; N               ; no       ; Off          ;
; T14      ;            ;                ; GND                             ; gnd    ;              ;                     ; --           ;                 ; --       ; --           ;
; T15      ;            ; --             ; VCC                             ; power  ;              ; 1.1V                ; --           ;                 ; --       ; --           ;
; T16      ; 292        ; 6B             ; RESERVED_INPUT_WITH_WEAK_PULLUP ;        ;              ;                     ; Row I/O      ;                 ; no       ; On           ;
; T17      ; 294        ; 6B             ; RESERVED_INPUT_WITH_WEAK_PULLUP ;        ;              ;                     ; Row I/O      ;                 ; no       ; On           ;
; T18      ; 302        ; 6B             ; RESERVED_INPUT_WITH_WEAK_PULLUP ;        ;              ;                     ; Row I/O      ;                 ; no       ; On           ;
; T19      ; 300        ; 6B             ; RESERVED_INPUT_WITH_WEAK_PULLUP ;        ;              ;                     ; Row I/O      ;                 ; no       ; On           ;
; T20      ; 286        ; 6B             ; RESERVED_INPUT_WITH_WEAK_PULLUP ;        ;              ;                     ; Row I/O      ;                 ; no       ; On           ;
; T21      ;            ; 6B             ; VCCIO6B_HPS                     ; power  ;              ; 2.5V                ; --           ;                 ; --       ; --           ;
; T24      ; 280        ; 6B             ; RESERVED_INPUT_WITH_WEAK_PULLUP ;        ;              ;                     ; Row I/O      ;                 ; no       ; On           ;
; T25      ;            ; 6B             ; VCCIO6B_HPS                     ; power  ;              ; 2.5V                ; --           ;                 ; --       ; --           ;
; T26      ; 274        ; 6B             ; RESERVED_INPUT_WITH_WEAK_PULLUP ;        ;              ;                     ; Row I/O      ;                 ; no       ; On           ;
; T27      ; 283        ; 6B             ; RESERVED_INPUT_WITH_WEAK_PULLUP ;        ;              ;                     ; Row I/O      ;                 ; --       ; --           ;
; T28      ; 305        ; 6B             ; RESERVED_INPUT_WITH_WEAK_PULLUP ;        ;              ;                     ; Row I/O      ;                 ; no       ; On           ;
; U1       ;            ;                ; GND                             ; gnd    ;              ;                     ; --           ;                 ; --       ; --           ;
; U2       ;            ;                ; GND                             ; gnd    ;              ;                     ; --           ;                 ; --       ; --           ;
; U3       ;            ;                ; GND                             ; gnd    ;              ;                     ; --           ;                 ; --       ; --           ;
; U4       ;            ; --             ; VCCA_FPLL                       ; power  ;              ; 2.5V                ; --           ;                 ; --       ; --           ;
; U5       ;            ;                ; GND                             ; gnd    ;              ;                     ; --           ;                 ; --       ; --           ;
; U8       ;            ;                ; DNU                             ;        ;              ;                     ; --           ;                 ; --       ; --           ;
; U9       ; 58         ; 3A             ; writedata[23]                   ; input  ; 2.5 V        ;                     ; Column I/O   ; N               ; no       ; Off          ;
; U10      ; 62         ; 3A             ; writedata[24]                   ; input  ; 2.5 V        ;                     ; Column I/O   ; N               ; no       ; Off          ;
; U11      ; 104        ; 3B             ; readdata[15]                    ; output ; 2.5 V        ;                     ; Column I/O   ; N               ; no       ; Off          ;
; U12      ;            ;                ; GND                             ; gnd    ;              ;                     ; --           ;                 ; --       ; --           ;
; U13      ; 136        ; 4A             ; RESERVED_INPUT_WITH_WEAK_PULLUP ;        ;              ;                     ; Column I/O   ;                 ; no       ; On           ;
; U14      ; 138        ; 4A             ; RESERVED_INPUT_WITH_WEAK_PULLUP ;        ;              ;                     ; Column I/O   ;                 ; no       ; On           ;
; U15      ; 278        ; 6B             ; RESERVED_INPUT_WITH_WEAK_PULLUP ;        ;              ;                     ; Row I/O      ;                 ; no       ; On           ;
; U16      ; 276        ; 6B             ; RESERVED_INPUT_WITH_WEAK_PULLUP ;        ;              ;                     ; Row I/O      ;                 ; no       ; On           ;
; U17      ;            ;                ; GND                             ; gnd    ;              ;                     ; --           ;                 ; --       ; --           ;
; U18      ;            ; 6B             ; VCCIO6B_HPS                     ; power  ;              ; 2.5V                ; --           ;                 ; --       ; --           ;
; U19      ; 284        ; 6B             ; RESERVED_INPUT_WITH_WEAK_PULLUP ;        ;              ;                     ; Row I/O      ;                 ; no       ; On           ;
; U20      ;            ;                ; GND                             ; gnd    ;              ;                     ; --           ;                 ; --       ; --           ;
; U21      ;            ; --             ; VCC_HPS                         ; power  ;              ; 1.1V                ; --           ;                 ; --       ; --           ;
; U24      ;            ;                ; GND                             ; gnd    ;              ;                     ; --           ;                 ; --       ; --           ;
; U25      ; 272        ; 6B             ; RESERVED_INPUT_WITH_WEAK_PULLUP ;        ;              ;                     ; Row I/O      ;                 ; no       ; On           ;
; U26      ;            ; --             ; VCC                             ; power  ;              ; 1.1V                ; --           ;                 ; --       ; --           ;
; U27      ;            ;                ; GND                             ; gnd    ;              ;                     ; --           ;                 ; --       ; --           ;
; U28      ; 303        ; 6B             ; RESERVED_INPUT_WITH_WEAK_PULLUP ;        ;              ;                     ; Row I/O      ;                 ; no       ; On           ;
; V1       ;            ;                ; GND                             ; gnd    ;              ;                     ; --           ;                 ; --       ; --           ;
; V2       ;            ;                ; GND                             ; gnd    ;              ;                     ; --           ;                 ; --       ; --           ;
; V3       ;            ;                ; GND                             ; gnd    ;              ;                     ; --           ;                 ; --       ; --           ;
; V4       ;            ;                ; GND                             ; gnd    ;              ;                     ; --           ;                 ; --       ; --           ;
; V5       ;            ;                ; GND                             ; gnd    ;              ;                     ; --           ;                 ; --       ; --           ;
; V8       ;            ;                ; GND                             ; gnd    ;              ;                     ; --           ;                 ; --       ; --           ;
; V9       ;            ;                ; GND                             ; gnd    ;              ;                     ; --           ;                 ; --       ; --           ;
; V10      ; 60         ; 3A             ; writedata[16]                   ; input  ; 2.5 V        ;                     ; Column I/O   ; N               ; no       ; Off          ;
; V11      ; 114        ; 3B             ; readdata[20]                    ; output ; 2.5 V        ;                     ; Column I/O   ; N               ; no       ; Off          ;
; V12      ; 130        ; 3B             ; readdata[19]                    ; output ; 2.5 V        ;                     ; Column I/O   ; N               ; no       ; Off          ;
; V13      ; 152        ; 4A             ; RESERVED_INPUT_WITH_WEAK_PULLUP ;        ;              ;                     ; Column I/O   ;                 ; no       ; On           ;
; V14      ;            ;                ; GND                             ; gnd    ;              ;                     ; --           ;                 ; --       ; --           ;
; V15      ; 227        ; 5A             ; writedata[14]                   ; input  ; 2.5 V        ;                     ; Row I/O      ; N               ; no       ; Off          ;
; V16      ; 225        ; 5A             ; byteenable[1]                   ; input  ; 2.5 V        ;                     ; Row I/O      ; N               ; no       ; Off          ;
; V17      ; 270        ; 6B             ; RESERVED_INPUT_WITH_WEAK_PULLUP ;        ;              ;                     ; Row I/O      ;                 ; no       ; On           ;
; V18      ; 268        ; 6B             ; RESERVED_INPUT_WITH_WEAK_PULLUP ;        ;              ;                     ; Row I/O      ;                 ; no       ; On           ;
; V19      ; 266        ; 6B             ; RESERVED_INPUT_WITH_WEAK_PULLUP ;        ;              ;                     ; Row I/O      ;                 ; no       ; On           ;
; V20      ; 264        ; 6B             ; RESERVED_INPUT_WITH_WEAK_PULLUP ;        ;              ;                     ; Row I/O      ;                 ; no       ; On           ;
; V21      ;            ;                ; GND                             ; gnd    ;              ;                     ; --           ;                 ; --       ; --           ;
; V24      ; 269        ; 6B             ; RESERVED_INPUT_WITH_WEAK_PULLUP ;        ;              ;                     ; Row I/O      ;                 ; no       ; On           ;
; V25      ; 271        ; 6B             ; RESERVED_INPUT_WITH_WEAK_PULLUP ;        ;              ;                     ; Row I/O      ;                 ; no       ; On           ;
; V26      ;            ;                ; GND                             ; gnd    ;              ;                     ; --           ;                 ; --       ; --           ;
; V27      ; 295        ; 6B             ; RESERVED_INPUT_WITH_WEAK_PULLUP ;        ;              ;                     ; Row I/O      ;                 ; no       ; On           ;
; V28      ; 301        ; 6B             ; RESERVED_INPUT_WITH_WEAK_PULLUP ;        ;              ;                     ; Row I/O      ;                 ; no       ; On           ;
; W1       ;            ;                ; GND                             ; gnd    ;              ;                     ; --           ;                 ; --       ; --           ;
; W2       ;            ;                ; GND                             ; gnd    ;              ;                     ; --           ;                 ; --       ; --           ;
; W3       ;            ;                ; GND                             ; gnd    ;              ;                     ; --           ;                 ; --       ; --           ;
; W4       ;            ;                ; GND                             ; gnd    ;              ;                     ; --           ;                 ; --       ; --           ;
; W5       ;            ; --             ; VCCA_FPLL                       ; power  ;              ; 2.5V                ; --           ;                 ; --       ; --           ;
; W8       ; 54         ; 3A             ; writedata[26]                   ; input  ; 2.5 V        ;                     ; Column I/O   ; N               ; no       ; Off          ;
; W9       ;            ; 3A             ; VCCIO3A                         ; power  ;              ; 2.5V                ; --           ;                 ; --       ; --           ;
; W10      ; 48         ; 3A             ; #TDI                            ; input  ;              ;                     ; --           ;                 ; --       ; --           ;
; W11      ; 112        ; 3B             ; readdata[21]                    ; output ; 2.5 V        ;                     ; Column I/O   ; N               ; no       ; Off          ;
; W12      ; 128        ; 3B             ; readdata[22]                    ; output ; 2.5 V        ;                     ; Column I/O   ; N               ; no       ; Off          ;
; W13      ;            ; 4A             ; VCCIO4A                         ; power  ;              ; 2.5V                ; --           ;                 ; --       ; --           ;
; W14      ; 154        ; 4A             ; RESERVED_INPUT_WITH_WEAK_PULLUP ;        ;              ;                     ; Column I/O   ;                 ; no       ; On           ;
; W15      ; 223        ; 5A             ; writedata[2]                    ; input  ; 2.5 V        ;                     ; Row I/O      ; N               ; no       ; Off          ;
; W16      ;            ;                ; GND                             ; gnd    ;              ;                     ; --           ;                 ; --       ; --           ;
; W17      ;            ; 5A             ; VCCIO5A                         ; power  ;              ; 2.5V                ; --           ;                 ; --       ; --           ;
; W18      ;            ;                ; GND                             ; gnd    ;              ;                     ; --           ;                 ; --       ; --           ;
; W19      ;            ; 5B             ; VCCPD5B                         ; power  ;              ; 2.5V                ; --           ;                 ; --       ; --           ;
; W20      ; 254        ; 5B             ; address[7]                      ; input  ; 2.5 V        ;                     ; Row I/O      ; N               ; no       ; Off          ;
; W21      ; 252        ; 5B             ; address[5]                      ; input  ; 2.5 V        ;                     ; Row I/O      ; N               ; no       ; Off          ;
; W24      ; 258        ; 5B             ; address[6]                      ; input  ; 2.5 V        ;                     ; Row I/O      ; N               ; no       ; Off          ;
; W25      ;            ; 5B             ; VCCIO5B                         ; power  ;              ; 2.5V                ; --           ;                 ; --       ; --           ;
; W26      ; 287        ; 6B             ; RESERVED_INPUT_WITH_WEAK_PULLUP ;        ;              ;                     ; Row I/O      ;                 ; no       ; On           ;
; W27      ;            ; 6B             ; VCCIO6B_HPS                     ; power  ;              ; 2.5V                ; --           ;                 ; --       ; --           ;
; W28      ; 293        ; 6B             ; RESERVED_INPUT_WITH_WEAK_PULLUP ;        ;              ;                     ; Row I/O      ;                 ; no       ; On           ;
; Y1       ;            ;                ; DNU                             ;        ;              ;                     ; --           ;                 ; --       ; --           ;
; Y2       ;            ;                ; DNU                             ;        ;              ;                     ; --           ;                 ; --       ; --           ;
; Y3       ;            ;                ; GND                             ; gnd    ;              ;                     ; --           ;                 ; --       ; --           ;
; Y4       ; 53         ; 3A             ; writedata[18]                   ; input  ; 2.5 V        ;                     ; Column I/O   ; N               ; no       ; Off          ;
; Y5       ; 55         ; 3A             ; writedata[20]                   ; input  ; 2.5 V        ;                     ; Column I/O   ; N               ; no       ; Off          ;
; Y8       ; 52         ; 3A             ; writedata[22]                   ; input  ; 2.5 V        ;                     ; Column I/O   ; N               ; no       ; Off          ;
; Y9       ; 42         ; 3A             ; #TDO                            ; output ;              ;                     ; --           ;                 ; --       ; --           ;
; Y10      ;            ; --             ; VCCPGM                          ; power  ;              ; 1.8V/2.5V/3.0V/3.3V ; --           ;                 ; --       ; --           ;
; Y11      ; 66         ; 3A             ; writedata[25]                   ; input  ; 2.5 V        ;                     ; Column I/O   ; N               ; no       ; Off          ;
; Y12      ;            ;                ; GND                             ; gnd    ;              ;                     ; --           ;                 ; --       ; --           ;
; Y13      ; 146        ; 4A             ; RESERVED_INPUT_WITH_WEAK_PULLUP ;        ;              ;                     ; Column I/O   ;                 ; no       ; On           ;
; Y14      ;            ;                ; GND                             ; gnd    ;              ;                     ; --           ;                 ; --       ; --           ;
; Y15      ; 162        ; 4A             ; RESERVED_INPUT_WITH_WEAK_PULLUP ;        ;              ;                     ; Column I/O   ;                 ; no       ; On           ;
; Y16      ; 221        ; 5A             ; writedata[1]                    ; input  ; 2.5 V        ;                     ; Row I/O      ; N               ; no       ; Off          ;
; Y17      ; 217        ; 5A             ; writedata[12]                   ; input  ; 2.5 V        ;                     ; Row I/O      ; N               ; no       ; Off          ;
; Y18      ; 219        ; 5A             ; byteenable[0]                   ; input  ; 2.5 V        ;                     ; Row I/O      ; N               ; no       ; Off          ;
; Y19      ; 215        ; 5A             ; writedata[13]                   ; input  ; 2.5 V        ;                     ; Row I/O      ; N               ; no       ; Off          ;
; Y20      ;            ;                ; GND                             ; gnd    ;              ;                     ; --           ;                 ; --       ; --           ;
; Y21      ;            ; 5A             ; VCCPD5A                         ; power  ;              ; 2.5V                ; --           ;                 ; --       ; --           ;
; Y24      ; 256        ; 5B             ; clk                             ; input  ; 2.5 V        ;                     ; Row I/O      ; N               ; no       ; Off          ;
; Y25      ;            ;                ; GND                             ; gnd    ;              ;                     ; --           ;                 ; --       ; --           ;
; Y26      ; 285        ; 6B             ; RESERVED_INPUT_WITH_WEAK_PULLUP ;        ;              ;                     ; Row I/O      ;                 ; no       ; On           ;
; Y27      ; 281        ; 6B             ; RESERVED_INPUT_WITH_WEAK_PULLUP ;        ;              ;                     ; Row I/O      ;                 ; no       ; On           ;
; Y28      ; 291        ; 6B             ; RESERVED_INPUT_WITH_WEAK_PULLUP ;        ;              ;                     ; Row I/O      ;                 ; no       ; On           ;
+----------+------------+----------------+---------------------------------+--------+--------------+---------------------+--------------+-----------------+----------+--------------+
Note: Pin directions (input, output or bidir) are based on device operating in user mode.


+------------------------------------------------------+
; I/O Assignment Warnings                              ;
+---------------+--------------------------------------+
; Pin Name      ; Reason                               ;
+---------------+--------------------------------------+
; readdata[0]   ; Missing drive strength and slew rate ;
; readdata[1]   ; Missing drive strength and slew rate ;
; readdata[2]   ; Missing drive strength and slew rate ;
; readdata[3]   ; Missing drive strength and slew rate ;
; readdata[4]   ; Missing drive strength and slew rate ;
; readdata[5]   ; Missing drive strength and slew rate ;
; readdata[6]   ; Missing drive strength and slew rate ;
; readdata[7]   ; Missing drive strength and slew rate ;
; readdata[8]   ; Missing drive strength and slew rate ;
; readdata[9]   ; Missing drive strength and slew rate ;
; readdata[10]  ; Missing drive strength and slew rate ;
; readdata[11]  ; Missing drive strength and slew rate ;
; readdata[12]  ; Missing drive strength and slew rate ;
; readdata[13]  ; Missing drive strength and slew rate ;
; readdata[14]  ; Missing drive strength and slew rate ;
; readdata[15]  ; Missing drive strength and slew rate ;
; readdata[16]  ; Missing drive strength and slew rate ;
; readdata[17]  ; Missing drive strength and slew rate ;
; readdata[18]  ; Missing drive strength and slew rate ;
; readdata[19]  ; Missing drive strength and slew rate ;
; readdata[20]  ; Missing drive strength and slew rate ;
; readdata[21]  ; Missing drive strength and slew rate ;
; readdata[22]  ; Missing drive strength and slew rate ;
; readdata[23]  ; Missing drive strength and slew rate ;
; readdata[24]  ; Missing drive strength and slew rate ;
; readdata[25]  ; Missing drive strength and slew rate ;
; readdata[26]  ; Missing drive strength and slew rate ;
; readdata[27]  ; Missing drive strength and slew rate ;
; readdata[28]  ; Missing drive strength and slew rate ;
; readdata[29]  ; Missing drive strength and slew rate ;
; readdata[30]  ; Missing drive strength and slew rate ;
; readdata[31]  ; Missing drive strength and slew rate ;
; irq           ; Missing drive strength and slew rate ;
; waitrequest   ; Missing drive strength and slew rate ;
; readdata[0]   ; Missing location assignment          ;
; readdata[1]   ; Missing location assignment          ;
; readdata[2]   ; Missing location assignment          ;
; readdata[3]   ; Missing location assignment          ;
; readdata[4]   ; Missing location assignment          ;
; readdata[5]   ; Missing location assignment          ;
; readdata[6]   ; Missing location assignment          ;
; readdata[7]   ; Missing location assignment          ;
; readdata[8]   ; Missing location assignment          ;
; readdata[9]   ; Missing location assignment          ;
; readdata[10]  ; Missing location assignment          ;
; readdata[11]  ; Missing location assignment          ;
; readdata[12]  ; Missing location assignment          ;
; readdata[13]  ; Missing location assignment          ;
; readdata[14]  ; Missing location assignment          ;
; readdata[15]  ; Missing location assignment          ;
; readdata[16]  ; Missing location assignment          ;
; readdata[17]  ; Missing location assignment          ;
; readdata[18]  ; Missing location assignment          ;
; readdata[19]  ; Missing location assignment          ;
; readdata[20]  ; Missing location assignment          ;
; readdata[21]  ; Missing location assignment          ;
; readdata[22]  ; Missing location assignment          ;
; readdata[23]  ; Missing location assignment          ;
; readdata[24]  ; Missing location assignment          ;
; readdata[25]  ; Missing location assignment          ;
; readdata[26]  ; Missing location assignment          ;
; readdata[27]  ; Missing location assignment          ;
; readdata[28]  ; Missing location assignment          ;
; readdata[29]  ; Missing location assignment          ;
; readdata[30]  ; Missing location assignment          ;
; readdata[31]  ; Missing location assignment          ;
; irq           ; Missing location assignment          ;
; waitrequest   ; Missing location assignment          ;
; address[3]    ; Missing location assignment          ;
; address[2]    ; Missing location assignment          ;
; address[4]    ; Missing location assignment          ;
; address[5]    ; Missing location assignment          ;
; address[6]    ; Missing location assignment          ;
; address[7]    ; Missing location assignment          ;
; address[0]    ; Missing location assignment          ;
; address[1]    ; Missing location assignment          ;
; read          ; Missing location assignment          ;
; clk           ; Missing location assignment          ;
; rst_n         ; Missing location assignment          ;
; writedata[0]  ; Missing location assignment          ;
; write         ; Missing location assignment          ;
; byteenable[3] ; Missing location assignment          ;
; byteenable[2] ; Missing location assignment          ;
; byteenable[0] ; Missing location assignment          ;
; byteenable[1] ; Missing location assignment          ;
; writedata[2]  ; Missing location assignment          ;
; writedata[1]  ; Missing location assignment          ;
; writedata[8]  ; Missing location assignment          ;
; writedata[14] ; Missing location assignment          ;
; writedata[13] ; Missing location assignment          ;
; writedata[12] ; Missing location assignment          ;
; writedata[11] ; Missing location assignment          ;
; writedata[9]  ; Missing location assignment          ;
; writedata[10] ; Missing location assignment          ;
; writedata[20] ; Missing location assignment          ;
; writedata[19] ; Missing location assignment          ;
; writedata[18] ; Missing location assignment          ;
; writedata[17] ; Missing location assignment          ;
; writedata[15] ; Missing location assignment          ;
; writedata[16] ; Missing location assignment          ;
; writedata[26] ; Missing location assignment          ;
; writedata[25] ; Missing location assignment          ;
; writedata[24] ; Missing location assignment          ;
; writedata[23] ; Missing location assignment          ;
; writedata[21] ; Missing location assignment          ;
; writedata[22] ; Missing location assignment          ;
; writedata[31] ; Missing location assignment          ;
; writedata[30] ; Missing location assignment          ;
; writedata[29] ; Missing location assignment          ;
; writedata[27] ; Missing location assignment          ;
; writedata[28] ; Missing location assignment          ;
; writedata[6]  ; Missing location assignment          ;
; writedata[7]  ; Missing location assignment          ;
; writedata[5]  ; Missing location assignment          ;
; writedata[4]  ; Missing location assignment          ;
; writedata[3]  ; Missing location assignment          ;
+---------------+--------------------------------------+


+---------------------------------------------------------------------------------------------------------------------------------------------------------------------------------------------------------------------------------------------------------------------------------------------------------------------------------------------------------------------------------------------------------------------------------------------------------------------------------------------------------------------------------+
; Fitter Resource Utilization by Entity                                                                                                                                                                                                                                                                                                                                                                                                                                                                                           ;
+-------------------------------------------------+----------------------+----------------------------------+---------------------------------------------------+----------------------------------+----------------------+---------------------+---------------------------+---------------+-------------------+------------+------+--------------+---------------------------------------------------------------------------------------------------------------------------------------------+-----------------+--------------+
; Compilation Hierarchy Node                      ; ALMs needed [=A-B+C] ; [A] ALMs used in final placement ; [B] Estimate of ALMs recoverable by dense packing ; [C] Estimate of ALMs unavailable ; ALMs used for memory ; Combinational ALUTs ; Dedicated Logic Registers ; I/O Registers ; Block Memory Bits ; DSP Blocks ; Pins ; Virtual Pins ; Full Hierarchy Name                                                                                                                         ; Entity Name     ; Library Name ;
+-------------------------------------------------+----------------------+----------------------------------+---------------------------------------------------+----------------------------------+----------------------+---------------------+---------------------------+---------------+-------------------+------------+------+--------------+---------------------------------------------------------------------------------------------------------------------------------------------+-----------------+--------------+
; |dg_top_128                                     ; 8644.5 (0.5)         ; 8794.5 (0.5)                     ; 150.0 (0.0)                                       ; 0.0 (0.0)                        ; 0.0 (0.0)            ; 4595 (1)            ; 13197 (0)                 ; 0 (0)         ; 264192            ; 131        ; 82   ; 0            ; |dg_top_128                                                                                                                                 ; dg_top_128      ; work         ;
;    |dg_csr_top:u_dualguard|                     ; 8644.0 (135.4)       ; 8794.0 (136.7)                   ; 150.0 (1.4)                                       ; 0.0 (0.0)                        ; 0.0 (0.0)            ; 4594 (219)          ; 13197 (84)                ; 0 (0)         ; 264192            ; 131        ; 0    ; 0            ; |dg_top_128|dg_csr_top:u_dualguard                                                                                                          ; dg_csr_top      ; work         ;
;       |dg_tile_core:core|                       ; 8508.6 (6111.8)      ; 8657.3 (6255.4)                  ; 148.6 (143.7)                                     ; 0.0 (0.0)                        ; 0.0 (0.0)            ; 4375 (3660)         ; 13113 (9017)              ; 0 (0)         ; 264192            ; 131        ; 0    ; 0            ; |dg_top_128|dg_csr_top:u_dualguard|dg_tile_core:core                                                                                        ; dg_tile_core    ; work         ;
;          |dg_mac_lane:banks[0].mac|             ; 16.0 (16.0)          ; 16.0 (16.0)                      ; 0.0 (0.0)                                         ; 0.0 (0.0)                        ; 0.0 (0.0)            ; 0 (0)               ; 32 (32)                   ; 0 (0)         ; 0                 ; 1          ; 0    ; 0            ; |dg_top_128|dg_csr_top:u_dualguard|dg_tile_core:core|dg_mac_lane:banks[0].mac                                                               ; dg_mac_lane     ; work         ;
;          |dg_mac_lane:banks[100].mac|           ; 16.0 (16.0)          ; 16.0 (16.0)                      ; 0.0 (0.0)                                         ; 0.0 (0.0)                        ; 0.0 (0.0)            ; 0 (0)               ; 32 (32)                   ; 0 (0)         ; 0                 ; 1          ; 0    ; 0            ; |dg_top_128|dg_csr_top:u_dualguard|dg_tile_core:core|dg_mac_lane:banks[100].mac                                                             ; dg_mac_lane     ; work         ;
;          |dg_mac_lane:banks[101].mac|           ; 16.0 (16.0)          ; 16.0 (16.0)                      ; 0.0 (0.0)                                         ; 0.0 (0.0)                        ; 0.0 (0.0)            ; 0 (0)               ; 32 (32)                   ; 0 (0)         ; 0                 ; 1          ; 0    ; 0            ; |dg_top_128|dg_csr_top:u_dualguard|dg_tile_core:core|dg_mac_lane:banks[101].mac                                                             ; dg_mac_lane     ; work         ;
;          |dg_mac_lane:banks[102].mac|           ; 16.0 (16.0)          ; 16.0 (16.0)                      ; 0.0 (0.0)                                         ; 0.0 (0.0)                        ; 0.0 (0.0)            ; 0 (0)               ; 32 (32)                   ; 0 (0)         ; 0                 ; 1          ; 0    ; 0            ; |dg_top_128|dg_csr_top:u_dualguard|dg_tile_core:core|dg_mac_lane:banks[102].mac                                                             ; dg_mac_lane     ; work         ;
;          |dg_mac_lane:banks[103].mac|           ; 16.0 (16.0)          ; 16.0 (16.0)                      ; 0.0 (0.0)                                         ; 0.0 (0.0)                        ; 0.0 (0.0)            ; 0 (0)               ; 32 (32)                   ; 0 (0)         ; 0                 ; 1          ; 0    ; 0            ; |dg_top_128|dg_csr_top:u_dualguard|dg_tile_core:core|dg_mac_lane:banks[103].mac                                                             ; dg_mac_lane     ; work         ;
;          |dg_mac_lane:banks[104].mac|           ; 16.0 (16.0)          ; 16.0 (16.0)                      ; 0.0 (0.0)                                         ; 0.0 (0.0)                        ; 0.0 (0.0)            ; 0 (0)               ; 32 (32)                   ; 0 (0)         ; 0                 ; 1          ; 0    ; 0            ; |dg_top_128|dg_csr_top:u_dualguard|dg_tile_core:core|dg_mac_lane:banks[104].mac                                                             ; dg_mac_lane     ; work         ;
;          |dg_mac_lane:banks[105].mac|           ; 16.0 (16.0)          ; 16.0 (16.0)                      ; 0.0 (0.0)                                         ; 0.0 (0.0)                        ; 0.0 (0.0)            ; 0 (0)               ; 32 (32)                   ; 0 (0)         ; 0                 ; 1          ; 0    ; 0            ; |dg_top_128|dg_csr_top:u_dualguard|dg_tile_core:core|dg_mac_lane:banks[105].mac                                                             ; dg_mac_lane     ; work         ;
;          |dg_mac_lane:banks[106].mac|           ; 16.0 (16.0)          ; 16.0 (16.0)                      ; 0.0 (0.0)                                         ; 0.0 (0.0)                        ; 0.0 (0.0)            ; 0 (0)               ; 32 (32)                   ; 0 (0)         ; 0                 ; 1          ; 0    ; 0            ; |dg_top_128|dg_csr_top:u_dualguard|dg_tile_core:core|dg_mac_lane:banks[106].mac                                                             ; dg_mac_lane     ; work         ;
;          |dg_mac_lane:banks[107].mac|           ; 16.0 (16.0)          ; 16.0 (16.0)                      ; 0.0 (0.0)                                         ; 0.0 (0.0)                        ; 0.0 (0.0)            ; 0 (0)               ; 32 (32)                   ; 0 (0)         ; 0                 ; 1          ; 0    ; 0            ; |dg_top_128|dg_csr_top:u_dualguard|dg_tile_core:core|dg_mac_lane:banks[107].mac                                                             ; dg_mac_lane     ; work         ;
;          |dg_mac_lane:banks[108].mac|           ; 16.0 (16.0)          ; 16.0 (16.0)                      ; 0.0 (0.0)                                         ; 0.0 (0.0)                        ; 0.0 (0.0)            ; 0 (0)               ; 32 (32)                   ; 0 (0)         ; 0                 ; 1          ; 0    ; 0            ; |dg_top_128|dg_csr_top:u_dualguard|dg_tile_core:core|dg_mac_lane:banks[108].mac                                                             ; dg_mac_lane     ; work         ;
;          |dg_mac_lane:banks[109].mac|           ; 16.0 (16.0)          ; 16.0 (16.0)                      ; 0.0 (0.0)                                         ; 0.0 (0.0)                        ; 0.0 (0.0)            ; 0 (0)               ; 32 (32)                   ; 0 (0)         ; 0                 ; 1          ; 0    ; 0            ; |dg_top_128|dg_csr_top:u_dualguard|dg_tile_core:core|dg_mac_lane:banks[109].mac                                                             ; dg_mac_lane     ; work         ;
;          |dg_mac_lane:banks[10].mac|            ; 16.0 (16.0)          ; 16.0 (16.0)                      ; 0.0 (0.0)                                         ; 0.0 (0.0)                        ; 0.0 (0.0)            ; 0 (0)               ; 32 (32)                   ; 0 (0)         ; 0                 ; 1          ; 0    ; 0            ; |dg_top_128|dg_csr_top:u_dualguard|dg_tile_core:core|dg_mac_lane:banks[10].mac                                                              ; dg_mac_lane     ; work         ;
;          |dg_mac_lane:banks[110].mac|           ; 16.0 (16.0)          ; 16.0 (16.0)                      ; 0.0 (0.0)                                         ; 0.0 (0.0)                        ; 0.0 (0.0)            ; 0 (0)               ; 32 (32)                   ; 0 (0)         ; 0                 ; 1          ; 0    ; 0            ; |dg_top_128|dg_csr_top:u_dualguard|dg_tile_core:core|dg_mac_lane:banks[110].mac                                                             ; dg_mac_lane     ; work         ;
;          |dg_mac_lane:banks[111].mac|           ; 16.0 (16.0)          ; 16.0 (16.0)                      ; 0.0 (0.0)                                         ; 0.0 (0.0)                        ; 0.0 (0.0)            ; 0 (0)               ; 32 (32)                   ; 0 (0)         ; 0                 ; 1          ; 0    ; 0            ; |dg_top_128|dg_csr_top:u_dualguard|dg_tile_core:core|dg_mac_lane:banks[111].mac                                                             ; dg_mac_lane     ; work         ;
;          |dg_mac_lane:banks[112].mac|           ; 15.8 (15.8)          ; 15.8 (15.8)                      ; 0.0 (0.0)                                         ; 0.0 (0.0)                        ; 0.0 (0.0)            ; 0 (0)               ; 32 (32)                   ; 0 (0)         ; 0                 ; 1          ; 0    ; 0            ; |dg_top_128|dg_csr_top:u_dualguard|dg_tile_core:core|dg_mac_lane:banks[112].mac                                                             ; dg_mac_lane     ; work         ;
;          |dg_mac_lane:banks[113].mac|           ; 16.0 (16.0)          ; 16.0 (16.0)                      ; 0.0 (0.0)                                         ; 0.0 (0.0)                        ; 0.0 (0.0)            ; 0 (0)               ; 32 (32)                   ; 0 (0)         ; 0                 ; 1          ; 0    ; 0            ; |dg_top_128|dg_csr_top:u_dualguard|dg_tile_core:core|dg_mac_lane:banks[113].mac                                                             ; dg_mac_lane     ; work         ;
;          |dg_mac_lane:banks[114].mac|           ; 16.0 (16.0)          ; 16.0 (16.0)                      ; 0.0 (0.0)                                         ; 0.0 (0.0)                        ; 0.0 (0.0)            ; 0 (0)               ; 32 (32)                   ; 0 (0)         ; 0                 ; 1          ; 0    ; 0            ; |dg_top_128|dg_csr_top:u_dualguard|dg_tile_core:core|dg_mac_lane:banks[114].mac                                                             ; dg_mac_lane     ; work         ;
;          |dg_mac_lane:banks[115].mac|           ; 16.0 (16.0)          ; 16.0 (16.0)                      ; 0.0 (0.0)                                         ; 0.0 (0.0)                        ; 0.0 (0.0)            ; 0 (0)               ; 32 (32)                   ; 0 (0)         ; 0                 ; 1          ; 0    ; 0            ; |dg_top_128|dg_csr_top:u_dualguard|dg_tile_core:core|dg_mac_lane:banks[115].mac                                                             ; dg_mac_lane     ; work         ;
;          |dg_mac_lane:banks[116].mac|           ; 16.0 (16.0)          ; 16.0 (16.0)                      ; 0.0 (0.0)                                         ; 0.0 (0.0)                        ; 0.0 (0.0)            ; 0 (0)               ; 32 (32)                   ; 0 (0)         ; 0                 ; 1          ; 0    ; 0            ; |dg_top_128|dg_csr_top:u_dualguard|dg_tile_core:core|dg_mac_lane:banks[116].mac                                                             ; dg_mac_lane     ; work         ;
;          |dg_mac_lane:banks[117].mac|           ; 16.0 (16.0)          ; 16.0 (16.0)                      ; 0.0 (0.0)                                         ; 0.0 (0.0)                        ; 0.0 (0.0)            ; 0 (0)               ; 32 (32)                   ; 0 (0)         ; 0                 ; 1          ; 0    ; 0            ; |dg_top_128|dg_csr_top:u_dualguard|dg_tile_core:core|dg_mac_lane:banks[117].mac                                                             ; dg_mac_lane     ; work         ;
;          |dg_mac_lane:banks[118].mac|           ; 16.0 (16.0)          ; 16.0 (16.0)                      ; 0.0 (0.0)                                         ; 0.0 (0.0)                        ; 0.0 (0.0)            ; 0 (0)               ; 32 (32)                   ; 0 (0)         ; 0                 ; 1          ; 0    ; 0            ; |dg_top_128|dg_csr_top:u_dualguard|dg_tile_core:core|dg_mac_lane:banks[118].mac                                                             ; dg_mac_lane     ; work         ;
;          |dg_mac_lane:banks[119].mac|           ; 16.0 (16.0)          ; 16.0 (16.0)                      ; 0.0 (0.0)                                         ; 0.0 (0.0)                        ; 0.0 (0.0)            ; 0 (0)               ; 32 (32)                   ; 0 (0)         ; 0                 ; 1          ; 0    ; 0            ; |dg_top_128|dg_csr_top:u_dualguard|dg_tile_core:core|dg_mac_lane:banks[119].mac                                                             ; dg_mac_lane     ; work         ;
;          |dg_mac_lane:banks[11].mac|            ; 16.0 (16.0)          ; 16.0 (16.0)                      ; 0.0 (0.0)                                         ; 0.0 (0.0)                        ; 0.0 (0.0)            ; 0 (0)               ; 32 (32)                   ; 0 (0)         ; 0                 ; 1          ; 0    ; 0            ; |dg_top_128|dg_csr_top:u_dualguard|dg_tile_core:core|dg_mac_lane:banks[11].mac                                                              ; dg_mac_lane     ; work         ;
;          |dg_mac_lane:banks[120].mac|           ; 16.0 (16.0)          ; 16.0 (16.0)                      ; 0.0 (0.0)                                         ; 0.0 (0.0)                        ; 0.0 (0.0)            ; 0 (0)               ; 32 (32)                   ; 0 (0)         ; 0                 ; 1          ; 0    ; 0            ; |dg_top_128|dg_csr_top:u_dualguard|dg_tile_core:core|dg_mac_lane:banks[120].mac                                                             ; dg_mac_lane     ; work         ;
;          |dg_mac_lane:banks[121].mac|           ; 16.0 (16.0)          ; 16.0 (16.0)                      ; 0.0 (0.0)                                         ; 0.0 (0.0)                        ; 0.0 (0.0)            ; 0 (0)               ; 32 (32)                   ; 0 (0)         ; 0                 ; 1          ; 0    ; 0            ; |dg_top_128|dg_csr_top:u_dualguard|dg_tile_core:core|dg_mac_lane:banks[121].mac                                                             ; dg_mac_lane     ; work         ;
;          |dg_mac_lane:banks[122].mac|           ; 16.0 (16.0)          ; 16.0 (16.0)                      ; 0.0 (0.0)                                         ; 0.0 (0.0)                        ; 0.0 (0.0)            ; 0 (0)               ; 32 (32)                   ; 0 (0)         ; 0                 ; 1          ; 0    ; 0            ; |dg_top_128|dg_csr_top:u_dualguard|dg_tile_core:core|dg_mac_lane:banks[122].mac                                                             ; dg_mac_lane     ; work         ;
;          |dg_mac_lane:banks[123].mac|           ; 16.0 (16.0)          ; 16.0 (16.0)                      ; 0.0 (0.0)                                         ; 0.0 (0.0)                        ; 0.0 (0.0)            ; 0 (0)               ; 32 (32)                   ; 0 (0)         ; 0                 ; 1          ; 0    ; 0            ; |dg_top_128|dg_csr_top:u_dualguard|dg_tile_core:core|dg_mac_lane:banks[123].mac                                                             ; dg_mac_lane     ; work         ;
;          |dg_mac_lane:banks[124].mac|           ; 15.8 (15.8)          ; 15.8 (15.8)                      ; 0.0 (0.0)                                         ; 0.0 (0.0)                        ; 0.0 (0.0)            ; 0 (0)               ; 32 (32)                   ; 0 (0)         ; 0                 ; 1          ; 0    ; 0            ; |dg_top_128|dg_csr_top:u_dualguard|dg_tile_core:core|dg_mac_lane:banks[124].mac                                                             ; dg_mac_lane     ; work         ;
;          |dg_mac_lane:banks[125].mac|           ; 16.0 (16.0)          ; 16.0 (16.0)                      ; 0.0 (0.0)                                         ; 0.0 (0.0)                        ; 0.0 (0.0)            ; 0 (0)               ; 32 (32)                   ; 0 (0)         ; 0                 ; 1          ; 0    ; 0            ; |dg_top_128|dg_csr_top:u_dualguard|dg_tile_core:core|dg_mac_lane:banks[125].mac                                                             ; dg_mac_lane     ; work         ;
;          |dg_mac_lane:banks[126].mac|           ; 16.0 (16.0)          ; 16.0 (16.0)                      ; 0.0 (0.0)                                         ; 0.0 (0.0)                        ; 0.0 (0.0)            ; 0 (0)               ; 32 (32)                   ; 0 (0)         ; 0                 ; 1          ; 0    ; 0            ; |dg_top_128|dg_csr_top:u_dualguard|dg_tile_core:core|dg_mac_lane:banks[126].mac                                                             ; dg_mac_lane     ; work         ;
;          |dg_mac_lane:banks[127].mac|           ; 16.8 (16.8)          ; 16.8 (16.8)                      ; 0.0 (0.0)                                         ; 0.0 (0.0)                        ; 0.0 (0.0)            ; 1 (1)               ; 32 (32)                   ; 0 (0)         ; 0                 ; 1          ; 0    ; 0            ; |dg_top_128|dg_csr_top:u_dualguard|dg_tile_core:core|dg_mac_lane:banks[127].mac                                                             ; dg_mac_lane     ; work         ;
;          |dg_mac_lane:banks[12].mac|            ; 16.0 (16.0)          ; 16.0 (16.0)                      ; 0.0 (0.0)                                         ; 0.0 (0.0)                        ; 0.0 (0.0)            ; 0 (0)               ; 32 (32)                   ; 0 (0)         ; 0                 ; 1          ; 0    ; 0            ; |dg_top_128|dg_csr_top:u_dualguard|dg_tile_core:core|dg_mac_lane:banks[12].mac                                                              ; dg_mac_lane     ; work         ;
;          |dg_mac_lane:banks[13].mac|            ; 16.0 (16.0)          ; 16.0 (16.0)                      ; 0.0 (0.0)                                         ; 0.0 (0.0)                        ; 0.0 (0.0)            ; 0 (0)               ; 32 (32)                   ; 0 (0)         ; 0                 ; 1          ; 0    ; 0            ; |dg_top_128|dg_csr_top:u_dualguard|dg_tile_core:core|dg_mac_lane:banks[13].mac                                                              ; dg_mac_lane     ; work         ;
;          |dg_mac_lane:banks[14].mac|            ; 16.0 (16.0)          ; 16.0 (16.0)                      ; 0.0 (0.0)                                         ; 0.0 (0.0)                        ; 0.0 (0.0)            ; 0 (0)               ; 32 (32)                   ; 0 (0)         ; 0                 ; 1          ; 0    ; 0            ; |dg_top_128|dg_csr_top:u_dualguard|dg_tile_core:core|dg_mac_lane:banks[14].mac                                                              ; dg_mac_lane     ; work         ;
;          |dg_mac_lane:banks[15].mac|            ; 16.0 (16.0)          ; 16.0 (16.0)                      ; 0.0 (0.0)                                         ; 0.0 (0.0)                        ; 0.0 (0.0)            ; 0 (0)               ; 32 (32)                   ; 0 (0)         ; 0                 ; 1          ; 0    ; 0            ; |dg_top_128|dg_csr_top:u_dualguard|dg_tile_core:core|dg_mac_lane:banks[15].mac                                                              ; dg_mac_lane     ; work         ;
;          |dg_mac_lane:banks[16].mac|            ; 16.0 (16.0)          ; 16.0 (16.0)                      ; 0.0 (0.0)                                         ; 0.0 (0.0)                        ; 0.0 (0.0)            ; 0 (0)               ; 32 (32)                   ; 0 (0)         ; 0                 ; 1          ; 0    ; 0            ; |dg_top_128|dg_csr_top:u_dualguard|dg_tile_core:core|dg_mac_lane:banks[16].mac                                                              ; dg_mac_lane     ; work         ;
;          |dg_mac_lane:banks[17].mac|            ; 16.0 (16.0)          ; 16.0 (16.0)                      ; 0.0 (0.0)                                         ; 0.0 (0.0)                        ; 0.0 (0.0)            ; 0 (0)               ; 32 (32)                   ; 0 (0)         ; 0                 ; 1          ; 0    ; 0            ; |dg_top_128|dg_csr_top:u_dualguard|dg_tile_core:core|dg_mac_lane:banks[17].mac                                                              ; dg_mac_lane     ; work         ;
;          |dg_mac_lane:banks[18].mac|            ; 16.0 (16.0)          ; 16.0 (16.0)                      ; 0.0 (0.0)                                         ; 0.0 (0.0)                        ; 0.0 (0.0)            ; 0 (0)               ; 32 (32)                   ; 0 (0)         ; 0                 ; 1          ; 0    ; 0            ; |dg_top_128|dg_csr_top:u_dualguard|dg_tile_core:core|dg_mac_lane:banks[18].mac                                                              ; dg_mac_lane     ; work         ;
;          |dg_mac_lane:banks[19].mac|            ; 16.0 (16.0)          ; 16.0 (16.0)                      ; 0.0 (0.0)                                         ; 0.0 (0.0)                        ; 0.0 (0.0)            ; 0 (0)               ; 32 (32)                   ; 0 (0)         ; 0                 ; 1          ; 0    ; 0            ; |dg_top_128|dg_csr_top:u_dualguard|dg_tile_core:core|dg_mac_lane:banks[19].mac                                                              ; dg_mac_lane     ; work         ;
;          |dg_mac_lane:banks[1].mac|             ; 16.0 (16.0)          ; 16.0 (16.0)                      ; 0.0 (0.0)                                         ; 0.0 (0.0)                        ; 0.0 (0.0)            ; 0 (0)               ; 32 (32)                   ; 0 (0)         ; 0                 ; 1          ; 0    ; 0            ; |dg_top_128|dg_csr_top:u_dualguard|dg_tile_core:core|dg_mac_lane:banks[1].mac                                                               ; dg_mac_lane     ; work         ;
;          |dg_mac_lane:banks[20].mac|            ; 16.0 (16.0)          ; 16.0 (16.0)                      ; 0.0 (0.0)                                         ; 0.0 (0.0)                        ; 0.0 (0.0)            ; 0 (0)               ; 32 (32)                   ; 0 (0)         ; 0                 ; 1          ; 0    ; 0            ; |dg_top_128|dg_csr_top:u_dualguard|dg_tile_core:core|dg_mac_lane:banks[20].mac                                                              ; dg_mac_lane     ; work         ;
;          |dg_mac_lane:banks[21].mac|            ; 16.0 (16.0)          ; 16.0 (16.0)                      ; 0.0 (0.0)                                         ; 0.0 (0.0)                        ; 0.0 (0.0)            ; 0 (0)               ; 32 (32)                   ; 0 (0)         ; 0                 ; 1          ; 0    ; 0            ; |dg_top_128|dg_csr_top:u_dualguard|dg_tile_core:core|dg_mac_lane:banks[21].mac                                                              ; dg_mac_lane     ; work         ;
;          |dg_mac_lane:banks[22].mac|            ; 16.0 (16.0)          ; 16.0 (16.0)                      ; 0.0 (0.0)                                         ; 0.0 (0.0)                        ; 0.0 (0.0)            ; 0 (0)               ; 32 (32)                   ; 0 (0)         ; 0                 ; 1          ; 0    ; 0            ; |dg_top_128|dg_csr_top:u_dualguard|dg_tile_core:core|dg_mac_lane:banks[22].mac                                                              ; dg_mac_lane     ; work         ;
;          |dg_mac_lane:banks[23].mac|            ; 16.0 (16.0)          ; 16.0 (16.0)                      ; 0.0 (0.0)                                         ; 0.0 (0.0)                        ; 0.0 (0.0)            ; 0 (0)               ; 32 (32)                   ; 0 (0)         ; 0                 ; 1          ; 0    ; 0            ; |dg_top_128|dg_csr_top:u_dualguard|dg_tile_core:core|dg_mac_lane:banks[23].mac                                                              ; dg_mac_lane     ; work         ;
;          |dg_mac_lane:banks[24].mac|            ; 16.0 (16.0)          ; 16.0 (16.0)                      ; 0.0 (0.0)                                         ; 0.0 (0.0)                        ; 0.0 (0.0)            ; 0 (0)               ; 32 (32)                   ; 0 (0)         ; 0                 ; 1          ; 0    ; 0            ; |dg_top_128|dg_csr_top:u_dualguard|dg_tile_core:core|dg_mac_lane:banks[24].mac                                                              ; dg_mac_lane     ; work         ;
;          |dg_mac_lane:banks[25].mac|            ; 16.0 (16.0)          ; 16.0 (16.0)                      ; 0.0 (0.0)                                         ; 0.0 (0.0)                        ; 0.0 (0.0)            ; 0 (0)               ; 32 (32)                   ; 0 (0)         ; 0                 ; 1          ; 0    ; 0            ; |dg_top_128|dg_csr_top:u_dualguard|dg_tile_core:core|dg_mac_lane:banks[25].mac                                                              ; dg_mac_lane     ; work         ;
;          |dg_mac_lane:banks[26].mac|            ; 16.0 (16.0)          ; 16.0 (16.0)                      ; 0.0 (0.0)                                         ; 0.0 (0.0)                        ; 0.0 (0.0)            ; 0 (0)               ; 32 (32)                   ; 0 (0)         ; 0                 ; 1          ; 0    ; 0            ; |dg_top_128|dg_csr_top:u_dualguard|dg_tile_core:core|dg_mac_lane:banks[26].mac                                                              ; dg_mac_lane     ; work         ;
;          |dg_mac_lane:banks[27].mac|            ; 16.0 (16.0)          ; 16.0 (16.0)                      ; 0.0 (0.0)                                         ; 0.0 (0.0)                        ; 0.0 (0.0)            ; 0 (0)               ; 32 (32)                   ; 0 (0)         ; 0                 ; 1          ; 0    ; 0            ; |dg_top_128|dg_csr_top:u_dualguard|dg_tile_core:core|dg_mac_lane:banks[27].mac                                                              ; dg_mac_lane     ; work         ;
;          |dg_mac_lane:banks[28].mac|            ; 16.0 (16.0)          ; 16.0 (16.0)                      ; 0.0 (0.0)                                         ; 0.0 (0.0)                        ; 0.0 (0.0)            ; 0 (0)               ; 32 (32)                   ; 0 (0)         ; 0                 ; 1          ; 0    ; 0            ; |dg_top_128|dg_csr_top:u_dualguard|dg_tile_core:core|dg_mac_lane:banks[28].mac                                                              ; dg_mac_lane     ; work         ;
;          |dg_mac_lane:banks[29].mac|            ; 16.0 (16.0)          ; 16.0 (16.0)                      ; 0.0 (0.0)                                         ; 0.0 (0.0)                        ; 0.0 (0.0)            ; 0 (0)               ; 32 (32)                   ; 0 (0)         ; 0                 ; 1          ; 0    ; 0            ; |dg_top_128|dg_csr_top:u_dualguard|dg_tile_core:core|dg_mac_lane:banks[29].mac                                                              ; dg_mac_lane     ; work         ;
;          |dg_mac_lane:banks[2].mac|             ; 16.0 (16.0)          ; 16.0 (16.0)                      ; 0.0 (0.0)                                         ; 0.0 (0.0)                        ; 0.0 (0.0)            ; 0 (0)               ; 32 (32)                   ; 0 (0)         ; 0                 ; 1          ; 0    ; 0            ; |dg_top_128|dg_csr_top:u_dualguard|dg_tile_core:core|dg_mac_lane:banks[2].mac                                                               ; dg_mac_lane     ; work         ;
;          |dg_mac_lane:banks[30].mac|            ; 16.0 (16.0)          ; 16.0 (16.0)                      ; 0.0 (0.0)                                         ; 0.0 (0.0)                        ; 0.0 (0.0)            ; 0 (0)               ; 32 (32)                   ; 0 (0)         ; 0                 ; 1          ; 0    ; 0            ; |dg_top_128|dg_csr_top:u_dualguard|dg_tile_core:core|dg_mac_lane:banks[30].mac                                                              ; dg_mac_lane     ; work         ;
;          |dg_mac_lane:banks[31].mac|            ; 13.8 (13.8)          ; 13.8 (13.8)                      ; 0.0 (0.0)                                         ; 0.0 (0.0)                        ; 0.0 (0.0)            ; 0 (0)               ; 32 (32)                   ; 0 (0)         ; 0                 ; 1          ; 0    ; 0            ; |dg_top_128|dg_csr_top:u_dualguard|dg_tile_core:core|dg_mac_lane:banks[31].mac                                                              ; dg_mac_lane     ; work         ;
;          |dg_mac_lane:banks[32].mac|            ; 15.8 (15.8)          ; 15.8 (15.8)                      ; 0.0 (0.0)                                         ; 0.0 (0.0)                        ; 0.0 (0.0)            ; 0 (0)               ; 32 (32)                   ; 0 (0)         ; 0                 ; 1          ; 0    ; 0            ; |dg_top_128|dg_csr_top:u_dualguard|dg_tile_core:core|dg_mac_lane:banks[32].mac                                                              ; dg_mac_lane     ; work         ;
;          |dg_mac_lane:banks[33].mac|            ; 16.0 (16.0)          ; 16.0 (16.0)                      ; 0.0 (0.0)                                         ; 0.0 (0.0)                        ; 0.0 (0.0)            ; 0 (0)               ; 32 (32)                   ; 0 (0)         ; 0                 ; 1          ; 0    ; 0            ; |dg_top_128|dg_csr_top:u_dualguard|dg_tile_core:core|dg_mac_lane:banks[33].mac                                                              ; dg_mac_lane     ; work         ;
;          |dg_mac_lane:banks[34].mac|            ; 16.0 (16.0)          ; 16.0 (16.0)                      ; 0.0 (0.0)                                         ; 0.0 (0.0)                        ; 0.0 (0.0)            ; 0 (0)               ; 32 (32)                   ; 0 (0)         ; 0                 ; 1          ; 0    ; 0            ; |dg_top_128|dg_csr_top:u_dualguard|dg_tile_core:core|dg_mac_lane:banks[34].mac                                                              ; dg_mac_lane     ; work         ;
;          |dg_mac_lane:banks[35].mac|            ; 16.0 (16.0)          ; 16.0 (16.0)                      ; 0.0 (0.0)                                         ; 0.0 (0.0)                        ; 0.0 (0.0)            ; 0 (0)               ; 32 (32)                   ; 0 (0)         ; 0                 ; 1          ; 0    ; 0            ; |dg_top_128|dg_csr_top:u_dualguard|dg_tile_core:core|dg_mac_lane:banks[35].mac                                                              ; dg_mac_lane     ; work         ;
;          |dg_mac_lane:banks[36].mac|            ; 16.0 (16.0)          ; 16.0 (16.0)                      ; 0.0 (0.0)                                         ; 0.0 (0.0)                        ; 0.0 (0.0)            ; 0 (0)               ; 32 (32)                   ; 0 (0)         ; 0                 ; 1          ; 0    ; 0            ; |dg_top_128|dg_csr_top:u_dualguard|dg_tile_core:core|dg_mac_lane:banks[36].mac                                                              ; dg_mac_lane     ; work         ;
;          |dg_mac_lane:banks[37].mac|            ; 16.0 (16.0)          ; 16.0 (16.0)                      ; 0.0 (0.0)                                         ; 0.0 (0.0)                        ; 0.0 (0.0)            ; 0 (0)               ; 32 (32)                   ; 0 (0)         ; 0                 ; 1          ; 0    ; 0            ; |dg_top_128|dg_csr_top:u_dualguard|dg_tile_core:core|dg_mac_lane:banks[37].mac                                                              ; dg_mac_lane     ; work         ;
;          |dg_mac_lane:banks[38].mac|            ; 16.0 (16.0)          ; 16.0 (16.0)                      ; 0.0 (0.0)                                         ; 0.0 (0.0)                        ; 0.0 (0.0)            ; 0 (0)               ; 32 (32)                   ; 0 (0)         ; 0                 ; 1          ; 0    ; 0            ; |dg_top_128|dg_csr_top:u_dualguard|dg_tile_core:core|dg_mac_lane:banks[38].mac                                                              ; dg_mac_lane     ; work         ;
;          |dg_mac_lane:banks[39].mac|            ; 16.0 (16.0)          ; 16.0 (16.0)                      ; 0.0 (0.0)                                         ; 0.0 (0.0)                        ; 0.0 (0.0)            ; 0 (0)               ; 32 (32)                   ; 0 (0)         ; 0                 ; 1          ; 0    ; 0            ; |dg_top_128|dg_csr_top:u_dualguard|dg_tile_core:core|dg_mac_lane:banks[39].mac                                                              ; dg_mac_lane     ; work         ;
;          |dg_mac_lane:banks[3].mac|             ; 16.0 (16.0)          ; 16.0 (16.0)                      ; 0.0 (0.0)                                         ; 0.0 (0.0)                        ; 0.0 (0.0)            ; 0 (0)               ; 32 (32)                   ; 0 (0)         ; 0                 ; 1          ; 0    ; 0            ; |dg_top_128|dg_csr_top:u_dualguard|dg_tile_core:core|dg_mac_lane:banks[3].mac                                                               ; dg_mac_lane     ; work         ;
;          |dg_mac_lane:banks[40].mac|            ; 16.0 (16.0)          ; 16.0 (16.0)                      ; 0.0 (0.0)                                         ; 0.0 (0.0)                        ; 0.0 (0.0)            ; 0 (0)               ; 32 (32)                   ; 0 (0)         ; 0                 ; 1          ; 0    ; 0            ; |dg_top_128|dg_csr_top:u_dualguard|dg_tile_core:core|dg_mac_lane:banks[40].mac                                                              ; dg_mac_lane     ; work         ;
;          |dg_mac_lane:banks[41].mac|            ; 16.0 (16.0)          ; 16.0 (16.0)                      ; 0.0 (0.0)                                         ; 0.0 (0.0)                        ; 0.0 (0.0)            ; 0 (0)               ; 32 (32)                   ; 0 (0)         ; 0                 ; 1          ; 0    ; 0            ; |dg_top_128|dg_csr_top:u_dualguard|dg_tile_core:core|dg_mac_lane:banks[41].mac                                                              ; dg_mac_lane     ; work         ;
;          |dg_mac_lane:banks[42].mac|            ; 16.0 (16.0)          ; 16.0 (16.0)                      ; 0.0 (0.0)                                         ; 0.0 (0.0)                        ; 0.0 (0.0)            ; 0 (0)               ; 32 (32)                   ; 0 (0)         ; 0                 ; 1          ; 0    ; 0            ; |dg_top_128|dg_csr_top:u_dualguard|dg_tile_core:core|dg_mac_lane:banks[42].mac                                                              ; dg_mac_lane     ; work         ;
;          |dg_mac_lane:banks[43].mac|            ; 16.0 (16.0)          ; 16.0 (16.0)                      ; 0.0 (0.0)                                         ; 0.0 (0.0)                        ; 0.0 (0.0)            ; 0 (0)               ; 32 (32)                   ; 0 (0)         ; 0                 ; 1          ; 0    ; 0            ; |dg_top_128|dg_csr_top:u_dualguard|dg_tile_core:core|dg_mac_lane:banks[43].mac                                                              ; dg_mac_lane     ; work         ;
;          |dg_mac_lane:banks[44].mac|            ; 16.0 (16.0)          ; 16.0 (16.0)                      ; 0.0 (0.0)                                         ; 0.0 (0.0)                        ; 0.0 (0.0)            ; 0 (0)               ; 32 (32)                   ; 0 (0)         ; 0                 ; 1          ; 0    ; 0            ; |dg_top_128|dg_csr_top:u_dualguard|dg_tile_core:core|dg_mac_lane:banks[44].mac                                                              ; dg_mac_lane     ; work         ;
;          |dg_mac_lane:banks[45].mac|            ; 16.0 (16.0)          ; 16.0 (16.0)                      ; 0.0 (0.0)                                         ; 0.0 (0.0)                        ; 0.0 (0.0)            ; 0 (0)               ; 32 (32)                   ; 0 (0)         ; 0                 ; 1          ; 0    ; 0            ; |dg_top_128|dg_csr_top:u_dualguard|dg_tile_core:core|dg_mac_lane:banks[45].mac                                                              ; dg_mac_lane     ; work         ;
;          |dg_mac_lane:banks[46].mac|            ; 16.0 (16.0)          ; 16.0 (16.0)                      ; 0.0 (0.0)                                         ; 0.0 (0.0)                        ; 0.0 (0.0)            ; 0 (0)               ; 32 (32)                   ; 0 (0)         ; 0                 ; 1          ; 0    ; 0            ; |dg_top_128|dg_csr_top:u_dualguard|dg_tile_core:core|dg_mac_lane:banks[46].mac                                                              ; dg_mac_lane     ; work         ;
;          |dg_mac_lane:banks[47].mac|            ; 16.0 (16.0)          ; 16.0 (16.0)                      ; 0.0 (0.0)                                         ; 0.0 (0.0)                        ; 0.0 (0.0)            ; 0 (0)               ; 32 (32)                   ; 0 (0)         ; 0                 ; 1          ; 0    ; 0            ; |dg_top_128|dg_csr_top:u_dualguard|dg_tile_core:core|dg_mac_lane:banks[47].mac                                                              ; dg_mac_lane     ; work         ;
;          |dg_mac_lane:banks[48].mac|            ; 16.0 (16.0)          ; 16.0 (16.0)                      ; 0.0 (0.0)                                         ; 0.0 (0.0)                        ; 0.0 (0.0)            ; 0 (0)               ; 32 (32)                   ; 0 (0)         ; 0                 ; 1          ; 0    ; 0            ; |dg_top_128|dg_csr_top:u_dualguard|dg_tile_core:core|dg_mac_lane:banks[48].mac                                                              ; dg_mac_lane     ; work         ;
;          |dg_mac_lane:banks[49].mac|            ; 16.0 (16.0)          ; 16.0 (16.0)                      ; 0.0 (0.0)                                         ; 0.0 (0.0)                        ; 0.0 (0.0)            ; 0 (0)               ; 32 (32)                   ; 0 (0)         ; 0                 ; 1          ; 0    ; 0            ; |dg_top_128|dg_csr_top:u_dualguard|dg_tile_core:core|dg_mac_lane:banks[49].mac                                                              ; dg_mac_lane     ; work         ;
;          |dg_mac_lane:banks[4].mac|             ; 16.0 (16.0)          ; 16.0 (16.0)                      ; 0.0 (0.0)                                         ; 0.0 (0.0)                        ; 0.0 (0.0)            ; 0 (0)               ; 32 (32)                   ; 0 (0)         ; 0                 ; 1          ; 0    ; 0            ; |dg_top_128|dg_csr_top:u_dualguard|dg_tile_core:core|dg_mac_lane:banks[4].mac                                                               ; dg_mac_lane     ; work         ;
;          |dg_mac_lane:banks[50].mac|            ; 16.0 (16.0)          ; 16.0 (16.0)                      ; 0.0 (0.0)                                         ; 0.0 (0.0)                        ; 0.0 (0.0)            ; 0 (0)               ; 32 (32)                   ; 0 (0)         ; 0                 ; 1          ; 0    ; 0            ; |dg_top_128|dg_csr_top:u_dualguard|dg_tile_core:core|dg_mac_lane:banks[50].mac                                                              ; dg_mac_lane     ; work         ;
;          |dg_mac_lane:banks[51].mac|            ; 16.0 (16.0)          ; 16.0 (16.0)                      ; 0.0 (0.0)                                         ; 0.0 (0.0)                        ; 0.0 (0.0)            ; 0 (0)               ; 32 (32)                   ; 0 (0)         ; 0                 ; 1          ; 0    ; 0            ; |dg_top_128|dg_csr_top:u_dualguard|dg_tile_core:core|dg_mac_lane:banks[51].mac                                                              ; dg_mac_lane     ; work         ;
;          |dg_mac_lane:banks[52].mac|            ; 16.0 (16.0)          ; 16.0 (16.0)                      ; 0.0 (0.0)                                         ; 0.0 (0.0)                        ; 0.0 (0.0)            ; 0 (0)               ; 32 (32)                   ; 0 (0)         ; 0                 ; 1          ; 0    ; 0            ; |dg_top_128|dg_csr_top:u_dualguard|dg_tile_core:core|dg_mac_lane:banks[52].mac                                                              ; dg_mac_lane     ; work         ;
;          |dg_mac_lane:banks[53].mac|            ; 16.0 (16.0)          ; 16.0 (16.0)                      ; 0.0 (0.0)                                         ; 0.0 (0.0)                        ; 0.0 (0.0)            ; 0 (0)               ; 32 (32)                   ; 0 (0)         ; 0                 ; 1          ; 0    ; 0            ; |dg_top_128|dg_csr_top:u_dualguard|dg_tile_core:core|dg_mac_lane:banks[53].mac                                                              ; dg_mac_lane     ; work         ;
;          |dg_mac_lane:banks[54].mac|            ; 16.0 (16.0)          ; 16.0 (16.0)                      ; 0.0 (0.0)                                         ; 0.0 (0.0)                        ; 0.0 (0.0)            ; 0 (0)               ; 32 (32)                   ; 0 (0)         ; 0                 ; 1          ; 0    ; 0            ; |dg_top_128|dg_csr_top:u_dualguard|dg_tile_core:core|dg_mac_lane:banks[54].mac                                                              ; dg_mac_lane     ; work         ;
;          |dg_mac_lane:banks[55].mac|            ; 16.0 (16.0)          ; 16.0 (16.0)                      ; 0.0 (0.0)                                         ; 0.0 (0.0)                        ; 0.0 (0.0)            ; 0 (0)               ; 32 (32)                   ; 0 (0)         ; 0                 ; 1          ; 0    ; 0            ; |dg_top_128|dg_csr_top:u_dualguard|dg_tile_core:core|dg_mac_lane:banks[55].mac                                                              ; dg_mac_lane     ; work         ;
;          |dg_mac_lane:banks[56].mac|            ; 16.0 (16.0)          ; 16.0 (16.0)                      ; 0.0 (0.0)                                         ; 0.0 (0.0)                        ; 0.0 (0.0)            ; 0 (0)               ; 32 (32)                   ; 0 (0)         ; 0                 ; 1          ; 0    ; 0            ; |dg_top_128|dg_csr_top:u_dualguard|dg_tile_core:core|dg_mac_lane:banks[56].mac                                                              ; dg_mac_lane     ; work         ;
;          |dg_mac_lane:banks[57].mac|            ; 16.0 (16.0)          ; 16.0 (16.0)                      ; 0.0 (0.0)                                         ; 0.0 (0.0)                        ; 0.0 (0.0)            ; 0 (0)               ; 32 (32)                   ; 0 (0)         ; 0                 ; 1          ; 0    ; 0            ; |dg_top_128|dg_csr_top:u_dualguard|dg_tile_core:core|dg_mac_lane:banks[57].mac                                                              ; dg_mac_lane     ; work         ;
;          |dg_mac_lane:banks[58].mac|            ; 16.0 (16.0)          ; 16.0 (16.0)                      ; 0.0 (0.0)                                         ; 0.0 (0.0)                        ; 0.0 (0.0)            ; 0 (0)               ; 32 (32)                   ; 0 (0)         ; 0                 ; 1          ; 0    ; 0            ; |dg_top_128|dg_csr_top:u_dualguard|dg_tile_core:core|dg_mac_lane:banks[58].mac                                                              ; dg_mac_lane     ; work         ;
;          |dg_mac_lane:banks[59].mac|            ; 16.0 (16.0)          ; 16.0 (16.0)                      ; 0.0 (0.0)                                         ; 0.0 (0.0)                        ; 0.0 (0.0)            ; 0 (0)               ; 32 (32)                   ; 0 (0)         ; 0                 ; 1          ; 0    ; 0            ; |dg_top_128|dg_csr_top:u_dualguard|dg_tile_core:core|dg_mac_lane:banks[59].mac                                                              ; dg_mac_lane     ; work         ;
;          |dg_mac_lane:banks[5].mac|             ; 16.0 (16.0)          ; 16.0 (16.0)                      ; 0.0 (0.0)                                         ; 0.0 (0.0)                        ; 0.0 (0.0)            ; 0 (0)               ; 32 (32)                   ; 0 (0)         ; 0                 ; 1          ; 0    ; 0            ; |dg_top_128|dg_csr_top:u_dualguard|dg_tile_core:core|dg_mac_lane:banks[5].mac                                                               ; dg_mac_lane     ; work         ;
;          |dg_mac_lane:banks[60].mac|            ; 16.0 (16.0)          ; 16.0 (16.0)                      ; 0.0 (0.0)                                         ; 0.0 (0.0)                        ; 0.0 (0.0)            ; 0 (0)               ; 32 (32)                   ; 0 (0)         ; 0                 ; 1          ; 0    ; 0            ; |dg_top_128|dg_csr_top:u_dualguard|dg_tile_core:core|dg_mac_lane:banks[60].mac                                                              ; dg_mac_lane     ; work         ;
;          |dg_mac_lane:banks[61].mac|            ; 16.0 (16.0)          ; 16.0 (16.0)                      ; 0.0 (0.0)                                         ; 0.0 (0.0)                        ; 0.0 (0.0)            ; 0 (0)               ; 32 (32)                   ; 0 (0)         ; 0                 ; 1          ; 0    ; 0            ; |dg_top_128|dg_csr_top:u_dualguard|dg_tile_core:core|dg_mac_lane:banks[61].mac                                                              ; dg_mac_lane     ; work         ;
;          |dg_mac_lane:banks[62].mac|            ; 16.0 (16.0)          ; 16.0 (16.0)                      ; 0.0 (0.0)                                         ; 0.0 (0.0)                        ; 0.0 (0.0)            ; 0 (0)               ; 32 (32)                   ; 0 (0)         ; 0                 ; 1          ; 0    ; 0            ; |dg_top_128|dg_csr_top:u_dualguard|dg_tile_core:core|dg_mac_lane:banks[62].mac                                                              ; dg_mac_lane     ; work         ;
;          |dg_mac_lane:banks[63].mac|            ; 16.0 (16.0)          ; 16.0 (16.0)                      ; 0.0 (0.0)                                         ; 0.0 (0.0)                        ; 0.0 (0.0)            ; 0 (0)               ; 32 (32)                   ; 0 (0)         ; 0                 ; 1          ; 0    ; 0            ; |dg_top_128|dg_csr_top:u_dualguard|dg_tile_core:core|dg_mac_lane:banks[63].mac                                                              ; dg_mac_lane     ; work         ;
;          |dg_mac_lane:banks[64].mac|            ; 14.5 (14.5)          ; 14.5 (14.5)                      ; 0.0 (0.0)                                         ; 0.0 (0.0)                        ; 0.0 (0.0)            ; 0 (0)               ; 32 (32)                   ; 0 (0)         ; 0                 ; 1          ; 0    ; 0            ; |dg_top_128|dg_csr_top:u_dualguard|dg_tile_core:core|dg_mac_lane:banks[64].mac                                                              ; dg_mac_lane     ; work         ;
;          |dg_mac_lane:banks[65].mac|            ; 15.8 (15.8)          ; 15.8 (15.8)                      ; 0.0 (0.0)                                         ; 0.0 (0.0)                        ; 0.0 (0.0)            ; 0 (0)               ; 32 (32)                   ; 0 (0)         ; 0                 ; 1          ; 0    ; 0            ; |dg_top_128|dg_csr_top:u_dualguard|dg_tile_core:core|dg_mac_lane:banks[65].mac                                                              ; dg_mac_lane     ; work         ;
;          |dg_mac_lane:banks[66].mac|            ; 16.0 (16.0)          ; 16.0 (16.0)                      ; 0.0 (0.0)                                         ; 0.0 (0.0)                        ; 0.0 (0.0)            ; 0 (0)               ; 32 (32)                   ; 0 (0)         ; 0                 ; 1          ; 0    ; 0            ; |dg_top_128|dg_csr_top:u_dualguard|dg_tile_core:core|dg_mac_lane:banks[66].mac                                                              ; dg_mac_lane     ; work         ;
;          |dg_mac_lane:banks[67].mac|            ; 16.0 (16.0)          ; 16.0 (16.0)                      ; 0.0 (0.0)                                         ; 0.0 (0.0)                        ; 0.0 (0.0)            ; 0 (0)               ; 32 (32)                   ; 0 (0)         ; 0                 ; 1          ; 0    ; 0            ; |dg_top_128|dg_csr_top:u_dualguard|dg_tile_core:core|dg_mac_lane:banks[67].mac                                                              ; dg_mac_lane     ; work         ;
;          |dg_mac_lane:banks[68].mac|            ; 15.8 (15.8)          ; 15.8 (15.8)                      ; 0.0 (0.0)                                         ; 0.0 (0.0)                        ; 0.0 (0.0)            ; 0 (0)               ; 32 (32)                   ; 0 (0)         ; 0                 ; 1          ; 0    ; 0            ; |dg_top_128|dg_csr_top:u_dualguard|dg_tile_core:core|dg_mac_lane:banks[68].mac                                                              ; dg_mac_lane     ; work         ;
;          |dg_mac_lane:banks[69].mac|            ; 16.0 (16.0)          ; 16.0 (16.0)                      ; 0.0 (0.0)                                         ; 0.0 (0.0)                        ; 0.0 (0.0)            ; 0 (0)               ; 32 (32)                   ; 0 (0)         ; 0                 ; 1          ; 0    ; 0            ; |dg_top_128|dg_csr_top:u_dualguard|dg_tile_core:core|dg_mac_lane:banks[69].mac                                                              ; dg_mac_lane     ; work         ;
;          |dg_mac_lane:banks[6].mac|             ; 16.0 (16.0)          ; 16.0 (16.0)                      ; 0.0 (0.0)                                         ; 0.0 (0.0)                        ; 0.0 (0.0)            ; 0 (0)               ; 32 (32)                   ; 0 (0)         ; 0                 ; 1          ; 0    ; 0            ; |dg_top_128|dg_csr_top:u_dualguard|dg_tile_core:core|dg_mac_lane:banks[6].mac                                                               ; dg_mac_lane     ; work         ;
;          |dg_mac_lane:banks[70].mac|            ; 16.0 (16.0)          ; 16.0 (16.0)                      ; 0.0 (0.0)                                         ; 0.0 (0.0)                        ; 0.0 (0.0)            ; 0 (0)               ; 32 (32)                   ; 0 (0)         ; 0                 ; 1          ; 0    ; 0            ; |dg_top_128|dg_csr_top:u_dualguard|dg_tile_core:core|dg_mac_lane:banks[70].mac                                                              ; dg_mac_lane     ; work         ;
;          |dg_mac_lane:banks[71].mac|            ; 16.0 (16.0)          ; 16.0 (16.0)                      ; 0.0 (0.0)                                         ; 0.0 (0.0)                        ; 0.0 (0.0)            ; 0 (0)               ; 32 (32)                   ; 0 (0)         ; 0                 ; 1          ; 0    ; 0            ; |dg_top_128|dg_csr_top:u_dualguard|dg_tile_core:core|dg_mac_lane:banks[71].mac                                                              ; dg_mac_lane     ; work         ;
;          |dg_mac_lane:banks[72].mac|            ; 16.0 (16.0)          ; 16.0 (16.0)                      ; 0.0 (0.0)                                         ; 0.0 (0.0)                        ; 0.0 (0.0)            ; 0 (0)               ; 32 (32)                   ; 0 (0)         ; 0                 ; 1          ; 0    ; 0            ; |dg_top_128|dg_csr_top:u_dualguard|dg_tile_core:core|dg_mac_lane:banks[72].mac                                                              ; dg_mac_lane     ; work         ;
;          |dg_mac_lane:banks[73].mac|            ; 16.0 (16.0)          ; 16.0 (16.0)                      ; 0.0 (0.0)                                         ; 0.0 (0.0)                        ; 0.0 (0.0)            ; 0 (0)               ; 32 (32)                   ; 0 (0)         ; 0                 ; 1          ; 0    ; 0            ; |dg_top_128|dg_csr_top:u_dualguard|dg_tile_core:core|dg_mac_lane:banks[73].mac                                                              ; dg_mac_lane     ; work         ;
;          |dg_mac_lane:banks[74].mac|            ; 16.0 (16.0)          ; 16.0 (16.0)                      ; 0.0 (0.0)                                         ; 0.0 (0.0)                        ; 0.0 (0.0)            ; 0 (0)               ; 32 (32)                   ; 0 (0)         ; 0                 ; 1          ; 0    ; 0            ; |dg_top_128|dg_csr_top:u_dualguard|dg_tile_core:core|dg_mac_lane:banks[74].mac                                                              ; dg_mac_lane     ; work         ;
;          |dg_mac_lane:banks[75].mac|            ; 16.0 (16.0)          ; 16.0 (16.0)                      ; 0.0 (0.0)                                         ; 0.0 (0.0)                        ; 0.0 (0.0)            ; 0 (0)               ; 32 (32)                   ; 0 (0)         ; 0                 ; 1          ; 0    ; 0            ; |dg_top_128|dg_csr_top:u_dualguard|dg_tile_core:core|dg_mac_lane:banks[75].mac                                                              ; dg_mac_lane     ; work         ;
;          |dg_mac_lane:banks[76].mac|            ; 16.0 (16.0)          ; 16.0 (16.0)                      ; 0.0 (0.0)                                         ; 0.0 (0.0)                        ; 0.0 (0.0)            ; 0 (0)               ; 32 (32)                   ; 0 (0)         ; 0                 ; 1          ; 0    ; 0            ; |dg_top_128|dg_csr_top:u_dualguard|dg_tile_core:core|dg_mac_lane:banks[76].mac                                                              ; dg_mac_lane     ; work         ;
;          |dg_mac_lane:banks[77].mac|            ; 16.0 (16.0)          ; 16.0 (16.0)                      ; 0.0 (0.0)                                         ; 0.0 (0.0)                        ; 0.0 (0.0)            ; 0 (0)               ; 32 (32)                   ; 0 (0)         ; 0                 ; 1          ; 0    ; 0            ; |dg_top_128|dg_csr_top:u_dualguard|dg_tile_core:core|dg_mac_lane:banks[77].mac                                                              ; dg_mac_lane     ; work         ;
;          |dg_mac_lane:banks[78].mac|            ; 16.0 (16.0)          ; 16.0 (16.0)                      ; 0.0 (0.0)                                         ; 0.0 (0.0)                        ; 0.0 (0.0)            ; 0 (0)               ; 32 (32)                   ; 0 (0)         ; 0                 ; 1          ; 0    ; 0            ; |dg_top_128|dg_csr_top:u_dualguard|dg_tile_core:core|dg_mac_lane:banks[78].mac                                                              ; dg_mac_lane     ; work         ;
;          |dg_mac_lane:banks[79].mac|            ; 16.0 (16.0)          ; 16.0 (16.0)                      ; 0.0 (0.0)                                         ; 0.0 (0.0)                        ; 0.0 (0.0)            ; 0 (0)               ; 32 (32)                   ; 0 (0)         ; 0                 ; 1          ; 0    ; 0            ; |dg_top_128|dg_csr_top:u_dualguard|dg_tile_core:core|dg_mac_lane:banks[79].mac                                                              ; dg_mac_lane     ; work         ;
;          |dg_mac_lane:banks[7].mac|             ; 16.0 (16.0)          ; 16.0 (16.0)                      ; 0.0 (0.0)                                         ; 0.0 (0.0)                        ; 0.0 (0.0)            ; 0 (0)               ; 32 (32)                   ; 0 (0)         ; 0                 ; 1          ; 0    ; 0            ; |dg_top_128|dg_csr_top:u_dualguard|dg_tile_core:core|dg_mac_lane:banks[7].mac                                                               ; dg_mac_lane     ; work         ;
;          |dg_mac_lane:banks[80].mac|            ; 16.0 (16.0)          ; 16.0 (16.0)                      ; 0.0 (0.0)                                         ; 0.0 (0.0)                        ; 0.0 (0.0)            ; 0 (0)               ; 32 (32)                   ; 0 (0)         ; 0                 ; 1          ; 0    ; 0            ; |dg_top_128|dg_csr_top:u_dualguard|dg_tile_core:core|dg_mac_lane:banks[80].mac                                                              ; dg_mac_lane     ; work         ;
;          |dg_mac_lane:banks[81].mac|            ; 16.0 (16.0)          ; 16.0 (16.0)                      ; 0.0 (0.0)                                         ; 0.0 (0.0)                        ; 0.0 (0.0)            ; 0 (0)               ; 32 (32)                   ; 0 (0)         ; 0                 ; 1          ; 0    ; 0            ; |dg_top_128|dg_csr_top:u_dualguard|dg_tile_core:core|dg_mac_lane:banks[81].mac                                                              ; dg_mac_lane     ; work         ;
;          |dg_mac_lane:banks[82].mac|            ; 16.0 (16.0)          ; 16.0 (16.0)                      ; 0.0 (0.0)                                         ; 0.0 (0.0)                        ; 0.0 (0.0)            ; 0 (0)               ; 32 (32)                   ; 0 (0)         ; 0                 ; 1          ; 0    ; 0            ; |dg_top_128|dg_csr_top:u_dualguard|dg_tile_core:core|dg_mac_lane:banks[82].mac                                                              ; dg_mac_lane     ; work         ;
;          |dg_mac_lane:banks[83].mac|            ; 16.0 (16.0)          ; 16.0 (16.0)                      ; 0.0 (0.0)                                         ; 0.0 (0.0)                        ; 0.0 (0.0)            ; 0 (0)               ; 32 (32)                   ; 0 (0)         ; 0                 ; 1          ; 0    ; 0            ; |dg_top_128|dg_csr_top:u_dualguard|dg_tile_core:core|dg_mac_lane:banks[83].mac                                                              ; dg_mac_lane     ; work         ;
;          |dg_mac_lane:banks[84].mac|            ; 16.0 (16.0)          ; 16.0 (16.0)                      ; 0.0 (0.0)                                         ; 0.0 (0.0)                        ; 0.0 (0.0)            ; 0 (0)               ; 32 (32)                   ; 0 (0)         ; 0                 ; 1          ; 0    ; 0            ; |dg_top_128|dg_csr_top:u_dualguard|dg_tile_core:core|dg_mac_lane:banks[84].mac                                                              ; dg_mac_lane     ; work         ;
;          |dg_mac_lane:banks[85].mac|            ; 16.0 (16.0)          ; 16.0 (16.0)                      ; 0.0 (0.0)                                         ; 0.0 (0.0)                        ; 0.0 (0.0)            ; 0 (0)               ; 32 (32)                   ; 0 (0)         ; 0                 ; 1          ; 0    ; 0            ; |dg_top_128|dg_csr_top:u_dualguard|dg_tile_core:core|dg_mac_lane:banks[85].mac                                                              ; dg_mac_lane     ; work         ;
;          |dg_mac_lane:banks[86].mac|            ; 16.0 (16.0)          ; 16.0 (16.0)                      ; 0.0 (0.0)                                         ; 0.0 (0.0)                        ; 0.0 (0.0)            ; 0 (0)               ; 32 (32)                   ; 0 (0)         ; 0                 ; 1          ; 0    ; 0            ; |dg_top_128|dg_csr_top:u_dualguard|dg_tile_core:core|dg_mac_lane:banks[86].mac                                                              ; dg_mac_lane     ; work         ;
;          |dg_mac_lane:banks[87].mac|            ; 16.0 (16.0)          ; 16.0 (16.0)                      ; 0.0 (0.0)                                         ; 0.0 (0.0)                        ; 0.0 (0.0)            ; 0 (0)               ; 32 (32)                   ; 0 (0)         ; 0                 ; 1          ; 0    ; 0            ; |dg_top_128|dg_csr_top:u_dualguard|dg_tile_core:core|dg_mac_lane:banks[87].mac                                                              ; dg_mac_lane     ; work         ;
;          |dg_mac_lane:banks[88].mac|            ; 16.0 (16.0)          ; 16.0 (16.0)                      ; 0.0 (0.0)                                         ; 0.0 (0.0)                        ; 0.0 (0.0)            ; 0 (0)               ; 32 (32)                   ; 0 (0)         ; 0                 ; 1          ; 0    ; 0            ; |dg_top_128|dg_csr_top:u_dualguard|dg_tile_core:core|dg_mac_lane:banks[88].mac                                                              ; dg_mac_lane     ; work         ;
;          |dg_mac_lane:banks[89].mac|            ; 16.0 (16.0)          ; 16.0 (16.0)                      ; 0.0 (0.0)                                         ; 0.0 (0.0)                        ; 0.0 (0.0)            ; 0 (0)               ; 32 (32)                   ; 0 (0)         ; 0                 ; 1          ; 0    ; 0            ; |dg_top_128|dg_csr_top:u_dualguard|dg_tile_core:core|dg_mac_lane:banks[89].mac                                                              ; dg_mac_lane     ; work         ;
;          |dg_mac_lane:banks[8].mac|             ; 16.0 (16.0)          ; 16.0 (16.0)                      ; 0.0 (0.0)                                         ; 0.0 (0.0)                        ; 0.0 (0.0)            ; 0 (0)               ; 32 (32)                   ; 0 (0)         ; 0                 ; 1          ; 0    ; 0            ; |dg_top_128|dg_csr_top:u_dualguard|dg_tile_core:core|dg_mac_lane:banks[8].mac                                                               ; dg_mac_lane     ; work         ;
;          |dg_mac_lane:banks[90].mac|            ; 16.0 (16.0)          ; 16.0 (16.0)                      ; 0.0 (0.0)                                         ; 0.0 (0.0)                        ; 0.0 (0.0)            ; 0 (0)               ; 32 (32)                   ; 0 (0)         ; 0                 ; 1          ; 0    ; 0            ; |dg_top_128|dg_csr_top:u_dualguard|dg_tile_core:core|dg_mac_lane:banks[90].mac                                                              ; dg_mac_lane     ; work         ;
;          |dg_mac_lane:banks[91].mac|            ; 16.0 (16.0)          ; 16.0 (16.0)                      ; 0.0 (0.0)                                         ; 0.0 (0.0)                        ; 0.0 (0.0)            ; 0 (0)               ; 32 (32)                   ; 0 (0)         ; 0                 ; 1          ; 0    ; 0            ; |dg_top_128|dg_csr_top:u_dualguard|dg_tile_core:core|dg_mac_lane:banks[91].mac                                                              ; dg_mac_lane     ; work         ;
;          |dg_mac_lane:banks[92].mac|            ; 16.0 (16.0)          ; 16.0 (16.0)                      ; 0.0 (0.0)                                         ; 0.0 (0.0)                        ; 0.0 (0.0)            ; 0 (0)               ; 32 (32)                   ; 0 (0)         ; 0                 ; 1          ; 0    ; 0            ; |dg_top_128|dg_csr_top:u_dualguard|dg_tile_core:core|dg_mac_lane:banks[92].mac                                                              ; dg_mac_lane     ; work         ;
;          |dg_mac_lane:banks[93].mac|            ; 16.0 (16.0)          ; 16.0 (16.0)                      ; 0.0 (0.0)                                         ; 0.0 (0.0)                        ; 0.0 (0.0)            ; 0 (0)               ; 32 (32)                   ; 0 (0)         ; 0                 ; 1          ; 0    ; 0            ; |dg_top_128|dg_csr_top:u_dualguard|dg_tile_core:core|dg_mac_lane:banks[93].mac                                                              ; dg_mac_lane     ; work         ;
;          |dg_mac_lane:banks[94].mac|            ; 16.0 (16.0)          ; 16.0 (16.0)                      ; 0.0 (0.0)                                         ; 0.0 (0.0)                        ; 0.0 (0.0)            ; 0 (0)               ; 32 (32)                   ; 0 (0)         ; 0                 ; 1          ; 0    ; 0            ; |dg_top_128|dg_csr_top:u_dualguard|dg_tile_core:core|dg_mac_lane:banks[94].mac                                                              ; dg_mac_lane     ; work         ;
;          |dg_mac_lane:banks[95].mac|            ; 16.0 (16.0)          ; 16.0 (16.0)                      ; 0.0 (0.0)                                         ; 0.0 (0.0)                        ; 0.0 (0.0)            ; 0 (0)               ; 32 (32)                   ; 0 (0)         ; 0                 ; 1          ; 0    ; 0            ; |dg_top_128|dg_csr_top:u_dualguard|dg_tile_core:core|dg_mac_lane:banks[95].mac                                                              ; dg_mac_lane     ; work         ;
;          |dg_mac_lane:banks[96].mac|            ; 16.0 (16.0)          ; 16.0 (16.0)                      ; 0.0 (0.0)                                         ; 0.0 (0.0)                        ; 0.0 (0.0)            ; 0 (0)               ; 32 (32)                   ; 0 (0)         ; 0                 ; 1          ; 0    ; 0            ; |dg_top_128|dg_csr_top:u_dualguard|dg_tile_core:core|dg_mac_lane:banks[96].mac                                                              ; dg_mac_lane     ; work         ;
;          |dg_mac_lane:banks[97].mac|            ; 16.0 (16.0)          ; 16.0 (16.0)                      ; 0.0 (0.0)                                         ; 0.0 (0.0)                        ; 0.0 (0.0)            ; 0 (0)               ; 32 (32)                   ; 0 (0)         ; 0                 ; 1          ; 0    ; 0            ; |dg_top_128|dg_csr_top:u_dualguard|dg_tile_core:core|dg_mac_lane:banks[97].mac                                                              ; dg_mac_lane     ; work         ;
;          |dg_mac_lane:banks[98].mac|            ; 16.0 (16.0)          ; 16.0 (16.0)                      ; 0.0 (0.0)                                         ; 0.0 (0.0)                        ; 0.0 (0.0)            ; 0 (0)               ; 32 (32)                   ; 0 (0)         ; 0                 ; 1          ; 0    ; 0            ; |dg_top_128|dg_csr_top:u_dualguard|dg_tile_core:core|dg_mac_lane:banks[98].mac                                                              ; dg_mac_lane     ; work         ;
;          |dg_mac_lane:banks[99].mac|            ; 16.0 (16.0)          ; 16.0 (16.0)                      ; 0.0 (0.0)                                         ; 0.0 (0.0)                        ; 0.0 (0.0)            ; 0 (0)               ; 32 (32)                   ; 0 (0)         ; 0                 ; 1          ; 0    ; 0            ; |dg_top_128|dg_csr_top:u_dualguard|dg_tile_core:core|dg_mac_lane:banks[99].mac                                                              ; dg_mac_lane     ; work         ;
;          |dg_mac_lane:banks[9].mac|             ; 16.0 (16.0)          ; 16.0 (16.0)                      ; 0.0 (0.0)                                         ; 0.0 (0.0)                        ; 0.0 (0.0)            ; 0 (0)               ; 32 (32)                   ; 0 (0)         ; 0                 ; 1          ; 0    ; 0            ; |dg_top_128|dg_csr_top:u_dualguard|dg_tile_core:core|dg_mac_lane:banks[9].mac                                                               ; dg_mac_lane     ; work         ;
;          |dg_requant:quant|                     ; 271.9 (271.9)        ; 276.5 (276.5)                    ; 4.6 (4.6)                                         ; 0.0 (0.0)                        ; 0.0 (0.0)            ; 553 (553)           ; 0 (0)                     ; 0 (0)         ; 0                 ; 3          ; 0    ; 0            ; |dg_top_128|dg_csr_top:u_dualguard|dg_tile_core:core|dg_requant:quant                                                                       ; dg_requant      ; work         ;
;          |dg_tile_ram:banks[0].weight_bank|     ; 2.0 (2.0)            ; 2.0 (2.0)                        ; 0.0 (0.0)                                         ; 0.0 (0.0)                        ; 0.0 (0.0)            ; 3 (3)               ; 0 (0)                     ; 0 (0)         ; 2048              ; 0          ; 0    ; 0            ; |dg_top_128|dg_csr_top:u_dualguard|dg_tile_core:core|dg_tile_ram:banks[0].weight_bank                                                       ; dg_tile_ram     ; work         ;
;             |altsyncram:mem_rtl_0|              ; 0.0 (0.0)            ; 0.0 (0.0)                        ; 0.0 (0.0)                                         ; 0.0 (0.0)                        ; 0.0 (0.0)            ; 0 (0)               ; 0 (0)                     ; 0 (0)         ; 2048              ; 0          ; 0    ; 0            ; |dg_top_128|dg_csr_top:u_dualguard|dg_tile_core:core|dg_tile_ram:banks[0].weight_bank|altsyncram:mem_rtl_0                                  ; altsyncram      ; work         ;
;                |altsyncram_rtr1:auto_generated| ; 0.0 (0.0)            ; 0.0 (0.0)                        ; 0.0 (0.0)                                         ; 0.0 (0.0)                        ; 0.0 (0.0)            ; 0 (0)               ; 0 (0)                     ; 0 (0)         ; 2048              ; 0          ; 0    ; 0            ; |dg_top_128|dg_csr_top:u_dualguard|dg_tile_core:core|dg_tile_ram:banks[0].weight_bank|altsyncram:mem_rtl_0|altsyncram_rtr1:auto_generated   ; altsyncram_rtr1 ; work         ;
;          |dg_tile_ram:banks[100].weight_bank|   ; 1.0 (1.0)            ; 1.0 (1.0)                        ; 0.0 (0.0)                                         ; 0.0 (0.0)                        ; 0.0 (0.0)            ; 1 (1)               ; 0 (0)                     ; 0 (0)         ; 2048              ; 0          ; 0    ; 0            ; |dg_top_128|dg_csr_top:u_dualguard|dg_tile_core:core|dg_tile_ram:banks[100].weight_bank                                                     ; dg_tile_ram     ; work         ;
;             |altsyncram:mem_rtl_0|              ; 0.0 (0.0)            ; 0.0 (0.0)                        ; 0.0 (0.0)                                         ; 0.0 (0.0)                        ; 0.0 (0.0)            ; 0 (0)               ; 0 (0)                     ; 0 (0)         ; 2048              ; 0          ; 0    ; 0            ; |dg_top_128|dg_csr_top:u_dualguard|dg_tile_core:core|dg_tile_ram:banks[100].weight_bank|altsyncram:mem_rtl_0                                ; altsyncram      ; work         ;
;                |altsyncram_rtr1:auto_generated| ; 0.0 (0.0)            ; 0.0 (0.0)                        ; 0.0 (0.0)                                         ; 0.0 (0.0)                        ; 0.0 (0.0)            ; 0 (0)               ; 0 (0)                     ; 0 (0)         ; 2048              ; 0          ; 0    ; 0            ; |dg_top_128|dg_csr_top:u_dualguard|dg_tile_core:core|dg_tile_ram:banks[100].weight_bank|altsyncram:mem_rtl_0|altsyncram_rtr1:auto_generated ; altsyncram_rtr1 ; work         ;
;          |dg_tile_ram:banks[101].weight_bank|   ; 0.5 (0.5)            ; 0.5 (0.5)                        ; 0.0 (0.0)                                         ; 0.0 (0.0)                        ; 0.0 (0.0)            ; 1 (1)               ; 0 (0)                     ; 0 (0)         ; 2048              ; 0          ; 0    ; 0            ; |dg_top_128|dg_csr_top:u_dualguard|dg_tile_core:core|dg_tile_ram:banks[101].weight_bank                                                     ; dg_tile_ram     ; work         ;
;             |altsyncram:mem_rtl_0|              ; 0.0 (0.0)            ; 0.0 (0.0)                        ; 0.0 (0.0)                                         ; 0.0 (0.0)                        ; 0.0 (0.0)            ; 0 (0)               ; 0 (0)                     ; 0 (0)         ; 2048              ; 0          ; 0    ; 0            ; |dg_top_128|dg_csr_top:u_dualguard|dg_tile_core:core|dg_tile_ram:banks[101].weight_bank|altsyncram:mem_rtl_0                                ; altsyncram      ; work         ;
;                |altsyncram_rtr1:auto_generated| ; 0.0 (0.0)            ; 0.0 (0.0)                        ; 0.0 (0.0)                                         ; 0.0 (0.0)                        ; 0.0 (0.0)            ; 0 (0)               ; 0 (0)                     ; 0 (0)         ; 2048              ; 0          ; 0    ; 0            ; |dg_top_128|dg_csr_top:u_dualguard|dg_tile_core:core|dg_tile_ram:banks[101].weight_bank|altsyncram:mem_rtl_0|altsyncram_rtr1:auto_generated ; altsyncram_rtr1 ; work         ;
;          |dg_tile_ram:banks[102].weight_bank|   ; 0.5 (0.5)            ; 0.5 (0.5)                        ; 0.0 (0.0)                                         ; 0.0 (0.0)                        ; 0.0 (0.0)            ; 1 (1)               ; 0 (0)                     ; 0 (0)         ; 2048              ; 0          ; 0    ; 0            ; |dg_top_128|dg_csr_top:u_dualguard|dg_tile_core:core|dg_tile_ram:banks[102].weight_bank                                                     ; dg_tile_ram     ; work         ;
;             |altsyncram:mem_rtl_0|              ; 0.0 (0.0)            ; 0.0 (0.0)                        ; 0.0 (0.0)                                         ; 0.0 (0.0)                        ; 0.0 (0.0)            ; 0 (0)               ; 0 (0)                     ; 0 (0)         ; 2048              ; 0          ; 0    ; 0            ; |dg_top_128|dg_csr_top:u_dualguard|dg_tile_core:core|dg_tile_ram:banks[102].weight_bank|altsyncram:mem_rtl_0                                ; altsyncram      ; work         ;
;                |altsyncram_rtr1:auto_generated| ; 0.0 (0.0)            ; 0.0 (0.0)                        ; 0.0 (0.0)                                         ; 0.0 (0.0)                        ; 0.0 (0.0)            ; 0 (0)               ; 0 (0)                     ; 0 (0)         ; 2048              ; 0          ; 0    ; 0            ; |dg_top_128|dg_csr_top:u_dualguard|dg_tile_core:core|dg_tile_ram:banks[102].weight_bank|altsyncram:mem_rtl_0|altsyncram_rtr1:auto_generated ; altsyncram_rtr1 ; work         ;
;          |dg_tile_ram:banks[103].weight_bank|   ; 0.5 (0.5)            ; 0.5 (0.5)                        ; 0.0 (0.0)                                         ; 0.0 (0.0)                        ; 0.0 (0.0)            ; 1 (1)               ; 0 (0)                     ; 0 (0)         ; 2048              ; 0          ; 0    ; 0            ; |dg_top_128|dg_csr_top:u_dualguard|dg_tile_core:core|dg_tile_ram:banks[103].weight_bank                                                     ; dg_tile_ram     ; work         ;
;             |altsyncram:mem_rtl_0|              ; 0.0 (0.0)            ; 0.0 (0.0)                        ; 0.0 (0.0)                                         ; 0.0 (0.0)                        ; 0.0 (0.0)            ; 0 (0)               ; 0 (0)                     ; 0 (0)         ; 2048              ; 0          ; 0    ; 0            ; |dg_top_128|dg_csr_top:u_dualguard|dg_tile_core:core|dg_tile_ram:banks[103].weight_bank|altsyncram:mem_rtl_0                                ; altsyncram      ; work         ;
;                |altsyncram_rtr1:auto_generated| ; 0.0 (0.0)            ; 0.0 (0.0)                        ; 0.0 (0.0)                                         ; 0.0 (0.0)                        ; 0.0 (0.0)            ; 0 (0)               ; 0 (0)                     ; 0 (0)         ; 2048              ; 0          ; 0    ; 0            ; |dg_top_128|dg_csr_top:u_dualguard|dg_tile_core:core|dg_tile_ram:banks[103].weight_bank|altsyncram:mem_rtl_0|altsyncram_rtr1:auto_generated ; altsyncram_rtr1 ; work         ;
;          |dg_tile_ram:banks[104].weight_bank|   ; 0.5 (0.5)            ; 0.5 (0.5)                        ; 0.0 (0.0)                                         ; 0.0 (0.0)                        ; 0.0 (0.0)            ; 1 (1)               ; 0 (0)                     ; 0 (0)         ; 2048              ; 0          ; 0    ; 0            ; |dg_top_128|dg_csr_top:u_dualguard|dg_tile_core:core|dg_tile_ram:banks[104].weight_bank                                                     ; dg_tile_ram     ; work         ;
;             |altsyncram:mem_rtl_0|              ; 0.0 (0.0)            ; 0.0 (0.0)                        ; 0.0 (0.0)                                         ; 0.0 (0.0)                        ; 0.0 (0.0)            ; 0 (0)               ; 0 (0)                     ; 0 (0)         ; 2048              ; 0          ; 0    ; 0            ; |dg_top_128|dg_csr_top:u_dualguard|dg_tile_core:core|dg_tile_ram:banks[104].weight_bank|altsyncram:mem_rtl_0                                ; altsyncram      ; work         ;
;                |altsyncram_rtr1:auto_generated| ; 0.0 (0.0)            ; 0.0 (0.0)                        ; 0.0 (0.0)                                         ; 0.0 (0.0)                        ; 0.0 (0.0)            ; 0 (0)               ; 0 (0)                     ; 0 (0)         ; 2048              ; 0          ; 0    ; 0            ; |dg_top_128|dg_csr_top:u_dualguard|dg_tile_core:core|dg_tile_ram:banks[104].weight_bank|altsyncram:mem_rtl_0|altsyncram_rtr1:auto_generated ; altsyncram_rtr1 ; work         ;
;          |dg_tile_ram:banks[105].weight_bank|   ; 0.5 (0.5)            ; 0.5 (0.5)                        ; 0.0 (0.0)                                         ; 0.0 (0.0)                        ; 0.0 (0.0)            ; 1 (1)               ; 0 (0)                     ; 0 (0)         ; 2048              ; 0          ; 0    ; 0            ; |dg_top_128|dg_csr_top:u_dualguard|dg_tile_core:core|dg_tile_ram:banks[105].weight_bank                                                     ; dg_tile_ram     ; work         ;
;             |altsyncram:mem_rtl_0|              ; 0.0 (0.0)            ; 0.0 (0.0)                        ; 0.0 (0.0)                                         ; 0.0 (0.0)                        ; 0.0 (0.0)            ; 0 (0)               ; 0 (0)                     ; 0 (0)         ; 2048              ; 0          ; 0    ; 0            ; |dg_top_128|dg_csr_top:u_dualguard|dg_tile_core:core|dg_tile_ram:banks[105].weight_bank|altsyncram:mem_rtl_0                                ; altsyncram      ; work         ;
;                |altsyncram_rtr1:auto_generated| ; 0.0 (0.0)            ; 0.0 (0.0)                        ; 0.0 (0.0)                                         ; 0.0 (0.0)                        ; 0.0 (0.0)            ; 0 (0)               ; 0 (0)                     ; 0 (0)         ; 2048              ; 0          ; 0    ; 0            ; |dg_top_128|dg_csr_top:u_dualguard|dg_tile_core:core|dg_tile_ram:banks[105].weight_bank|altsyncram:mem_rtl_0|altsyncram_rtr1:auto_generated ; altsyncram_rtr1 ; work         ;
;          |dg_tile_ram:banks[106].weight_bank|   ; 0.5 (0.5)            ; 0.5 (0.5)                        ; 0.0 (0.0)                                         ; 0.0 (0.0)                        ; 0.0 (0.0)            ; 1 (1)               ; 0 (0)                     ; 0 (0)         ; 2048              ; 0          ; 0    ; 0            ; |dg_top_128|dg_csr_top:u_dualguard|dg_tile_core:core|dg_tile_ram:banks[106].weight_bank                                                     ; dg_tile_ram     ; work         ;
;             |altsyncram:mem_rtl_0|              ; 0.0 (0.0)            ; 0.0 (0.0)                        ; 0.0 (0.0)                                         ; 0.0 (0.0)                        ; 0.0 (0.0)            ; 0 (0)               ; 0 (0)                     ; 0 (0)         ; 2048              ; 0          ; 0    ; 0            ; |dg_top_128|dg_csr_top:u_dualguard|dg_tile_core:core|dg_tile_ram:banks[106].weight_bank|altsyncram:mem_rtl_0                                ; altsyncram      ; work         ;
;                |altsyncram_rtr1:auto_generated| ; 0.0 (0.0)            ; 0.0 (0.0)                        ; 0.0 (0.0)                                         ; 0.0 (0.0)                        ; 0.0 (0.0)            ; 0 (0)               ; 0 (0)                     ; 0 (0)         ; 2048              ; 0          ; 0    ; 0            ; |dg_top_128|dg_csr_top:u_dualguard|dg_tile_core:core|dg_tile_ram:banks[106].weight_bank|altsyncram:mem_rtl_0|altsyncram_rtr1:auto_generated ; altsyncram_rtr1 ; work         ;
;          |dg_tile_ram:banks[107].weight_bank|   ; 0.5 (0.5)            ; 0.5 (0.5)                        ; 0.0 (0.0)                                         ; 0.0 (0.0)                        ; 0.0 (0.0)            ; 1 (1)               ; 0 (0)                     ; 0 (0)         ; 2048              ; 0          ; 0    ; 0            ; |dg_top_128|dg_csr_top:u_dualguard|dg_tile_core:core|dg_tile_ram:banks[107].weight_bank                                                     ; dg_tile_ram     ; work         ;
;             |altsyncram:mem_rtl_0|              ; 0.0 (0.0)            ; 0.0 (0.0)                        ; 0.0 (0.0)                                         ; 0.0 (0.0)                        ; 0.0 (0.0)            ; 0 (0)               ; 0 (0)                     ; 0 (0)         ; 2048              ; 0          ; 0    ; 0            ; |dg_top_128|dg_csr_top:u_dualguard|dg_tile_core:core|dg_tile_ram:banks[107].weight_bank|altsyncram:mem_rtl_0                                ; altsyncram      ; work         ;
;                |altsyncram_rtr1:auto_generated| ; 0.0 (0.0)            ; 0.0 (0.0)                        ; 0.0 (0.0)                                         ; 0.0 (0.0)                        ; 0.0 (0.0)            ; 0 (0)               ; 0 (0)                     ; 0 (0)         ; 2048              ; 0          ; 0    ; 0            ; |dg_top_128|dg_csr_top:u_dualguard|dg_tile_core:core|dg_tile_ram:banks[107].weight_bank|altsyncram:mem_rtl_0|altsyncram_rtr1:auto_generated ; altsyncram_rtr1 ; work         ;
;          |dg_tile_ram:banks[108].weight_bank|   ; 1.0 (1.0)            ; 1.0 (1.0)                        ; 0.0 (0.0)                                         ; 0.0 (0.0)                        ; 0.0 (0.0)            ; 1 (1)               ; 0 (0)                     ; 0 (0)         ; 2048              ; 0          ; 0    ; 0            ; |dg_top_128|dg_csr_top:u_dualguard|dg_tile_core:core|dg_tile_ram:banks[108].weight_bank                                                     ; dg_tile_ram     ; work         ;
;             |altsyncram:mem_rtl_0|              ; 0.0 (0.0)            ; 0.0 (0.0)                        ; 0.0 (0.0)                                         ; 0.0 (0.0)                        ; 0.0 (0.0)            ; 0 (0)               ; 0 (0)                     ; 0 (0)         ; 2048              ; 0          ; 0    ; 0            ; |dg_top_128|dg_csr_top:u_dualguard|dg_tile_core:core|dg_tile_ram:banks[108].weight_bank|altsyncram:mem_rtl_0                                ; altsyncram      ; work         ;
;                |altsyncram_rtr1:auto_generated| ; 0.0 (0.0)            ; 0.0 (0.0)                        ; 0.0 (0.0)                                         ; 0.0 (0.0)                        ; 0.0 (0.0)            ; 0 (0)               ; 0 (0)                     ; 0 (0)         ; 2048              ; 0          ; 0    ; 0            ; |dg_top_128|dg_csr_top:u_dualguard|dg_tile_core:core|dg_tile_ram:banks[108].weight_bank|altsyncram:mem_rtl_0|altsyncram_rtr1:auto_generated ; altsyncram_rtr1 ; work         ;
;          |dg_tile_ram:banks[109].weight_bank|   ; 0.5 (0.5)            ; 0.5 (0.5)                        ; 0.0 (0.0)                                         ; 0.0 (0.0)                        ; 0.0 (0.0)            ; 1 (1)               ; 0 (0)                     ; 0 (0)         ; 2048              ; 0          ; 0    ; 0            ; |dg_top_128|dg_csr_top:u_dualguard|dg_tile_core:core|dg_tile_ram:banks[109].weight_bank                                                     ; dg_tile_ram     ; work         ;
;             |altsyncram:mem_rtl_0|              ; 0.0 (0.0)            ; 0.0 (0.0)                        ; 0.0 (0.0)                                         ; 0.0 (0.0)                        ; 0.0 (0.0)            ; 0 (0)               ; 0 (0)                     ; 0 (0)         ; 2048              ; 0          ; 0    ; 0            ; |dg_top_128|dg_csr_top:u_dualguard|dg_tile_core:core|dg_tile_ram:banks[109].weight_bank|altsyncram:mem_rtl_0                                ; altsyncram      ; work         ;
;                |altsyncram_rtr1:auto_generated| ; 0.0 (0.0)            ; 0.0 (0.0)                        ; 0.0 (0.0)                                         ; 0.0 (0.0)                        ; 0.0 (0.0)            ; 0 (0)               ; 0 (0)                     ; 0 (0)         ; 2048              ; 0          ; 0    ; 0            ; |dg_top_128|dg_csr_top:u_dualguard|dg_tile_core:core|dg_tile_ram:banks[109].weight_bank|altsyncram:mem_rtl_0|altsyncram_rtr1:auto_generated ; altsyncram_rtr1 ; work         ;
;          |dg_tile_ram:banks[10].weight_bank|    ; 1.0 (1.0)            ; 1.0 (1.0)                        ; 0.0 (0.0)                                         ; 0.0 (0.0)                        ; 0.0 (0.0)            ; 2 (2)               ; 0 (0)                     ; 0 (0)         ; 2048              ; 0          ; 0    ; 0            ; |dg_top_128|dg_csr_top:u_dualguard|dg_tile_core:core|dg_tile_ram:banks[10].weight_bank                                                      ; dg_tile_ram     ; work         ;
;             |altsyncram:mem_rtl_0|              ; 0.0 (0.0)            ; 0.0 (0.0)                        ; 0.0 (0.0)                                         ; 0.0 (0.0)                        ; 0.0 (0.0)            ; 0 (0)               ; 0 (0)                     ; 0 (0)         ; 2048              ; 0          ; 0    ; 0            ; |dg_top_128|dg_csr_top:u_dualguard|dg_tile_core:core|dg_tile_ram:banks[10].weight_bank|altsyncram:mem_rtl_0                                 ; altsyncram      ; work         ;
;                |altsyncram_rtr1:auto_generated| ; 0.0 (0.0)            ; 0.0 (0.0)                        ; 0.0 (0.0)                                         ; 0.0 (0.0)                        ; 0.0 (0.0)            ; 0 (0)               ; 0 (0)                     ; 0 (0)         ; 2048              ; 0          ; 0    ; 0            ; |dg_top_128|dg_csr_top:u_dualguard|dg_tile_core:core|dg_tile_ram:banks[10].weight_bank|altsyncram:mem_rtl_0|altsyncram_rtr1:auto_generated  ; altsyncram_rtr1 ; work         ;
;          |dg_tile_ram:banks[110].weight_bank|   ; 1.0 (1.0)            ; 1.0 (1.0)                        ; 0.0 (0.0)                                         ; 0.0 (0.0)                        ; 0.0 (0.0)            ; 3 (3)               ; 0 (0)                     ; 0 (0)         ; 2048              ; 0          ; 0    ; 0            ; |dg_top_128|dg_csr_top:u_dualguard|dg_tile_core:core|dg_tile_ram:banks[110].weight_bank                                                     ; dg_tile_ram     ; work         ;
;             |altsyncram:mem_rtl_0|              ; 0.0 (0.0)            ; 0.0 (0.0)                        ; 0.0 (0.0)                                         ; 0.0 (0.0)                        ; 0.0 (0.0)            ; 0 (0)               ; 0 (0)                     ; 0 (0)         ; 2048              ; 0          ; 0    ; 0            ; |dg_top_128|dg_csr_top:u_dualguard|dg_tile_core:core|dg_tile_ram:banks[110].weight_bank|altsyncram:mem_rtl_0                                ; altsyncram      ; work         ;
;                |altsyncram_rtr1:auto_generated| ; 0.0 (0.0)            ; 0.0 (0.0)                        ; 0.0 (0.0)                                         ; 0.0 (0.0)                        ; 0.0 (0.0)            ; 0 (0)               ; 0 (0)                     ; 0 (0)         ; 2048              ; 0          ; 0    ; 0            ; |dg_top_128|dg_csr_top:u_dualguard|dg_tile_core:core|dg_tile_ram:banks[110].weight_bank|altsyncram:mem_rtl_0|altsyncram_rtr1:auto_generated ; altsyncram_rtr1 ; work         ;
;          |dg_tile_ram:banks[111].weight_bank|   ; 0.5 (0.5)            ; 0.5 (0.5)                        ; 0.0 (0.0)                                         ; 0.0 (0.0)                        ; 0.0 (0.0)            ; 2 (2)               ; 0 (0)                     ; 0 (0)         ; 2048              ; 0          ; 0    ; 0            ; |dg_top_128|dg_csr_top:u_dualguard|dg_tile_core:core|dg_tile_ram:banks[111].weight_bank                                                     ; dg_tile_ram     ; work         ;
;             |altsyncram:mem_rtl_0|              ; 0.0 (0.0)            ; 0.0 (0.0)                        ; 0.0 (0.0)                                         ; 0.0 (0.0)                        ; 0.0 (0.0)            ; 0 (0)               ; 0 (0)                     ; 0 (0)         ; 2048              ; 0          ; 0    ; 0            ; |dg_top_128|dg_csr_top:u_dualguard|dg_tile_core:core|dg_tile_ram:banks[111].weight_bank|altsyncram:mem_rtl_0                                ; altsyncram      ; work         ;
;                |altsyncram_rtr1:auto_generated| ; 0.0 (0.0)            ; 0.0 (0.0)                        ; 0.0 (0.0)                                         ; 0.0 (0.0)                        ; 0.0 (0.0)            ; 0 (0)               ; 0 (0)                     ; 0 (0)         ; 2048              ; 0          ; 0    ; 0            ; |dg_top_128|dg_csr_top:u_dualguard|dg_tile_core:core|dg_tile_ram:banks[111].weight_bank|altsyncram:mem_rtl_0|altsyncram_rtr1:auto_generated ; altsyncram_rtr1 ; work         ;
;          |dg_tile_ram:banks[112].weight_bank|   ; 0.5 (0.5)            ; 0.5 (0.5)                        ; 0.0 (0.0)                                         ; 0.0 (0.0)                        ; 0.0 (0.0)            ; 1 (1)               ; 0 (0)                     ; 0 (0)         ; 2048              ; 0          ; 0    ; 0            ; |dg_top_128|dg_csr_top:u_dualguard|dg_tile_core:core|dg_tile_ram:banks[112].weight_bank                                                     ; dg_tile_ram     ; work         ;
;             |altsyncram:mem_rtl_0|              ; 0.0 (0.0)            ; 0.0 (0.0)                        ; 0.0 (0.0)                                         ; 0.0 (0.0)                        ; 0.0 (0.0)            ; 0 (0)               ; 0 (0)                     ; 0 (0)         ; 2048              ; 0          ; 0    ; 0            ; |dg_top_128|dg_csr_top:u_dualguard|dg_tile_core:core|dg_tile_ram:banks[112].weight_bank|altsyncram:mem_rtl_0                                ; altsyncram      ; work         ;
;                |altsyncram_rtr1:auto_generated| ; 0.0 (0.0)            ; 0.0 (0.0)                        ; 0.0 (0.0)                                         ; 0.0 (0.0)                        ; 0.0 (0.0)            ; 0 (0)               ; 0 (0)                     ; 0 (0)         ; 2048              ; 0          ; 0    ; 0            ; |dg_top_128|dg_csr_top:u_dualguard|dg_tile_core:core|dg_tile_ram:banks[112].weight_bank|altsyncram:mem_rtl_0|altsyncram_rtr1:auto_generated ; altsyncram_rtr1 ; work         ;
;          |dg_tile_ram:banks[113].weight_bank|   ; 0.5 (0.5)            ; 0.5 (0.5)                        ; 0.0 (0.0)                                         ; 0.0 (0.0)                        ; 0.0 (0.0)            ; 1 (1)               ; 0 (0)                     ; 0 (0)         ; 2048              ; 0          ; 0    ; 0            ; |dg_top_128|dg_csr_top:u_dualguard|dg_tile_core:core|dg_tile_ram:banks[113].weight_bank                                                     ; dg_tile_ram     ; work         ;
;             |altsyncram:mem_rtl_0|              ; 0.0 (0.0)            ; 0.0 (0.0)                        ; 0.0 (0.0)                                         ; 0.0 (0.0)                        ; 0.0 (0.0)            ; 0 (0)               ; 0 (0)                     ; 0 (0)         ; 2048              ; 0          ; 0    ; 0            ; |dg_top_128|dg_csr_top:u_dualguard|dg_tile_core:core|dg_tile_ram:banks[113].weight_bank|altsyncram:mem_rtl_0                                ; altsyncram      ; work         ;
;                |altsyncram_rtr1:auto_generated| ; 0.0 (0.0)            ; 0.0 (0.0)                        ; 0.0 (0.0)                                         ; 0.0 (0.0)                        ; 0.0 (0.0)            ; 0 (0)               ; 0 (0)                     ; 0 (0)         ; 2048              ; 0          ; 0    ; 0            ; |dg_top_128|dg_csr_top:u_dualguard|dg_tile_core:core|dg_tile_ram:banks[113].weight_bank|altsyncram:mem_rtl_0|altsyncram_rtr1:auto_generated ; altsyncram_rtr1 ; work         ;
;          |dg_tile_ram:banks[114].weight_bank|   ; 0.5 (0.5)            ; 0.5 (0.5)                        ; 0.0 (0.0)                                         ; 0.0 (0.0)                        ; 0.0 (0.0)            ; 1 (1)               ; 0 (0)                     ; 0 (0)         ; 2048              ; 0          ; 0    ; 0            ; |dg_top_128|dg_csr_top:u_dualguard|dg_tile_core:core|dg_tile_ram:banks[114].weight_bank                                                     ; dg_tile_ram     ; work         ;
;             |altsyncram:mem_rtl_0|              ; 0.0 (0.0)            ; 0.0 (0.0)                        ; 0.0 (0.0)                                         ; 0.0 (0.0)                        ; 0.0 (0.0)            ; 0 (0)               ; 0 (0)                     ; 0 (0)         ; 2048              ; 0          ; 0    ; 0            ; |dg_top_128|dg_csr_top:u_dualguard|dg_tile_core:core|dg_tile_ram:banks[114].weight_bank|altsyncram:mem_rtl_0                                ; altsyncram      ; work         ;
;                |altsyncram_rtr1:auto_generated| ; 0.0 (0.0)            ; 0.0 (0.0)                        ; 0.0 (0.0)                                         ; 0.0 (0.0)                        ; 0.0 (0.0)            ; 0 (0)               ; 0 (0)                     ; 0 (0)         ; 2048              ; 0          ; 0    ; 0            ; |dg_top_128|dg_csr_top:u_dualguard|dg_tile_core:core|dg_tile_ram:banks[114].weight_bank|altsyncram:mem_rtl_0|altsyncram_rtr1:auto_generated ; altsyncram_rtr1 ; work         ;
;          |dg_tile_ram:banks[115].weight_bank|   ; 0.5 (0.5)            ; 0.5 (0.5)                        ; 0.0 (0.0)                                         ; 0.0 (0.0)                        ; 0.0 (0.0)            ; 1 (1)               ; 0 (0)                     ; 0 (0)         ; 2048              ; 0          ; 0    ; 0            ; |dg_top_128|dg_csr_top:u_dualguard|dg_tile_core:core|dg_tile_ram:banks[115].weight_bank                                                     ; dg_tile_ram     ; work         ;
;             |altsyncram:mem_rtl_0|              ; 0.0 (0.0)            ; 0.0 (0.0)                        ; 0.0 (0.0)                                         ; 0.0 (0.0)                        ; 0.0 (0.0)            ; 0 (0)               ; 0 (0)                     ; 0 (0)         ; 2048              ; 0          ; 0    ; 0            ; |dg_top_128|dg_csr_top:u_dualguard|dg_tile_core:core|dg_tile_ram:banks[115].weight_bank|altsyncram:mem_rtl_0                                ; altsyncram      ; work         ;
;                |altsyncram_rtr1:auto_generated| ; 0.0 (0.0)            ; 0.0 (0.0)                        ; 0.0 (0.0)                                         ; 0.0 (0.0)                        ; 0.0 (0.0)            ; 0 (0)               ; 0 (0)                     ; 0 (0)         ; 2048              ; 0          ; 0    ; 0            ; |dg_top_128|dg_csr_top:u_dualguard|dg_tile_core:core|dg_tile_ram:banks[115].weight_bank|altsyncram:mem_rtl_0|altsyncram_rtr1:auto_generated ; altsyncram_rtr1 ; work         ;
;          |dg_tile_ram:banks[116].weight_bank|   ; 0.5 (0.5)            ; 0.5 (0.5)                        ; 0.0 (0.0)                                         ; 0.0 (0.0)                        ; 0.0 (0.0)            ; 1 (1)               ; 0 (0)                     ; 0 (0)         ; 2048              ; 0          ; 0    ; 0            ; |dg_top_128|dg_csr_top:u_dualguard|dg_tile_core:core|dg_tile_ram:banks[116].weight_bank                                                     ; dg_tile_ram     ; work         ;
;             |altsyncram:mem_rtl_0|              ; 0.0 (0.0)            ; 0.0 (0.0)                        ; 0.0 (0.0)                                         ; 0.0 (0.0)                        ; 0.0 (0.0)            ; 0 (0)               ; 0 (0)                     ; 0 (0)         ; 2048              ; 0          ; 0    ; 0            ; |dg_top_128|dg_csr_top:u_dualguard|dg_tile_core:core|dg_tile_ram:banks[116].weight_bank|altsyncram:mem_rtl_0                                ; altsyncram      ; work         ;
;                |altsyncram_rtr1:auto_generated| ; 0.0 (0.0)            ; 0.0 (0.0)                        ; 0.0 (0.0)                                         ; 0.0 (0.0)                        ; 0.0 (0.0)            ; 0 (0)               ; 0 (0)                     ; 0 (0)         ; 2048              ; 0          ; 0    ; 0            ; |dg_top_128|dg_csr_top:u_dualguard|dg_tile_core:core|dg_tile_ram:banks[116].weight_bank|altsyncram:mem_rtl_0|altsyncram_rtr1:auto_generated ; altsyncram_rtr1 ; work         ;
;          |dg_tile_ram:banks[117].weight_bank|   ; 0.5 (0.5)            ; 0.5 (0.5)                        ; 0.0 (0.0)                                         ; 0.0 (0.0)                        ; 0.0 (0.0)            ; 1 (1)               ; 0 (0)                     ; 0 (0)         ; 2048              ; 0          ; 0    ; 0            ; |dg_top_128|dg_csr_top:u_dualguard|dg_tile_core:core|dg_tile_ram:banks[117].weight_bank                                                     ; dg_tile_ram     ; work         ;
;             |altsyncram:mem_rtl_0|              ; 0.0 (0.0)            ; 0.0 (0.0)                        ; 0.0 (0.0)                                         ; 0.0 (0.0)                        ; 0.0 (0.0)            ; 0 (0)               ; 0 (0)                     ; 0 (0)         ; 2048              ; 0          ; 0    ; 0            ; |dg_top_128|dg_csr_top:u_dualguard|dg_tile_core:core|dg_tile_ram:banks[117].weight_bank|altsyncram:mem_rtl_0                                ; altsyncram      ; work         ;
;                |altsyncram_rtr1:auto_generated| ; 0.0 (0.0)            ; 0.0 (0.0)                        ; 0.0 (0.0)                                         ; 0.0 (0.0)                        ; 0.0 (0.0)            ; 0 (0)               ; 0 (0)                     ; 0 (0)         ; 2048              ; 0          ; 0    ; 0            ; |dg_top_128|dg_csr_top:u_dualguard|dg_tile_core:core|dg_tile_ram:banks[117].weight_bank|altsyncram:mem_rtl_0|altsyncram_rtr1:auto_generated ; altsyncram_rtr1 ; work         ;
;          |dg_tile_ram:banks[118].weight_bank|   ; 0.5 (0.5)            ; 0.5 (0.5)                        ; 0.0 (0.0)                                         ; 0.0 (0.0)                        ; 0.0 (0.0)            ; 1 (1)               ; 0 (0)                     ; 0 (0)         ; 2048              ; 0          ; 0    ; 0            ; |dg_top_128|dg_csr_top:u_dualguard|dg_tile_core:core|dg_tile_ram:banks[118].weight_bank                                                     ; dg_tile_ram     ; work         ;
;             |altsyncram:mem_rtl_0|              ; 0.0 (0.0)            ; 0.0 (0.0)                        ; 0.0 (0.0)                                         ; 0.0 (0.0)                        ; 0.0 (0.0)            ; 0 (0)               ; 0 (0)                     ; 0 (0)         ; 2048              ; 0          ; 0    ; 0            ; |dg_top_128|dg_csr_top:u_dualguard|dg_tile_core:core|dg_tile_ram:banks[118].weight_bank|altsyncram:mem_rtl_0                                ; altsyncram      ; work         ;
;                |altsyncram_rtr1:auto_generated| ; 0.0 (0.0)            ; 0.0 (0.0)                        ; 0.0 (0.0)                                         ; 0.0 (0.0)                        ; 0.0 (0.0)            ; 0 (0)               ; 0 (0)                     ; 0 (0)         ; 2048              ; 0          ; 0    ; 0            ; |dg_top_128|dg_csr_top:u_dualguard|dg_tile_core:core|dg_tile_ram:banks[118].weight_bank|altsyncram:mem_rtl_0|altsyncram_rtr1:auto_generated ; altsyncram_rtr1 ; work         ;
;          |dg_tile_ram:banks[119].weight_bank|   ; 1.0 (1.0)            ; 1.0 (1.0)                        ; 0.0 (0.0)                                         ; 0.0 (0.0)                        ; 0.0 (0.0)            ; 3 (3)               ; 0 (0)                     ; 0 (0)         ; 2048              ; 0          ; 0    ; 0            ; |dg_top_128|dg_csr_top:u_dualguard|dg_tile_core:core|dg_tile_ram:banks[119].weight_bank                                                     ; dg_tile_ram     ; work         ;
;             |altsyncram:mem_rtl_0|              ; 0.0 (0.0)            ; 0.0 (0.0)                        ; 0.0 (0.0)                                         ; 0.0 (0.0)                        ; 0.0 (0.0)            ; 0 (0)               ; 0 (0)                     ; 0 (0)         ; 2048              ; 0          ; 0    ; 0            ; |dg_top_128|dg_csr_top:u_dualguard|dg_tile_core:core|dg_tile_ram:banks[119].weight_bank|altsyncram:mem_rtl_0                                ; altsyncram      ; work         ;
;                |altsyncram_rtr1:auto_generated| ; 0.0 (0.0)            ; 0.0 (0.0)                        ; 0.0 (0.0)                                         ; 0.0 (0.0)                        ; 0.0 (0.0)            ; 0 (0)               ; 0 (0)                     ; 0 (0)         ; 2048              ; 0          ; 0    ; 0            ; |dg_top_128|dg_csr_top:u_dualguard|dg_tile_core:core|dg_tile_ram:banks[119].weight_bank|altsyncram:mem_rtl_0|altsyncram_rtr1:auto_generated ; altsyncram_rtr1 ; work         ;
;          |dg_tile_ram:banks[11].weight_bank|    ; 0.5 (0.5)            ; 0.5 (0.5)                        ; 0.0 (0.0)                                         ; 0.0 (0.0)                        ; 0.0 (0.0)            ; 1 (1)               ; 0 (0)                     ; 0 (0)         ; 2048              ; 0          ; 0    ; 0            ; |dg_top_128|dg_csr_top:u_dualguard|dg_tile_core:core|dg_tile_ram:banks[11].weight_bank                                                      ; dg_tile_ram     ; work         ;
;             |altsyncram:mem_rtl_0|              ; 0.0 (0.0)            ; 0.0 (0.0)                        ; 0.0 (0.0)                                         ; 0.0 (0.0)                        ; 0.0 (0.0)            ; 0 (0)               ; 0 (0)                     ; 0 (0)         ; 2048              ; 0          ; 0    ; 0            ; |dg_top_128|dg_csr_top:u_dualguard|dg_tile_core:core|dg_tile_ram:banks[11].weight_bank|altsyncram:mem_rtl_0                                 ; altsyncram      ; work         ;
;                |altsyncram_rtr1:auto_generated| ; 0.0 (0.0)            ; 0.0 (0.0)                        ; 0.0 (0.0)                                         ; 0.0 (0.0)                        ; 0.0 (0.0)            ; 0 (0)               ; 0 (0)                     ; 0 (0)         ; 2048              ; 0          ; 0    ; 0            ; |dg_top_128|dg_csr_top:u_dualguard|dg_tile_core:core|dg_tile_ram:banks[11].weight_bank|altsyncram:mem_rtl_0|altsyncram_rtr1:auto_generated  ; altsyncram_rtr1 ; work         ;
;          |dg_tile_ram:banks[120].weight_bank|   ; 1.0 (1.0)            ; 1.0 (1.0)                        ; 0.0 (0.0)                                         ; 0.0 (0.0)                        ; 0.0 (0.0)            ; 1 (1)               ; 0 (0)                     ; 0 (0)         ; 2048              ; 0          ; 0    ; 0            ; |dg_top_128|dg_csr_top:u_dualguard|dg_tile_core:core|dg_tile_ram:banks[120].weight_bank                                                     ; dg_tile_ram     ; work         ;
;             |altsyncram:mem_rtl_0|              ; 0.0 (0.0)            ; 0.0 (0.0)                        ; 0.0 (0.0)                                         ; 0.0 (0.0)                        ; 0.0 (0.0)            ; 0 (0)               ; 0 (0)                     ; 0 (0)         ; 2048              ; 0          ; 0    ; 0            ; |dg_top_128|dg_csr_top:u_dualguard|dg_tile_core:core|dg_tile_ram:banks[120].weight_bank|altsyncram:mem_rtl_0                                ; altsyncram      ; work         ;
;                |altsyncram_rtr1:auto_generated| ; 0.0 (0.0)            ; 0.0 (0.0)                        ; 0.0 (0.0)                                         ; 0.0 (0.0)                        ; 0.0 (0.0)            ; 0 (0)               ; 0 (0)                     ; 0 (0)         ; 2048              ; 0          ; 0    ; 0            ; |dg_top_128|dg_csr_top:u_dualguard|dg_tile_core:core|dg_tile_ram:banks[120].weight_bank|altsyncram:mem_rtl_0|altsyncram_rtr1:auto_generated ; altsyncram_rtr1 ; work         ;
;          |dg_tile_ram:banks[121].weight_bank|   ; 0.5 (0.5)            ; 0.5 (0.5)                        ; 0.0 (0.0)                                         ; 0.0 (0.0)                        ; 0.0 (0.0)            ; 1 (1)               ; 0 (0)                     ; 0 (0)         ; 2048              ; 0          ; 0    ; 0            ; |dg_top_128|dg_csr_top:u_dualguard|dg_tile_core:core|dg_tile_ram:banks[121].weight_bank                                                     ; dg_tile_ram     ; work         ;
;             |altsyncram:mem_rtl_0|              ; 0.0 (0.0)            ; 0.0 (0.0)                        ; 0.0 (0.0)                                         ; 0.0 (0.0)                        ; 0.0 (0.0)            ; 0 (0)               ; 0 (0)                     ; 0 (0)         ; 2048              ; 0          ; 0    ; 0            ; |dg_top_128|dg_csr_top:u_dualguard|dg_tile_core:core|dg_tile_ram:banks[121].weight_bank|altsyncram:mem_rtl_0                                ; altsyncram      ; work         ;
;                |altsyncram_rtr1:auto_generated| ; 0.0 (0.0)            ; 0.0 (0.0)                        ; 0.0 (0.0)                                         ; 0.0 (0.0)                        ; 0.0 (0.0)            ; 0 (0)               ; 0 (0)                     ; 0 (0)         ; 2048              ; 0          ; 0    ; 0            ; |dg_top_128|dg_csr_top:u_dualguard|dg_tile_core:core|dg_tile_ram:banks[121].weight_bank|altsyncram:mem_rtl_0|altsyncram_rtr1:auto_generated ; altsyncram_rtr1 ; work         ;
;          |dg_tile_ram:banks[122].weight_bank|   ; 0.5 (0.5)            ; 0.5 (0.5)                        ; 0.0 (0.0)                                         ; 0.0 (0.0)                        ; 0.0 (0.0)            ; 1 (1)               ; 0 (0)                     ; 0 (0)         ; 2048              ; 0          ; 0    ; 0            ; |dg_top_128|dg_csr_top:u_dualguard|dg_tile_core:core|dg_tile_ram:banks[122].weight_bank                                                     ; dg_tile_ram     ; work         ;
;             |altsyncram:mem_rtl_0|              ; 0.0 (0.0)            ; 0.0 (0.0)                        ; 0.0 (0.0)                                         ; 0.0 (0.0)                        ; 0.0 (0.0)            ; 0 (0)               ; 0 (0)                     ; 0 (0)         ; 2048              ; 0          ; 0    ; 0            ; |dg_top_128|dg_csr_top:u_dualguard|dg_tile_core:core|dg_tile_ram:banks[122].weight_bank|altsyncram:mem_rtl_0                                ; altsyncram      ; work         ;
;                |altsyncram_rtr1:auto_generated| ; 0.0 (0.0)            ; 0.0 (0.0)                        ; 0.0 (0.0)                                         ; 0.0 (0.0)                        ; 0.0 (0.0)            ; 0 (0)               ; 0 (0)                     ; 0 (0)         ; 2048              ; 0          ; 0    ; 0            ; |dg_top_128|dg_csr_top:u_dualguard|dg_tile_core:core|dg_tile_ram:banks[122].weight_bank|altsyncram:mem_rtl_0|altsyncram_rtr1:auto_generated ; altsyncram_rtr1 ; work         ;
;          |dg_tile_ram:banks[123].weight_bank|   ; 0.5 (0.5)            ; 0.5 (0.5)                        ; 0.0 (0.0)                                         ; 0.0 (0.0)                        ; 0.0 (0.0)            ; 1 (1)               ; 0 (0)                     ; 0 (0)         ; 2048              ; 0          ; 0    ; 0            ; |dg_top_128|dg_csr_top:u_dualguard|dg_tile_core:core|dg_tile_ram:banks[123].weight_bank                                                     ; dg_tile_ram     ; work         ;
;             |altsyncram:mem_rtl_0|              ; 0.0 (0.0)            ; 0.0 (0.0)                        ; 0.0 (0.0)                                         ; 0.0 (0.0)                        ; 0.0 (0.0)            ; 0 (0)               ; 0 (0)                     ; 0 (0)         ; 2048              ; 0          ; 0    ; 0            ; |dg_top_128|dg_csr_top:u_dualguard|dg_tile_core:core|dg_tile_ram:banks[123].weight_bank|altsyncram:mem_rtl_0                                ; altsyncram      ; work         ;
;                |altsyncram_rtr1:auto_generated| ; 0.0 (0.0)            ; 0.0 (0.0)                        ; 0.0 (0.0)                                         ; 0.0 (0.0)                        ; 0.0 (0.0)            ; 0 (0)               ; 0 (0)                     ; 0 (0)         ; 2048              ; 0          ; 0    ; 0            ; |dg_top_128|dg_csr_top:u_dualguard|dg_tile_core:core|dg_tile_ram:banks[123].weight_bank|altsyncram:mem_rtl_0|altsyncram_rtr1:auto_generated ; altsyncram_rtr1 ; work         ;
;          |dg_tile_ram:banks[124].weight_bank|   ; 0.5 (0.5)            ; 0.5 (0.5)                        ; 0.0 (0.0)                                         ; 0.0 (0.0)                        ; 0.0 (0.0)            ; 1 (1)               ; 0 (0)                     ; 0 (0)         ; 2048              ; 0          ; 0    ; 0            ; |dg_top_128|dg_csr_top:u_dualguard|dg_tile_core:core|dg_tile_ram:banks[124].weight_bank                                                     ; dg_tile_ram     ; work         ;
;             |altsyncram:mem_rtl_0|              ; 0.0 (0.0)            ; 0.0 (0.0)                        ; 0.0 (0.0)                                         ; 0.0 (0.0)                        ; 0.0 (0.0)            ; 0 (0)               ; 0 (0)                     ; 0 (0)         ; 2048              ; 0          ; 0    ; 0            ; |dg_top_128|dg_csr_top:u_dualguard|dg_tile_core:core|dg_tile_ram:banks[124].weight_bank|altsyncram:mem_rtl_0                                ; altsyncram      ; work         ;
;                |altsyncram_rtr1:auto_generated| ; 0.0 (0.0)            ; 0.0 (0.0)                        ; 0.0 (0.0)                                         ; 0.0 (0.0)                        ; 0.0 (0.0)            ; 0 (0)               ; 0 (0)                     ; 0 (0)         ; 2048              ; 0          ; 0    ; 0            ; |dg_top_128|dg_csr_top:u_dualguard|dg_tile_core:core|dg_tile_ram:banks[124].weight_bank|altsyncram:mem_rtl_0|altsyncram_rtr1:auto_generated ; altsyncram_rtr1 ; work         ;
;          |dg_tile_ram:banks[125].weight_bank|   ; 1.0 (1.0)            ; 1.0 (1.0)                        ; 0.0 (0.0)                                         ; 0.0 (0.0)                        ; 0.0 (0.0)            ; 2 (2)               ; 0 (0)                     ; 0 (0)         ; 2048              ; 0          ; 0    ; 0            ; |dg_top_128|dg_csr_top:u_dualguard|dg_tile_core:core|dg_tile_ram:banks[125].weight_bank                                                     ; dg_tile_ram     ; work         ;
;             |altsyncram:mem_rtl_0|              ; 0.0 (0.0)            ; 0.0 (0.0)                        ; 0.0 (0.0)                                         ; 0.0 (0.0)                        ; 0.0 (0.0)            ; 0 (0)               ; 0 (0)                     ; 0 (0)         ; 2048              ; 0          ; 0    ; 0            ; |dg_top_128|dg_csr_top:u_dualguard|dg_tile_core:core|dg_tile_ram:banks[125].weight_bank|altsyncram:mem_rtl_0                                ; altsyncram      ; work         ;
;                |altsyncram_rtr1:auto_generated| ; 0.0 (0.0)            ; 0.0 (0.0)                        ; 0.0 (0.0)                                         ; 0.0 (0.0)                        ; 0.0 (0.0)            ; 0 (0)               ; 0 (0)                     ; 0 (0)         ; 2048              ; 0          ; 0    ; 0            ; |dg_top_128|dg_csr_top:u_dualguard|dg_tile_core:core|dg_tile_ram:banks[125].weight_bank|altsyncram:mem_rtl_0|altsyncram_rtr1:auto_generated ; altsyncram_rtr1 ; work         ;
;          |dg_tile_ram:banks[126].weight_bank|   ; 1.0 (1.0)            ; 1.0 (1.0)                        ; 0.0 (0.0)                                         ; 0.0 (0.0)                        ; 0.0 (0.0)            ; 2 (2)               ; 0 (0)                     ; 0 (0)         ; 2048              ; 0          ; 0    ; 0            ; |dg_top_128|dg_csr_top:u_dualguard|dg_tile_core:core|dg_tile_ram:banks[126].weight_bank                                                     ; dg_tile_ram     ; work         ;
;             |altsyncram:mem_rtl_0|              ; 0.0 (0.0)            ; 0.0 (0.0)                        ; 0.0 (0.0)                                         ; 0.0 (0.0)                        ; 0.0 (0.0)            ; 0 (0)               ; 0 (0)                     ; 0 (0)         ; 2048              ; 0          ; 0    ; 0            ; |dg_top_128|dg_csr_top:u_dualguard|dg_tile_core:core|dg_tile_ram:banks[126].weight_bank|altsyncram:mem_rtl_0                                ; altsyncram      ; work         ;
;                |altsyncram_rtr1:auto_generated| ; 0.0 (0.0)            ; 0.0 (0.0)                        ; 0.0 (0.0)                                         ; 0.0 (0.0)                        ; 0.0 (0.0)            ; 0 (0)               ; 0 (0)                     ; 0 (0)         ; 2048              ; 0          ; 0    ; 0            ; |dg_top_128|dg_csr_top:u_dualguard|dg_tile_core:core|dg_tile_ram:banks[126].weight_bank|altsyncram:mem_rtl_0|altsyncram_rtr1:auto_generated ; altsyncram_rtr1 ; work         ;
;          |dg_tile_ram:banks[127].weight_bank|   ; 1.5 (1.5)            ; 1.5 (1.5)                        ; 0.0 (0.0)                                         ; 0.0 (0.0)                        ; 0.0 (0.0)            ; 4 (4)               ; 0 (0)                     ; 0 (0)         ; 2048              ; 0          ; 0    ; 0            ; |dg_top_128|dg_csr_top:u_dualguard|dg_tile_core:core|dg_tile_ram:banks[127].weight_bank                                                     ; dg_tile_ram     ; work         ;
;             |altsyncram:mem_rtl_0|              ; 0.0 (0.0)            ; 0.0 (0.0)                        ; 0.0 (0.0)                                         ; 0.0 (0.0)                        ; 0.0 (0.0)            ; 0 (0)               ; 0 (0)                     ; 0 (0)         ; 2048              ; 0          ; 0    ; 0            ; |dg_top_128|dg_csr_top:u_dualguard|dg_tile_core:core|dg_tile_ram:banks[127].weight_bank|altsyncram:mem_rtl_0                                ; altsyncram      ; work         ;
;                |altsyncram_rtr1:auto_generated| ; 0.0 (0.0)            ; 0.0 (0.0)                        ; 0.0 (0.0)                                         ; 0.0 (0.0)                        ; 0.0 (0.0)            ; 0 (0)               ; 0 (0)                     ; 0 (0)         ; 2048              ; 0          ; 0    ; 0            ; |dg_top_128|dg_csr_top:u_dualguard|dg_tile_core:core|dg_tile_ram:banks[127].weight_bank|altsyncram:mem_rtl_0|altsyncram_rtr1:auto_generated ; altsyncram_rtr1 ; work         ;
;          |dg_tile_ram:banks[12].weight_bank|    ; 0.5 (0.5)            ; 0.5 (0.5)                        ; 0.0 (0.0)                                         ; 0.0 (0.0)                        ; 0.0 (0.0)            ; 1 (1)               ; 0 (0)                     ; 0 (0)         ; 2048              ; 0          ; 0    ; 0            ; |dg_top_128|dg_csr_top:u_dualguard|dg_tile_core:core|dg_tile_ram:banks[12].weight_bank                                                      ; dg_tile_ram     ; work         ;
;             |altsyncram:mem_rtl_0|              ; 0.0 (0.0)            ; 0.0 (0.0)                        ; 0.0 (0.0)                                         ; 0.0 (0.0)                        ; 0.0 (0.0)            ; 0 (0)               ; 0 (0)                     ; 0 (0)         ; 2048              ; 0          ; 0    ; 0            ; |dg_top_128|dg_csr_top:u_dualguard|dg_tile_core:core|dg_tile_ram:banks[12].weight_bank|altsyncram:mem_rtl_0                                 ; altsyncram      ; work         ;
;                |altsyncram_rtr1:auto_generated| ; 0.0 (0.0)            ; 0.0 (0.0)                        ; 0.0 (0.0)                                         ; 0.0 (0.0)                        ; 0.0 (0.0)            ; 0 (0)               ; 0 (0)                     ; 0 (0)         ; 2048              ; 0          ; 0    ; 0            ; |dg_top_128|dg_csr_top:u_dualguard|dg_tile_core:core|dg_tile_ram:banks[12].weight_bank|altsyncram:mem_rtl_0|altsyncram_rtr1:auto_generated  ; altsyncram_rtr1 ; work         ;
;          |dg_tile_ram:banks[13].weight_bank|    ; 0.5 (0.5)            ; 0.5 (0.5)                        ; 0.0 (0.0)                                         ; 0.0 (0.0)                        ; 0.0 (0.0)            ; 1 (1)               ; 0 (0)                     ; 0 (0)         ; 2048              ; 0          ; 0    ; 0            ; |dg_top_128|dg_csr_top:u_dualguard|dg_tile_core:core|dg_tile_ram:banks[13].weight_bank                                                      ; dg_tile_ram     ; work         ;
;             |altsyncram:mem_rtl_0|              ; 0.0 (0.0)            ; 0.0 (0.0)                        ; 0.0 (0.0)                                         ; 0.0 (0.0)                        ; 0.0 (0.0)            ; 0 (0)               ; 0 (0)                     ; 0 (0)         ; 2048              ; 0          ; 0    ; 0            ; |dg_top_128|dg_csr_top:u_dualguard|dg_tile_core:core|dg_tile_ram:banks[13].weight_bank|altsyncram:mem_rtl_0                                 ; altsyncram      ; work         ;
;                |altsyncram_rtr1:auto_generated| ; 0.0 (0.0)            ; 0.0 (0.0)                        ; 0.0 (0.0)                                         ; 0.0 (0.0)                        ; 0.0 (0.0)            ; 0 (0)               ; 0 (0)                     ; 0 (0)         ; 2048              ; 0          ; 0    ; 0            ; |dg_top_128|dg_csr_top:u_dualguard|dg_tile_core:core|dg_tile_ram:banks[13].weight_bank|altsyncram:mem_rtl_0|altsyncram_rtr1:auto_generated  ; altsyncram_rtr1 ; work         ;
;          |dg_tile_ram:banks[14].weight_bank|    ; 0.5 (0.5)            ; 0.5 (0.5)                        ; 0.0 (0.0)                                         ; 0.0 (0.0)                        ; 0.0 (0.0)            ; 1 (1)               ; 0 (0)                     ; 0 (0)         ; 2048              ; 0          ; 0    ; 0            ; |dg_top_128|dg_csr_top:u_dualguard|dg_tile_core:core|dg_tile_ram:banks[14].weight_bank                                                      ; dg_tile_ram     ; work         ;
;             |altsyncram:mem_rtl_0|              ; 0.0 (0.0)            ; 0.0 (0.0)                        ; 0.0 (0.0)                                         ; 0.0 (0.0)                        ; 0.0 (0.0)            ; 0 (0)               ; 0 (0)                     ; 0 (0)         ; 2048              ; 0          ; 0    ; 0            ; |dg_top_128|dg_csr_top:u_dualguard|dg_tile_core:core|dg_tile_ram:banks[14].weight_bank|altsyncram:mem_rtl_0                                 ; altsyncram      ; work         ;
;                |altsyncram_rtr1:auto_generated| ; 0.0 (0.0)            ; 0.0 (0.0)                        ; 0.0 (0.0)                                         ; 0.0 (0.0)                        ; 0.0 (0.0)            ; 0 (0)               ; 0 (0)                     ; 0 (0)         ; 2048              ; 0          ; 0    ; 0            ; |dg_top_128|dg_csr_top:u_dualguard|dg_tile_core:core|dg_tile_ram:banks[14].weight_bank|altsyncram:mem_rtl_0|altsyncram_rtr1:auto_generated  ; altsyncram_rtr1 ; work         ;
;          |dg_tile_ram:banks[15].weight_bank|    ; 0.5 (0.5)            ; 0.5 (0.5)                        ; 0.0 (0.0)                                         ; 0.0 (0.0)                        ; 0.0 (0.0)            ; 1 (1)               ; 0 (0)                     ; 0 (0)         ; 2048              ; 0          ; 0    ; 0            ; |dg_top_128|dg_csr_top:u_dualguard|dg_tile_core:core|dg_tile_ram:banks[15].weight_bank                                                      ; dg_tile_ram     ; work         ;
;             |altsyncram:mem_rtl_0|              ; 0.0 (0.0)            ; 0.0 (0.0)                        ; 0.0 (0.0)                                         ; 0.0 (0.0)                        ; 0.0 (0.0)            ; 0 (0)               ; 0 (0)                     ; 0 (0)         ; 2048              ; 0          ; 0    ; 0            ; |dg_top_128|dg_csr_top:u_dualguard|dg_tile_core:core|dg_tile_ram:banks[15].weight_bank|altsyncram:mem_rtl_0                                 ; altsyncram      ; work         ;
;                |altsyncram_rtr1:auto_generated| ; 0.0 (0.0)            ; 0.0 (0.0)                        ; 0.0 (0.0)                                         ; 0.0 (0.0)                        ; 0.0 (0.0)            ; 0 (0)               ; 0 (0)                     ; 0 (0)         ; 2048              ; 0          ; 0    ; 0            ; |dg_top_128|dg_csr_top:u_dualguard|dg_tile_core:core|dg_tile_ram:banks[15].weight_bank|altsyncram:mem_rtl_0|altsyncram_rtr1:auto_generated  ; altsyncram_rtr1 ; work         ;
;          |dg_tile_ram:banks[16].weight_bank|    ; 0.5 (0.5)            ; 0.5 (0.5)                        ; 0.0 (0.0)                                         ; 0.0 (0.0)                        ; 0.0 (0.0)            ; 1 (1)               ; 0 (0)                     ; 0 (0)         ; 2048              ; 0          ; 0    ; 0            ; |dg_top_128|dg_csr_top:u_dualguard|dg_tile_core:core|dg_tile_ram:banks[16].weight_bank                                                      ; dg_tile_ram     ; work         ;
;             |altsyncram:mem_rtl_0|              ; 0.0 (0.0)            ; 0.0 (0.0)                        ; 0.0 (0.0)                                         ; 0.0 (0.0)                        ; 0.0 (0.0)            ; 0 (0)               ; 0 (0)                     ; 0 (0)         ; 2048              ; 0          ; 0    ; 0            ; |dg_top_128|dg_csr_top:u_dualguard|dg_tile_core:core|dg_tile_ram:banks[16].weight_bank|altsyncram:mem_rtl_0                                 ; altsyncram      ; work         ;
;                |altsyncram_rtr1:auto_generated| ; 0.0 (0.0)            ; 0.0 (0.0)                        ; 0.0 (0.0)                                         ; 0.0 (0.0)                        ; 0.0 (0.0)            ; 0 (0)               ; 0 (0)                     ; 0 (0)         ; 2048              ; 0          ; 0    ; 0            ; |dg_top_128|dg_csr_top:u_dualguard|dg_tile_core:core|dg_tile_ram:banks[16].weight_bank|altsyncram:mem_rtl_0|altsyncram_rtr1:auto_generated  ; altsyncram_rtr1 ; work         ;
;          |dg_tile_ram:banks[17].weight_bank|    ; 0.5 (0.5)            ; 0.5 (0.5)                        ; 0.0 (0.0)                                         ; 0.0 (0.0)                        ; 0.0 (0.0)            ; 1 (1)               ; 0 (0)                     ; 0 (0)         ; 2048              ; 0          ; 0    ; 0            ; |dg_top_128|dg_csr_top:u_dualguard|dg_tile_core:core|dg_tile_ram:banks[17].weight_bank                                                      ; dg_tile_ram     ; work         ;
;             |altsyncram:mem_rtl_0|              ; 0.0 (0.0)            ; 0.0 (0.0)                        ; 0.0 (0.0)                                         ; 0.0 (0.0)                        ; 0.0 (0.0)            ; 0 (0)               ; 0 (0)                     ; 0 (0)         ; 2048              ; 0          ; 0    ; 0            ; |dg_top_128|dg_csr_top:u_dualguard|dg_tile_core:core|dg_tile_ram:banks[17].weight_bank|altsyncram:mem_rtl_0                                 ; altsyncram      ; work         ;
;                |altsyncram_rtr1:auto_generated| ; 0.0 (0.0)            ; 0.0 (0.0)                        ; 0.0 (0.0)                                         ; 0.0 (0.0)                        ; 0.0 (0.0)            ; 0 (0)               ; 0 (0)                     ; 0 (0)         ; 2048              ; 0          ; 0    ; 0            ; |dg_top_128|dg_csr_top:u_dualguard|dg_tile_core:core|dg_tile_ram:banks[17].weight_bank|altsyncram:mem_rtl_0|altsyncram_rtr1:auto_generated  ; altsyncram_rtr1 ; work         ;
;          |dg_tile_ram:banks[18].weight_bank|    ; 0.5 (0.5)            ; 0.5 (0.5)                        ; 0.0 (0.0)                                         ; 0.0 (0.0)                        ; 0.0 (0.0)            ; 1 (1)               ; 0 (0)                     ; 0 (0)         ; 2048              ; 0          ; 0    ; 0            ; |dg_top_128|dg_csr_top:u_dualguard|dg_tile_core:core|dg_tile_ram:banks[18].weight_bank                                                      ; dg_tile_ram     ; work         ;
;             |altsyncram:mem_rtl_0|              ; 0.0 (0.0)            ; 0.0 (0.0)                        ; 0.0 (0.0)                                         ; 0.0 (0.0)                        ; 0.0 (0.0)            ; 0 (0)               ; 0 (0)                     ; 0 (0)         ; 2048              ; 0          ; 0    ; 0            ; |dg_top_128|dg_csr_top:u_dualguard|dg_tile_core:core|dg_tile_ram:banks[18].weight_bank|altsyncram:mem_rtl_0                                 ; altsyncram      ; work         ;
;                |altsyncram_rtr1:auto_generated| ; 0.0 (0.0)            ; 0.0 (0.0)                        ; 0.0 (0.0)                                         ; 0.0 (0.0)                        ; 0.0 (0.0)            ; 0 (0)               ; 0 (0)                     ; 0 (0)         ; 2048              ; 0          ; 0    ; 0            ; |dg_top_128|dg_csr_top:u_dualguard|dg_tile_core:core|dg_tile_ram:banks[18].weight_bank|altsyncram:mem_rtl_0|altsyncram_rtr1:auto_generated  ; altsyncram_rtr1 ; work         ;
;          |dg_tile_ram:banks[19].weight_bank|    ; 0.5 (0.5)            ; 0.5 (0.5)                        ; 0.0 (0.0)                                         ; 0.0 (0.0)                        ; 0.0 (0.0)            ; 1 (1)               ; 0 (0)                     ; 0 (0)         ; 2048              ; 0          ; 0    ; 0            ; |dg_top_128|dg_csr_top:u_dualguard|dg_tile_core:core|dg_tile_ram:banks[19].weight_bank                                                      ; dg_tile_ram     ; work         ;
;             |altsyncram:mem_rtl_0|              ; 0.0 (0.0)            ; 0.0 (0.0)                        ; 0.0 (0.0)                                         ; 0.0 (0.0)                        ; 0.0 (0.0)            ; 0 (0)               ; 0 (0)                     ; 0 (0)         ; 2048              ; 0          ; 0    ; 0            ; |dg_top_128|dg_csr_top:u_dualguard|dg_tile_core:core|dg_tile_ram:banks[19].weight_bank|altsyncram:mem_rtl_0                                 ; altsyncram      ; work         ;
;                |altsyncram_rtr1:auto_generated| ; 0.0 (0.0)            ; 0.0 (0.0)                        ; 0.0 (0.0)                                         ; 0.0 (0.0)                        ; 0.0 (0.0)            ; 0 (0)               ; 0 (0)                     ; 0 (0)         ; 2048              ; 0          ; 0    ; 0            ; |dg_top_128|dg_csr_top:u_dualguard|dg_tile_core:core|dg_tile_ram:banks[19].weight_bank|altsyncram:mem_rtl_0|altsyncram_rtr1:auto_generated  ; altsyncram_rtr1 ; work         ;
;          |dg_tile_ram:banks[1].weight_bank|     ; 1.0 (1.0)            ; 1.0 (1.0)                        ; 0.0 (0.0)                                         ; 0.0 (0.0)                        ; 0.0 (0.0)            ; 2 (2)               ; 0 (0)                     ; 0 (0)         ; 2048              ; 0          ; 0    ; 0            ; |dg_top_128|dg_csr_top:u_dualguard|dg_tile_core:core|dg_tile_ram:banks[1].weight_bank                                                       ; dg_tile_ram     ; work         ;
;             |altsyncram:mem_rtl_0|              ; 0.0 (0.0)            ; 0.0 (0.0)                        ; 0.0 (0.0)                                         ; 0.0 (0.0)                        ; 0.0 (0.0)            ; 0 (0)               ; 0 (0)                     ; 0 (0)         ; 2048              ; 0          ; 0    ; 0            ; |dg_top_128|dg_csr_top:u_dualguard|dg_tile_core:core|dg_tile_ram:banks[1].weight_bank|altsyncram:mem_rtl_0                                  ; altsyncram      ; work         ;
;                |altsyncram_rtr1:auto_generated| ; 0.0 (0.0)            ; 0.0 (0.0)                        ; 0.0 (0.0)                                         ; 0.0 (0.0)                        ; 0.0 (0.0)            ; 0 (0)               ; 0 (0)                     ; 0 (0)         ; 2048              ; 0          ; 0    ; 0            ; |dg_top_128|dg_csr_top:u_dualguard|dg_tile_core:core|dg_tile_ram:banks[1].weight_bank|altsyncram:mem_rtl_0|altsyncram_rtr1:auto_generated   ; altsyncram_rtr1 ; work         ;
;          |dg_tile_ram:banks[20].weight_bank|    ; 0.5 (0.5)            ; 0.5 (0.5)                        ; 0.0 (0.0)                                         ; 0.0 (0.0)                        ; 0.0 (0.0)            ; 1 (1)               ; 0 (0)                     ; 0 (0)         ; 2048              ; 0          ; 0    ; 0            ; |dg_top_128|dg_csr_top:u_dualguard|dg_tile_core:core|dg_tile_ram:banks[20].weight_bank                                                      ; dg_tile_ram     ; work         ;
;             |altsyncram:mem_rtl_0|              ; 0.0 (0.0)            ; 0.0 (0.0)                        ; 0.0 (0.0)                                         ; 0.0 (0.0)                        ; 0.0 (0.0)            ; 0 (0)               ; 0 (0)                     ; 0 (0)         ; 2048              ; 0          ; 0    ; 0            ; |dg_top_128|dg_csr_top:u_dualguard|dg_tile_core:core|dg_tile_ram:banks[20].weight_bank|altsyncram:mem_rtl_0                                 ; altsyncram      ; work         ;
;                |altsyncram_rtr1:auto_generated| ; 0.0 (0.0)            ; 0.0 (0.0)                        ; 0.0 (0.0)                                         ; 0.0 (0.0)                        ; 0.0 (0.0)            ; 0 (0)               ; 0 (0)                     ; 0 (0)         ; 2048              ; 0          ; 0    ; 0            ; |dg_top_128|dg_csr_top:u_dualguard|dg_tile_core:core|dg_tile_ram:banks[20].weight_bank|altsyncram:mem_rtl_0|altsyncram_rtr1:auto_generated  ; altsyncram_rtr1 ; work         ;
;          |dg_tile_ram:banks[21].weight_bank|    ; 0.5 (0.5)            ; 0.5 (0.5)                        ; 0.0 (0.0)                                         ; 0.0 (0.0)                        ; 0.0 (0.0)            ; 1 (1)               ; 0 (0)                     ; 0 (0)         ; 2048              ; 0          ; 0    ; 0            ; |dg_top_128|dg_csr_top:u_dualguard|dg_tile_core:core|dg_tile_ram:banks[21].weight_bank                                                      ; dg_tile_ram     ; work         ;
;             |altsyncram:mem_rtl_0|              ; 0.0 (0.0)            ; 0.0 (0.0)                        ; 0.0 (0.0)                                         ; 0.0 (0.0)                        ; 0.0 (0.0)            ; 0 (0)               ; 0 (0)                     ; 0 (0)         ; 2048              ; 0          ; 0    ; 0            ; |dg_top_128|dg_csr_top:u_dualguard|dg_tile_core:core|dg_tile_ram:banks[21].weight_bank|altsyncram:mem_rtl_0                                 ; altsyncram      ; work         ;
;                |altsyncram_rtr1:auto_generated| ; 0.0 (0.0)            ; 0.0 (0.0)                        ; 0.0 (0.0)                                         ; 0.0 (0.0)                        ; 0.0 (0.0)            ; 0 (0)               ; 0 (0)                     ; 0 (0)         ; 2048              ; 0          ; 0    ; 0            ; |dg_top_128|dg_csr_top:u_dualguard|dg_tile_core:core|dg_tile_ram:banks[21].weight_bank|altsyncram:mem_rtl_0|altsyncram_rtr1:auto_generated  ; altsyncram_rtr1 ; work         ;
;          |dg_tile_ram:banks[22].weight_bank|    ; 0.5 (0.5)            ; 0.5 (0.5)                        ; 0.0 (0.0)                                         ; 0.0 (0.0)                        ; 0.0 (0.0)            ; 1 (1)               ; 0 (0)                     ; 0 (0)         ; 2048              ; 0          ; 0    ; 0            ; |dg_top_128|dg_csr_top:u_dualguard|dg_tile_core:core|dg_tile_ram:banks[22].weight_bank                                                      ; dg_tile_ram     ; work         ;
;             |altsyncram:mem_rtl_0|              ; 0.0 (0.0)            ; 0.0 (0.0)                        ; 0.0 (0.0)                                         ; 0.0 (0.0)                        ; 0.0 (0.0)            ; 0 (0)               ; 0 (0)                     ; 0 (0)         ; 2048              ; 0          ; 0    ; 0            ; |dg_top_128|dg_csr_top:u_dualguard|dg_tile_core:core|dg_tile_ram:banks[22].weight_bank|altsyncram:mem_rtl_0                                 ; altsyncram      ; work         ;
;                |altsyncram_rtr1:auto_generated| ; 0.0 (0.0)            ; 0.0 (0.0)                        ; 0.0 (0.0)                                         ; 0.0 (0.0)                        ; 0.0 (0.0)            ; 0 (0)               ; 0 (0)                     ; 0 (0)         ; 2048              ; 0          ; 0    ; 0            ; |dg_top_128|dg_csr_top:u_dualguard|dg_tile_core:core|dg_tile_ram:banks[22].weight_bank|altsyncram:mem_rtl_0|altsyncram_rtr1:auto_generated  ; altsyncram_rtr1 ; work         ;
;          |dg_tile_ram:banks[23].weight_bank|    ; 1.0 (1.0)            ; 1.0 (1.0)                        ; 0.0 (0.0)                                         ; 0.0 (0.0)                        ; 0.0 (0.0)            ; 2 (2)               ; 0 (0)                     ; 0 (0)         ; 2048              ; 0          ; 0    ; 0            ; |dg_top_128|dg_csr_top:u_dualguard|dg_tile_core:core|dg_tile_ram:banks[23].weight_bank                                                      ; dg_tile_ram     ; work         ;
;             |altsyncram:mem_rtl_0|              ; 0.0 (0.0)            ; 0.0 (0.0)                        ; 0.0 (0.0)                                         ; 0.0 (0.0)                        ; 0.0 (0.0)            ; 0 (0)               ; 0 (0)                     ; 0 (0)         ; 2048              ; 0          ; 0    ; 0            ; |dg_top_128|dg_csr_top:u_dualguard|dg_tile_core:core|dg_tile_ram:banks[23].weight_bank|altsyncram:mem_rtl_0                                 ; altsyncram      ; work         ;
;                |altsyncram_rtr1:auto_generated| ; 0.0 (0.0)            ; 0.0 (0.0)                        ; 0.0 (0.0)                                         ; 0.0 (0.0)                        ; 0.0 (0.0)            ; 0 (0)               ; 0 (0)                     ; 0 (0)         ; 2048              ; 0          ; 0    ; 0            ; |dg_top_128|dg_csr_top:u_dualguard|dg_tile_core:core|dg_tile_ram:banks[23].weight_bank|altsyncram:mem_rtl_0|altsyncram_rtr1:auto_generated  ; altsyncram_rtr1 ; work         ;
;          |dg_tile_ram:banks[24].weight_bank|    ; 0.5 (0.5)            ; 0.5 (0.5)                        ; 0.0 (0.0)                                         ; 0.0 (0.0)                        ; 0.0 (0.0)            ; 1 (1)               ; 0 (0)                     ; 0 (0)         ; 2048              ; 0          ; 0    ; 0            ; |dg_top_128|dg_csr_top:u_dualguard|dg_tile_core:core|dg_tile_ram:banks[24].weight_bank                                                      ; dg_tile_ram     ; work         ;
;             |altsyncram:mem_rtl_0|              ; 0.0 (0.0)            ; 0.0 (0.0)                        ; 0.0 (0.0)                                         ; 0.0 (0.0)                        ; 0.0 (0.0)            ; 0 (0)               ; 0 (0)                     ; 0 (0)         ; 2048              ; 0          ; 0    ; 0            ; |dg_top_128|dg_csr_top:u_dualguard|dg_tile_core:core|dg_tile_ram:banks[24].weight_bank|altsyncram:mem_rtl_0                                 ; altsyncram      ; work         ;
;                |altsyncram_rtr1:auto_generated| ; 0.0 (0.0)            ; 0.0 (0.0)                        ; 0.0 (0.0)                                         ; 0.0 (0.0)                        ; 0.0 (0.0)            ; 0 (0)               ; 0 (0)                     ; 0 (0)         ; 2048              ; 0          ; 0    ; 0            ; |dg_top_128|dg_csr_top:u_dualguard|dg_tile_core:core|dg_tile_ram:banks[24].weight_bank|altsyncram:mem_rtl_0|altsyncram_rtr1:auto_generated  ; altsyncram_rtr1 ; work         ;
;          |dg_tile_ram:banks[25].weight_bank|    ; 1.0 (1.0)            ; 1.0 (1.0)                        ; 0.0 (0.0)                                         ; 0.0 (0.0)                        ; 0.0 (0.0)            ; 1 (1)               ; 0 (0)                     ; 0 (0)         ; 2048              ; 0          ; 0    ; 0            ; |dg_top_128|dg_csr_top:u_dualguard|dg_tile_core:core|dg_tile_ram:banks[25].weight_bank                                                      ; dg_tile_ram     ; work         ;
;             |altsyncram:mem_rtl_0|              ; 0.0 (0.0)            ; 0.0 (0.0)                        ; 0.0 (0.0)                                         ; 0.0 (0.0)                        ; 0.0 (0.0)            ; 0 (0)               ; 0 (0)                     ; 0 (0)         ; 2048              ; 0          ; 0    ; 0            ; |dg_top_128|dg_csr_top:u_dualguard|dg_tile_core:core|dg_tile_ram:banks[25].weight_bank|altsyncram:mem_rtl_0                                 ; altsyncram      ; work         ;
;                |altsyncram_rtr1:auto_generated| ; 0.0 (0.0)            ; 0.0 (0.0)                        ; 0.0 (0.0)                                         ; 0.0 (0.0)                        ; 0.0 (0.0)            ; 0 (0)               ; 0 (0)                     ; 0 (0)         ; 2048              ; 0          ; 0    ; 0            ; |dg_top_128|dg_csr_top:u_dualguard|dg_tile_core:core|dg_tile_ram:banks[25].weight_bank|altsyncram:mem_rtl_0|altsyncram_rtr1:auto_generated  ; altsyncram_rtr1 ; work         ;
;          |dg_tile_ram:banks[26].weight_bank|    ; 0.5 (0.5)            ; 0.5 (0.5)                        ; 0.0 (0.0)                                         ; 0.0 (0.0)                        ; 0.0 (0.0)            ; 1 (1)               ; 0 (0)                     ; 0 (0)         ; 2048              ; 0          ; 0    ; 0            ; |dg_top_128|dg_csr_top:u_dualguard|dg_tile_core:core|dg_tile_ram:banks[26].weight_bank                                                      ; dg_tile_ram     ; work         ;
;             |altsyncram:mem_rtl_0|              ; 0.0 (0.0)            ; 0.0 (0.0)                        ; 0.0 (0.0)                                         ; 0.0 (0.0)                        ; 0.0 (0.0)            ; 0 (0)               ; 0 (0)                     ; 0 (0)         ; 2048              ; 0          ; 0    ; 0            ; |dg_top_128|dg_csr_top:u_dualguard|dg_tile_core:core|dg_tile_ram:banks[26].weight_bank|altsyncram:mem_rtl_0                                 ; altsyncram      ; work         ;
;                |altsyncram_rtr1:auto_generated| ; 0.0 (0.0)            ; 0.0 (0.0)                        ; 0.0 (0.0)                                         ; 0.0 (0.0)                        ; 0.0 (0.0)            ; 0 (0)               ; 0 (0)                     ; 0 (0)         ; 2048              ; 0          ; 0    ; 0            ; |dg_top_128|dg_csr_top:u_dualguard|dg_tile_core:core|dg_tile_ram:banks[26].weight_bank|altsyncram:mem_rtl_0|altsyncram_rtr1:auto_generated  ; altsyncram_rtr1 ; work         ;
;          |dg_tile_ram:banks[27].weight_bank|    ; 0.5 (0.5)            ; 0.5 (0.5)                        ; 0.0 (0.0)                                         ; 0.0 (0.0)                        ; 0.0 (0.0)            ; 1 (1)               ; 0 (0)                     ; 0 (0)         ; 2048              ; 0          ; 0    ; 0            ; |dg_top_128|dg_csr_top:u_dualguard|dg_tile_core:core|dg_tile_ram:banks[27].weight_bank                                                      ; dg_tile_ram     ; work         ;
;             |altsyncram:mem_rtl_0|              ; 0.0 (0.0)            ; 0.0 (0.0)                        ; 0.0 (0.0)                                         ; 0.0 (0.0)                        ; 0.0 (0.0)            ; 0 (0)               ; 0 (0)                     ; 0 (0)         ; 2048              ; 0          ; 0    ; 0            ; |dg_top_128|dg_csr_top:u_dualguard|dg_tile_core:core|dg_tile_ram:banks[27].weight_bank|altsyncram:mem_rtl_0                                 ; altsyncram      ; work         ;
;                |altsyncram_rtr1:auto_generated| ; 0.0 (0.0)            ; 0.0 (0.0)                        ; 0.0 (0.0)                                         ; 0.0 (0.0)                        ; 0.0 (0.0)            ; 0 (0)               ; 0 (0)                     ; 0 (0)         ; 2048              ; 0          ; 0    ; 0            ; |dg_top_128|dg_csr_top:u_dualguard|dg_tile_core:core|dg_tile_ram:banks[27].weight_bank|altsyncram:mem_rtl_0|altsyncram_rtr1:auto_generated  ; altsyncram_rtr1 ; work         ;
;          |dg_tile_ram:banks[28].weight_bank|    ; 0.5 (0.5)            ; 0.5 (0.5)                        ; 0.0 (0.0)                                         ; 0.0 (0.0)                        ; 0.0 (0.0)            ; 1 (1)               ; 0 (0)                     ; 0 (0)         ; 2048              ; 0          ; 0    ; 0            ; |dg_top_128|dg_csr_top:u_dualguard|dg_tile_core:core|dg_tile_ram:banks[28].weight_bank                                                      ; dg_tile_ram     ; work         ;
;             |altsyncram:mem_rtl_0|              ; 0.0 (0.0)            ; 0.0 (0.0)                        ; 0.0 (0.0)                                         ; 0.0 (0.0)                        ; 0.0 (0.0)            ; 0 (0)               ; 0 (0)                     ; 0 (0)         ; 2048              ; 0          ; 0    ; 0            ; |dg_top_128|dg_csr_top:u_dualguard|dg_tile_core:core|dg_tile_ram:banks[28].weight_bank|altsyncram:mem_rtl_0                                 ; altsyncram      ; work         ;
;                |altsyncram_rtr1:auto_generated| ; 0.0 (0.0)            ; 0.0 (0.0)                        ; 0.0 (0.0)                                         ; 0.0 (0.0)                        ; 0.0 (0.0)            ; 0 (0)               ; 0 (0)                     ; 0 (0)         ; 2048              ; 0          ; 0    ; 0            ; |dg_top_128|dg_csr_top:u_dualguard|dg_tile_core:core|dg_tile_ram:banks[28].weight_bank|altsyncram:mem_rtl_0|altsyncram_rtr1:auto_generated  ; altsyncram_rtr1 ; work         ;
;          |dg_tile_ram:banks[29].weight_bank|    ; 0.5 (0.5)            ; 0.5 (0.5)                        ; 0.0 (0.0)                                         ; 0.0 (0.0)                        ; 0.0 (0.0)            ; 1 (1)               ; 0 (0)                     ; 0 (0)         ; 2048              ; 0          ; 0    ; 0            ; |dg_top_128|dg_csr_top:u_dualguard|dg_tile_core:core|dg_tile_ram:banks[29].weight_bank                                                      ; dg_tile_ram     ; work         ;
;             |altsyncram:mem_rtl_0|              ; 0.0 (0.0)            ; 0.0 (0.0)                        ; 0.0 (0.0)                                         ; 0.0 (0.0)                        ; 0.0 (0.0)            ; 0 (0)               ; 0 (0)                     ; 0 (0)         ; 2048              ; 0          ; 0    ; 0            ; |dg_top_128|dg_csr_top:u_dualguard|dg_tile_core:core|dg_tile_ram:banks[29].weight_bank|altsyncram:mem_rtl_0                                 ; altsyncram      ; work         ;
;                |altsyncram_rtr1:auto_generated| ; 0.0 (0.0)            ; 0.0 (0.0)                        ; 0.0 (0.0)                                         ; 0.0 (0.0)                        ; 0.0 (0.0)            ; 0 (0)               ; 0 (0)                     ; 0 (0)         ; 2048              ; 0          ; 0    ; 0            ; |dg_top_128|dg_csr_top:u_dualguard|dg_tile_core:core|dg_tile_ram:banks[29].weight_bank|altsyncram:mem_rtl_0|altsyncram_rtr1:auto_generated  ; altsyncram_rtr1 ; work         ;
;          |dg_tile_ram:banks[2].weight_bank|     ; 0.5 (0.5)            ; 0.5 (0.5)                        ; 0.0 (0.0)                                         ; 0.0 (0.0)                        ; 0.0 (0.0)            ; 1 (1)               ; 0 (0)                     ; 0 (0)         ; 2048              ; 0          ; 0    ; 0            ; |dg_top_128|dg_csr_top:u_dualguard|dg_tile_core:core|dg_tile_ram:banks[2].weight_bank                                                       ; dg_tile_ram     ; work         ;
;             |altsyncram:mem_rtl_0|              ; 0.0 (0.0)            ; 0.0 (0.0)                        ; 0.0 (0.0)                                         ; 0.0 (0.0)                        ; 0.0 (0.0)            ; 0 (0)               ; 0 (0)                     ; 0 (0)         ; 2048              ; 0          ; 0    ; 0            ; |dg_top_128|dg_csr_top:u_dualguard|dg_tile_core:core|dg_tile_ram:banks[2].weight_bank|altsyncram:mem_rtl_0                                  ; altsyncram      ; work         ;
;                |altsyncram_rtr1:auto_generated| ; 0.0 (0.0)            ; 0.0 (0.0)                        ; 0.0 (0.0)                                         ; 0.0 (0.0)                        ; 0.0 (0.0)            ; 0 (0)               ; 0 (0)                     ; 0 (0)         ; 2048              ; 0          ; 0    ; 0            ; |dg_top_128|dg_csr_top:u_dualguard|dg_tile_core:core|dg_tile_ram:banks[2].weight_bank|altsyncram:mem_rtl_0|altsyncram_rtr1:auto_generated   ; altsyncram_rtr1 ; work         ;
;          |dg_tile_ram:banks[30].weight_bank|    ; 0.5 (0.5)            ; 0.5 (0.5)                        ; 0.0 (0.0)                                         ; 0.0 (0.0)                        ; 0.0 (0.0)            ; 2 (2)               ; 0 (0)                     ; 0 (0)         ; 2048              ; 0          ; 0    ; 0            ; |dg_top_128|dg_csr_top:u_dualguard|dg_tile_core:core|dg_tile_ram:banks[30].weight_bank                                                      ; dg_tile_ram     ; work         ;
;             |altsyncram:mem_rtl_0|              ; 0.0 (0.0)            ; 0.0 (0.0)                        ; 0.0 (0.0)                                         ; 0.0 (0.0)                        ; 0.0 (0.0)            ; 0 (0)               ; 0 (0)                     ; 0 (0)         ; 2048              ; 0          ; 0    ; 0            ; |dg_top_128|dg_csr_top:u_dualguard|dg_tile_core:core|dg_tile_ram:banks[30].weight_bank|altsyncram:mem_rtl_0                                 ; altsyncram      ; work         ;
;                |altsyncram_rtr1:auto_generated| ; 0.0 (0.0)            ; 0.0 (0.0)                        ; 0.0 (0.0)                                         ; 0.0 (0.0)                        ; 0.0 (0.0)            ; 0 (0)               ; 0 (0)                     ; 0 (0)         ; 2048              ; 0          ; 0    ; 0            ; |dg_top_128|dg_csr_top:u_dualguard|dg_tile_core:core|dg_tile_ram:banks[30].weight_bank|altsyncram:mem_rtl_0|altsyncram_rtr1:auto_generated  ; altsyncram_rtr1 ; work         ;
;          |dg_tile_ram:banks[31].weight_bank|    ; 0.5 (0.5)            ; 0.5 (0.5)                        ; 0.0 (0.0)                                         ; 0.0 (0.0)                        ; 0.0 (0.0)            ; 1 (1)               ; 0 (0)                     ; 0 (0)         ; 2048              ; 0          ; 0    ; 0            ; |dg_top_128|dg_csr_top:u_dualguard|dg_tile_core:core|dg_tile_ram:banks[31].weight_bank                                                      ; dg_tile_ram     ; work         ;
;             |altsyncram:mem_rtl_0|              ; 0.0 (0.0)            ; 0.0 (0.0)                        ; 0.0 (0.0)                                         ; 0.0 (0.0)                        ; 0.0 (0.0)            ; 0 (0)               ; 0 (0)                     ; 0 (0)         ; 2048              ; 0          ; 0    ; 0            ; |dg_top_128|dg_csr_top:u_dualguard|dg_tile_core:core|dg_tile_ram:banks[31].weight_bank|altsyncram:mem_rtl_0                                 ; altsyncram      ; work         ;
;                |altsyncram_rtr1:auto_generated| ; 0.0 (0.0)            ; 0.0 (0.0)                        ; 0.0 (0.0)                                         ; 0.0 (0.0)                        ; 0.0 (0.0)            ; 0 (0)               ; 0 (0)                     ; 0 (0)         ; 2048              ; 0          ; 0    ; 0            ; |dg_top_128|dg_csr_top:u_dualguard|dg_tile_core:core|dg_tile_ram:banks[31].weight_bank|altsyncram:mem_rtl_0|altsyncram_rtr1:auto_generated  ; altsyncram_rtr1 ; work         ;
;          |dg_tile_ram:banks[32].weight_bank|    ; 0.5 (0.5)            ; 0.5 (0.5)                        ; 0.0 (0.0)                                         ; 0.0 (0.0)                        ; 0.0 (0.0)            ; 1 (1)               ; 0 (0)                     ; 0 (0)         ; 2048              ; 0          ; 0    ; 0            ; |dg_top_128|dg_csr_top:u_dualguard|dg_tile_core:core|dg_tile_ram:banks[32].weight_bank                                                      ; dg_tile_ram     ; work         ;
;             |altsyncram:mem_rtl_0|              ; 0.0 (0.0)            ; 0.0 (0.0)                        ; 0.0 (0.0)                                         ; 0.0 (0.0)                        ; 0.0 (0.0)            ; 0 (0)               ; 0 (0)                     ; 0 (0)         ; 2048              ; 0          ; 0    ; 0            ; |dg_top_128|dg_csr_top:u_dualguard|dg_tile_core:core|dg_tile_ram:banks[32].weight_bank|altsyncram:mem_rtl_0                                 ; altsyncram      ; work         ;
;                |altsyncram_rtr1:auto_generated| ; 0.0 (0.0)            ; 0.0 (0.0)                        ; 0.0 (0.0)                                         ; 0.0 (0.0)                        ; 0.0 (0.0)            ; 0 (0)               ; 0 (0)                     ; 0 (0)         ; 2048              ; 0          ; 0    ; 0            ; |dg_top_128|dg_csr_top:u_dualguard|dg_tile_core:core|dg_tile_ram:banks[32].weight_bank|altsyncram:mem_rtl_0|altsyncram_rtr1:auto_generated  ; altsyncram_rtr1 ; work         ;
;          |dg_tile_ram:banks[33].weight_bank|    ; 0.5 (0.5)            ; 0.5 (0.5)                        ; 0.0 (0.0)                                         ; 0.0 (0.0)                        ; 0.0 (0.0)            ; 1 (1)               ; 0 (0)                     ; 0 (0)         ; 2048              ; 0          ; 0    ; 0            ; |dg_top_128|dg_csr_top:u_dualguard|dg_tile_core:core|dg_tile_ram:banks[33].weight_bank                                                      ; dg_tile_ram     ; work         ;
;             |altsyncram:mem_rtl_0|              ; 0.0 (0.0)            ; 0.0 (0.0)                        ; 0.0 (0.0)                                         ; 0.0 (0.0)                        ; 0.0 (0.0)            ; 0 (0)               ; 0 (0)                     ; 0 (0)         ; 2048              ; 0          ; 0    ; 0            ; |dg_top_128|dg_csr_top:u_dualguard|dg_tile_core:core|dg_tile_ram:banks[33].weight_bank|altsyncram:mem_rtl_0                                 ; altsyncram      ; work         ;
;                |altsyncram_rtr1:auto_generated| ; 0.0 (0.0)            ; 0.0 (0.0)                        ; 0.0 (0.0)                                         ; 0.0 (0.0)                        ; 0.0 (0.0)            ; 0 (0)               ; 0 (0)                     ; 0 (0)         ; 2048              ; 0          ; 0    ; 0            ; |dg_top_128|dg_csr_top:u_dualguard|dg_tile_core:core|dg_tile_ram:banks[33].weight_bank|altsyncram:mem_rtl_0|altsyncram_rtr1:auto_generated  ; altsyncram_rtr1 ; work         ;
;          |dg_tile_ram:banks[34].weight_bank|    ; 0.5 (0.5)            ; 0.5 (0.5)                        ; 0.0 (0.0)                                         ; 0.0 (0.0)                        ; 0.0 (0.0)            ; 1 (1)               ; 0 (0)                     ; 0 (0)         ; 2048              ; 0          ; 0    ; 0            ; |dg_top_128|dg_csr_top:u_dualguard|dg_tile_core:core|dg_tile_ram:banks[34].weight_bank                                                      ; dg_tile_ram     ; work         ;
;             |altsyncram:mem_rtl_0|              ; 0.0 (0.0)            ; 0.0 (0.0)                        ; 0.0 (0.0)                                         ; 0.0 (0.0)                        ; 0.0 (0.0)            ; 0 (0)               ; 0 (0)                     ; 0 (0)         ; 2048              ; 0          ; 0    ; 0            ; |dg_top_128|dg_csr_top:u_dualguard|dg_tile_core:core|dg_tile_ram:banks[34].weight_bank|altsyncram:mem_rtl_0                                 ; altsyncram      ; work         ;
;                |altsyncram_rtr1:auto_generated| ; 0.0 (0.0)            ; 0.0 (0.0)                        ; 0.0 (0.0)                                         ; 0.0 (0.0)                        ; 0.0 (0.0)            ; 0 (0)               ; 0 (0)                     ; 0 (0)         ; 2048              ; 0          ; 0    ; 0            ; |dg_top_128|dg_csr_top:u_dualguard|dg_tile_core:core|dg_tile_ram:banks[34].weight_bank|altsyncram:mem_rtl_0|altsyncram_rtr1:auto_generated  ; altsyncram_rtr1 ; work         ;
;          |dg_tile_ram:banks[35].weight_bank|    ; 0.5 (0.5)            ; 0.5 (0.5)                        ; 0.0 (0.0)                                         ; 0.0 (0.0)                        ; 0.0 (0.0)            ; 1 (1)               ; 0 (0)                     ; 0 (0)         ; 2048              ; 0          ; 0    ; 0            ; |dg_top_128|dg_csr_top:u_dualguard|dg_tile_core:core|dg_tile_ram:banks[35].weight_bank                                                      ; dg_tile_ram     ; work         ;
;             |altsyncram:mem_rtl_0|              ; 0.0 (0.0)            ; 0.0 (0.0)                        ; 0.0 (0.0)                                         ; 0.0 (0.0)                        ; 0.0 (0.0)            ; 0 (0)               ; 0 (0)                     ; 0 (0)         ; 2048              ; 0          ; 0    ; 0            ; |dg_top_128|dg_csr_top:u_dualguard|dg_tile_core:core|dg_tile_ram:banks[35].weight_bank|altsyncram:mem_rtl_0                                 ; altsyncram      ; work         ;
;                |altsyncram_rtr1:auto_generated| ; 0.0 (0.0)            ; 0.0 (0.0)                        ; 0.0 (0.0)                                         ; 0.0 (0.0)                        ; 0.0 (0.0)            ; 0 (0)               ; 0 (0)                     ; 0 (0)         ; 2048              ; 0          ; 0    ; 0            ; |dg_top_128|dg_csr_top:u_dualguard|dg_tile_core:core|dg_tile_ram:banks[35].weight_bank|altsyncram:mem_rtl_0|altsyncram_rtr1:auto_generated  ; altsyncram_rtr1 ; work         ;
;          |dg_tile_ram:banks[36].weight_bank|    ; 0.5 (0.5)            ; 0.5 (0.5)                        ; 0.0 (0.0)                                         ; 0.0 (0.0)                        ; 0.0 (0.0)            ; 1 (1)               ; 0 (0)                     ; 0 (0)         ; 2048              ; 0          ; 0    ; 0            ; |dg_top_128|dg_csr_top:u_dualguard|dg_tile_core:core|dg_tile_ram:banks[36].weight_bank                                                      ; dg_tile_ram     ; work         ;
;             |altsyncram:mem_rtl_0|              ; 0.0 (0.0)            ; 0.0 (0.0)                        ; 0.0 (0.0)                                         ; 0.0 (0.0)                        ; 0.0 (0.0)            ; 0 (0)               ; 0 (0)                     ; 0 (0)         ; 2048              ; 0          ; 0    ; 0            ; |dg_top_128|dg_csr_top:u_dualguard|dg_tile_core:core|dg_tile_ram:banks[36].weight_bank|altsyncram:mem_rtl_0                                 ; altsyncram      ; work         ;
;                |altsyncram_rtr1:auto_generated| ; 0.0 (0.0)            ; 0.0 (0.0)                        ; 0.0 (0.0)                                         ; 0.0 (0.0)                        ; 0.0 (0.0)            ; 0 (0)               ; 0 (0)                     ; 0 (0)         ; 2048              ; 0          ; 0    ; 0            ; |dg_top_128|dg_csr_top:u_dualguard|dg_tile_core:core|dg_tile_ram:banks[36].weight_bank|altsyncram:mem_rtl_0|altsyncram_rtr1:auto_generated  ; altsyncram_rtr1 ; work         ;
;          |dg_tile_ram:banks[37].weight_bank|    ; 0.5 (0.5)            ; 0.5 (0.5)                        ; 0.0 (0.0)                                         ; 0.0 (0.0)                        ; 0.0 (0.0)            ; 1 (1)               ; 0 (0)                     ; 0 (0)         ; 2048              ; 0          ; 0    ; 0            ; |dg_top_128|dg_csr_top:u_dualguard|dg_tile_core:core|dg_tile_ram:banks[37].weight_bank                                                      ; dg_tile_ram     ; work         ;
;             |altsyncram:mem_rtl_0|              ; 0.0 (0.0)            ; 0.0 (0.0)                        ; 0.0 (0.0)                                         ; 0.0 (0.0)                        ; 0.0 (0.0)            ; 0 (0)               ; 0 (0)                     ; 0 (0)         ; 2048              ; 0          ; 0    ; 0            ; |dg_top_128|dg_csr_top:u_dualguard|dg_tile_core:core|dg_tile_ram:banks[37].weight_bank|altsyncram:mem_rtl_0                                 ; altsyncram      ; work         ;
;                |altsyncram_rtr1:auto_generated| ; 0.0 (0.0)            ; 0.0 (0.0)                        ; 0.0 (0.0)                                         ; 0.0 (0.0)                        ; 0.0 (0.0)            ; 0 (0)               ; 0 (0)                     ; 0 (0)         ; 2048              ; 0          ; 0    ; 0            ; |dg_top_128|dg_csr_top:u_dualguard|dg_tile_core:core|dg_tile_ram:banks[37].weight_bank|altsyncram:mem_rtl_0|altsyncram_rtr1:auto_generated  ; altsyncram_rtr1 ; work         ;
;          |dg_tile_ram:banks[38].weight_bank|    ; 0.5 (0.5)            ; 0.5 (0.5)                        ; 0.0 (0.0)                                         ; 0.0 (0.0)                        ; 0.0 (0.0)            ; 1 (1)               ; 0 (0)                     ; 0 (0)         ; 2048              ; 0          ; 0    ; 0            ; |dg_top_128|dg_csr_top:u_dualguard|dg_tile_core:core|dg_tile_ram:banks[38].weight_bank                                                      ; dg_tile_ram     ; work         ;
;             |altsyncram:mem_rtl_0|              ; 0.0 (0.0)            ; 0.0 (0.0)                        ; 0.0 (0.0)                                         ; 0.0 (0.0)                        ; 0.0 (0.0)            ; 0 (0)               ; 0 (0)                     ; 0 (0)         ; 2048              ; 0          ; 0    ; 0            ; |dg_top_128|dg_csr_top:u_dualguard|dg_tile_core:core|dg_tile_ram:banks[38].weight_bank|altsyncram:mem_rtl_0                                 ; altsyncram      ; work         ;
;                |altsyncram_rtr1:auto_generated| ; 0.0 (0.0)            ; 0.0 (0.0)                        ; 0.0 (0.0)                                         ; 0.0 (0.0)                        ; 0.0 (0.0)            ; 0 (0)               ; 0 (0)                     ; 0 (0)         ; 2048              ; 0          ; 0    ; 0            ; |dg_top_128|dg_csr_top:u_dualguard|dg_tile_core:core|dg_tile_ram:banks[38].weight_bank|altsyncram:mem_rtl_0|altsyncram_rtr1:auto_generated  ; altsyncram_rtr1 ; work         ;
;          |dg_tile_ram:banks[39].weight_bank|    ; 0.5 (0.5)            ; 0.5 (0.5)                        ; 0.0 (0.0)                                         ; 0.0 (0.0)                        ; 0.0 (0.0)            ; 1 (1)               ; 0 (0)                     ; 0 (0)         ; 2048              ; 0          ; 0    ; 0            ; |dg_top_128|dg_csr_top:u_dualguard|dg_tile_core:core|dg_tile_ram:banks[39].weight_bank                                                      ; dg_tile_ram     ; work         ;
;             |altsyncram:mem_rtl_0|              ; 0.0 (0.0)            ; 0.0 (0.0)                        ; 0.0 (0.0)                                         ; 0.0 (0.0)                        ; 0.0 (0.0)            ; 0 (0)               ; 0 (0)                     ; 0 (0)         ; 2048              ; 0          ; 0    ; 0            ; |dg_top_128|dg_csr_top:u_dualguard|dg_tile_core:core|dg_tile_ram:banks[39].weight_bank|altsyncram:mem_rtl_0                                 ; altsyncram      ; work         ;
;                |altsyncram_rtr1:auto_generated| ; 0.0 (0.0)            ; 0.0 (0.0)                        ; 0.0 (0.0)                                         ; 0.0 (0.0)                        ; 0.0 (0.0)            ; 0 (0)               ; 0 (0)                     ; 0 (0)         ; 2048              ; 0          ; 0    ; 0            ; |dg_top_128|dg_csr_top:u_dualguard|dg_tile_core:core|dg_tile_ram:banks[39].weight_bank|altsyncram:mem_rtl_0|altsyncram_rtr1:auto_generated  ; altsyncram_rtr1 ; work         ;
;          |dg_tile_ram:banks[3].weight_bank|     ; 0.5 (0.5)            ; 0.5 (0.5)                        ; 0.0 (0.0)                                         ; 0.0 (0.0)                        ; 0.0 (0.0)            ; 1 (1)               ; 0 (0)                     ; 0 (0)         ; 2048              ; 0          ; 0    ; 0            ; |dg_top_128|dg_csr_top:u_dualguard|dg_tile_core:core|dg_tile_ram:banks[3].weight_bank                                                       ; dg_tile_ram     ; work         ;
;             |altsyncram:mem_rtl_0|              ; 0.0 (0.0)            ; 0.0 (0.0)                        ; 0.0 (0.0)                                         ; 0.0 (0.0)                        ; 0.0 (0.0)            ; 0 (0)               ; 0 (0)                     ; 0 (0)         ; 2048              ; 0          ; 0    ; 0            ; |dg_top_128|dg_csr_top:u_dualguard|dg_tile_core:core|dg_tile_ram:banks[3].weight_bank|altsyncram:mem_rtl_0                                  ; altsyncram      ; work         ;
;                |altsyncram_rtr1:auto_generated| ; 0.0 (0.0)            ; 0.0 (0.0)                        ; 0.0 (0.0)                                         ; 0.0 (0.0)                        ; 0.0 (0.0)            ; 0 (0)               ; 0 (0)                     ; 0 (0)         ; 2048              ; 0          ; 0    ; 0            ; |dg_top_128|dg_csr_top:u_dualguard|dg_tile_core:core|dg_tile_ram:banks[3].weight_bank|altsyncram:mem_rtl_0|altsyncram_rtr1:auto_generated   ; altsyncram_rtr1 ; work         ;
;          |dg_tile_ram:banks[40].weight_bank|    ; 1.0 (1.0)            ; 1.0 (1.0)                        ; 0.0 (0.0)                                         ; 0.0 (0.0)                        ; 0.0 (0.0)            ; 1 (1)               ; 0 (0)                     ; 0 (0)         ; 2048              ; 0          ; 0    ; 0            ; |dg_top_128|dg_csr_top:u_dualguard|dg_tile_core:core|dg_tile_ram:banks[40].weight_bank                                                      ; dg_tile_ram     ; work         ;
;             |altsyncram:mem_rtl_0|              ; 0.0 (0.0)            ; 0.0 (0.0)                        ; 0.0 (0.0)                                         ; 0.0 (0.0)                        ; 0.0 (0.0)            ; 0 (0)               ; 0 (0)                     ; 0 (0)         ; 2048              ; 0          ; 0    ; 0            ; |dg_top_128|dg_csr_top:u_dualguard|dg_tile_core:core|dg_tile_ram:banks[40].weight_bank|altsyncram:mem_rtl_0                                 ; altsyncram      ; work         ;
;                |altsyncram_rtr1:auto_generated| ; 0.0 (0.0)            ; 0.0 (0.0)                        ; 0.0 (0.0)                                         ; 0.0 (0.0)                        ; 0.0 (0.0)            ; 0 (0)               ; 0 (0)                     ; 0 (0)         ; 2048              ; 0          ; 0    ; 0            ; |dg_top_128|dg_csr_top:u_dualguard|dg_tile_core:core|dg_tile_ram:banks[40].weight_bank|altsyncram:mem_rtl_0|altsyncram_rtr1:auto_generated  ; altsyncram_rtr1 ; work         ;
;          |dg_tile_ram:banks[41].weight_bank|    ; 0.5 (0.5)            ; 0.5 (0.5)                        ; 0.0 (0.0)                                         ; 0.0 (0.0)                        ; 0.0 (0.0)            ; 1 (1)               ; 0 (0)                     ; 0 (0)         ; 2048              ; 0          ; 0    ; 0            ; |dg_top_128|dg_csr_top:u_dualguard|dg_tile_core:core|dg_tile_ram:banks[41].weight_bank                                                      ; dg_tile_ram     ; work         ;
;             |altsyncram:mem_rtl_0|              ; 0.0 (0.0)            ; 0.0 (0.0)                        ; 0.0 (0.0)                                         ; 0.0 (0.0)                        ; 0.0 (0.0)            ; 0 (0)               ; 0 (0)                     ; 0 (0)         ; 2048              ; 0          ; 0    ; 0            ; |dg_top_128|dg_csr_top:u_dualguard|dg_tile_core:core|dg_tile_ram:banks[41].weight_bank|altsyncram:mem_rtl_0                                 ; altsyncram      ; work         ;
;                |altsyncram_rtr1:auto_generated| ; 0.0 (0.0)            ; 0.0 (0.0)                        ; 0.0 (0.0)                                         ; 0.0 (0.0)                        ; 0.0 (0.0)            ; 0 (0)               ; 0 (0)                     ; 0 (0)         ; 2048              ; 0          ; 0    ; 0            ; |dg_top_128|dg_csr_top:u_dualguard|dg_tile_core:core|dg_tile_ram:banks[41].weight_bank|altsyncram:mem_rtl_0|altsyncram_rtr1:auto_generated  ; altsyncram_rtr1 ; work         ;
;          |dg_tile_ram:banks[42].weight_bank|    ; 0.5 (0.5)            ; 0.5 (0.5)                        ; 0.0 (0.0)                                         ; 0.0 (0.0)                        ; 0.0 (0.0)            ; 1 (1)               ; 0 (0)                     ; 0 (0)         ; 2048              ; 0          ; 0    ; 0            ; |dg_top_128|dg_csr_top:u_dualguard|dg_tile_core:core|dg_tile_ram:banks[42].weight_bank                                                      ; dg_tile_ram     ; work         ;
;             |altsyncram:mem_rtl_0|              ; 0.0 (0.0)            ; 0.0 (0.0)                        ; 0.0 (0.0)                                         ; 0.0 (0.0)                        ; 0.0 (0.0)            ; 0 (0)               ; 0 (0)                     ; 0 (0)         ; 2048              ; 0          ; 0    ; 0            ; |dg_top_128|dg_csr_top:u_dualguard|dg_tile_core:core|dg_tile_ram:banks[42].weight_bank|altsyncram:mem_rtl_0                                 ; altsyncram      ; work         ;
;                |altsyncram_rtr1:auto_generated| ; 0.0 (0.0)            ; 0.0 (0.0)                        ; 0.0 (0.0)                                         ; 0.0 (0.0)                        ; 0.0 (0.0)            ; 0 (0)               ; 0 (0)                     ; 0 (0)         ; 2048              ; 0          ; 0    ; 0            ; |dg_top_128|dg_csr_top:u_dualguard|dg_tile_core:core|dg_tile_ram:banks[42].weight_bank|altsyncram:mem_rtl_0|altsyncram_rtr1:auto_generated  ; altsyncram_rtr1 ; work         ;
;          |dg_tile_ram:banks[43].weight_bank|    ; 0.5 (0.5)            ; 0.5 (0.5)                        ; 0.0 (0.0)                                         ; 0.0 (0.0)                        ; 0.0 (0.0)            ; 1 (1)               ; 0 (0)                     ; 0 (0)         ; 2048              ; 0          ; 0    ; 0            ; |dg_top_128|dg_csr_top:u_dualguard|dg_tile_core:core|dg_tile_ram:banks[43].weight_bank                                                      ; dg_tile_ram     ; work         ;
;             |altsyncram:mem_rtl_0|              ; 0.0 (0.0)            ; 0.0 (0.0)                        ; 0.0 (0.0)                                         ; 0.0 (0.0)                        ; 0.0 (0.0)            ; 0 (0)               ; 0 (0)                     ; 0 (0)         ; 2048              ; 0          ; 0    ; 0            ; |dg_top_128|dg_csr_top:u_dualguard|dg_tile_core:core|dg_tile_ram:banks[43].weight_bank|altsyncram:mem_rtl_0                                 ; altsyncram      ; work         ;
;                |altsyncram_rtr1:auto_generated| ; 0.0 (0.0)            ; 0.0 (0.0)                        ; 0.0 (0.0)                                         ; 0.0 (0.0)                        ; 0.0 (0.0)            ; 0 (0)               ; 0 (0)                     ; 0 (0)         ; 2048              ; 0          ; 0    ; 0            ; |dg_top_128|dg_csr_top:u_dualguard|dg_tile_core:core|dg_tile_ram:banks[43].weight_bank|altsyncram:mem_rtl_0|altsyncram_rtr1:auto_generated  ; altsyncram_rtr1 ; work         ;
;          |dg_tile_ram:banks[44].weight_bank|    ; 0.5 (0.5)            ; 0.5 (0.5)                        ; 0.0 (0.0)                                         ; 0.0 (0.0)                        ; 0.0 (0.0)            ; 1 (1)               ; 0 (0)                     ; 0 (0)         ; 2048              ; 0          ; 0    ; 0            ; |dg_top_128|dg_csr_top:u_dualguard|dg_tile_core:core|dg_tile_ram:banks[44].weight_bank                                                      ; dg_tile_ram     ; work         ;
;             |altsyncram:mem_rtl_0|              ; 0.0 (0.0)            ; 0.0 (0.0)                        ; 0.0 (0.0)                                         ; 0.0 (0.0)                        ; 0.0 (0.0)            ; 0 (0)               ; 0 (0)                     ; 0 (0)         ; 2048              ; 0          ; 0    ; 0            ; |dg_top_128|dg_csr_top:u_dualguard|dg_tile_core:core|dg_tile_ram:banks[44].weight_bank|altsyncram:mem_rtl_0                                 ; altsyncram      ; work         ;
;                |altsyncram_rtr1:auto_generated| ; 0.0 (0.0)            ; 0.0 (0.0)                        ; 0.0 (0.0)                                         ; 0.0 (0.0)                        ; 0.0 (0.0)            ; 0 (0)               ; 0 (0)                     ; 0 (0)         ; 2048              ; 0          ; 0    ; 0            ; |dg_top_128|dg_csr_top:u_dualguard|dg_tile_core:core|dg_tile_ram:banks[44].weight_bank|altsyncram:mem_rtl_0|altsyncram_rtr1:auto_generated  ; altsyncram_rtr1 ; work         ;
;          |dg_tile_ram:banks[45].weight_bank|    ; 0.5 (0.5)            ; 0.5 (0.5)                        ; 0.0 (0.0)                                         ; 0.0 (0.0)                        ; 0.0 (0.0)            ; 1 (1)               ; 0 (0)                     ; 0 (0)         ; 2048              ; 0          ; 0    ; 0            ; |dg_top_128|dg_csr_top:u_dualguard|dg_tile_core:core|dg_tile_ram:banks[45].weight_bank                                                      ; dg_tile_ram     ; work         ;
;             |altsyncram:mem_rtl_0|              ; 0.0 (0.0)            ; 0.0 (0.0)                        ; 0.0 (0.0)                                         ; 0.0 (0.0)                        ; 0.0 (0.0)            ; 0 (0)               ; 0 (0)                     ; 0 (0)         ; 2048              ; 0          ; 0    ; 0            ; |dg_top_128|dg_csr_top:u_dualguard|dg_tile_core:core|dg_tile_ram:banks[45].weight_bank|altsyncram:mem_rtl_0                                 ; altsyncram      ; work         ;
;                |altsyncram_rtr1:auto_generated| ; 0.0 (0.0)            ; 0.0 (0.0)                        ; 0.0 (0.0)                                         ; 0.0 (0.0)                        ; 0.0 (0.0)            ; 0 (0)               ; 0 (0)                     ; 0 (0)         ; 2048              ; 0          ; 0    ; 0            ; |dg_top_128|dg_csr_top:u_dualguard|dg_tile_core:core|dg_tile_ram:banks[45].weight_bank|altsyncram:mem_rtl_0|altsyncram_rtr1:auto_generated  ; altsyncram_rtr1 ; work         ;
;          |dg_tile_ram:banks[46].weight_bank|    ; 0.5 (0.5)            ; 0.5 (0.5)                        ; 0.0 (0.0)                                         ; 0.0 (0.0)                        ; 0.0 (0.0)            ; 2 (2)               ; 0 (0)                     ; 0 (0)         ; 2048              ; 0          ; 0    ; 0            ; |dg_top_128|dg_csr_top:u_dualguard|dg_tile_core:core|dg_tile_ram:banks[46].weight_bank                                                      ; dg_tile_ram     ; work         ;
;             |altsyncram:mem_rtl_0|              ; 0.0 (0.0)            ; 0.0 (0.0)                        ; 0.0 (0.0)                                         ; 0.0 (0.0)                        ; 0.0 (0.0)            ; 0 (0)               ; 0 (0)                     ; 0 (0)         ; 2048              ; 0          ; 0    ; 0            ; |dg_top_128|dg_csr_top:u_dualguard|dg_tile_core:core|dg_tile_ram:banks[46].weight_bank|altsyncram:mem_rtl_0                                 ; altsyncram      ; work         ;
;                |altsyncram_rtr1:auto_generated| ; 0.0 (0.0)            ; 0.0 (0.0)                        ; 0.0 (0.0)                                         ; 0.0 (0.0)                        ; 0.0 (0.0)            ; 0 (0)               ; 0 (0)                     ; 0 (0)         ; 2048              ; 0          ; 0    ; 0            ; |dg_top_128|dg_csr_top:u_dualguard|dg_tile_core:core|dg_tile_ram:banks[46].weight_bank|altsyncram:mem_rtl_0|altsyncram_rtr1:auto_generated  ; altsyncram_rtr1 ; work         ;
;          |dg_tile_ram:banks[47].weight_bank|    ; 1.5 (1.5)            ; 1.5 (1.5)                        ; 0.0 (0.0)                                         ; 0.0 (0.0)                        ; 0.0 (0.0)            ; 2 (2)               ; 0 (0)                     ; 0 (0)         ; 2048              ; 0          ; 0    ; 0            ; |dg_top_128|dg_csr_top:u_dualguard|dg_tile_core:core|dg_tile_ram:banks[47].weight_bank                                                      ; dg_tile_ram     ; work         ;
;             |altsyncram:mem_rtl_0|              ; 0.0 (0.0)            ; 0.0 (0.0)                        ; 0.0 (0.0)                                         ; 0.0 (0.0)                        ; 0.0 (0.0)            ; 0 (0)               ; 0 (0)                     ; 0 (0)         ; 2048              ; 0          ; 0    ; 0            ; |dg_top_128|dg_csr_top:u_dualguard|dg_tile_core:core|dg_tile_ram:banks[47].weight_bank|altsyncram:mem_rtl_0                                 ; altsyncram      ; work         ;
;                |altsyncram_rtr1:auto_generated| ; 0.0 (0.0)            ; 0.0 (0.0)                        ; 0.0 (0.0)                                         ; 0.0 (0.0)                        ; 0.0 (0.0)            ; 0 (0)               ; 0 (0)                     ; 0 (0)         ; 2048              ; 0          ; 0    ; 0            ; |dg_top_128|dg_csr_top:u_dualguard|dg_tile_core:core|dg_tile_ram:banks[47].weight_bank|altsyncram:mem_rtl_0|altsyncram_rtr1:auto_generated  ; altsyncram_rtr1 ; work         ;
;          |dg_tile_ram:banks[48].weight_bank|    ; 1.0 (1.0)            ; 1.0 (1.0)                        ; 0.0 (0.0)                                         ; 0.0 (0.0)                        ; 0.0 (0.0)            ; 1 (1)               ; 0 (0)                     ; 0 (0)         ; 2048              ; 0          ; 0    ; 0            ; |dg_top_128|dg_csr_top:u_dualguard|dg_tile_core:core|dg_tile_ram:banks[48].weight_bank                                                      ; dg_tile_ram     ; work         ;
;             |altsyncram:mem_rtl_0|              ; 0.0 (0.0)            ; 0.0 (0.0)                        ; 0.0 (0.0)                                         ; 0.0 (0.0)                        ; 0.0 (0.0)            ; 0 (0)               ; 0 (0)                     ; 0 (0)         ; 2048              ; 0          ; 0    ; 0            ; |dg_top_128|dg_csr_top:u_dualguard|dg_tile_core:core|dg_tile_ram:banks[48].weight_bank|altsyncram:mem_rtl_0                                 ; altsyncram      ; work         ;
;                |altsyncram_rtr1:auto_generated| ; 0.0 (0.0)            ; 0.0 (0.0)                        ; 0.0 (0.0)                                         ; 0.0 (0.0)                        ; 0.0 (0.0)            ; 0 (0)               ; 0 (0)                     ; 0 (0)         ; 2048              ; 0          ; 0    ; 0            ; |dg_top_128|dg_csr_top:u_dualguard|dg_tile_core:core|dg_tile_ram:banks[48].weight_bank|altsyncram:mem_rtl_0|altsyncram_rtr1:auto_generated  ; altsyncram_rtr1 ; work         ;
;          |dg_tile_ram:banks[49].weight_bank|    ; 0.5 (0.5)            ; 0.5 (0.5)                        ; 0.0 (0.0)                                         ; 0.0 (0.0)                        ; 0.0 (0.0)            ; 1 (1)               ; 0 (0)                     ; 0 (0)         ; 2048              ; 0          ; 0    ; 0            ; |dg_top_128|dg_csr_top:u_dualguard|dg_tile_core:core|dg_tile_ram:banks[49].weight_bank                                                      ; dg_tile_ram     ; work         ;
;             |altsyncram:mem_rtl_0|              ; 0.0 (0.0)            ; 0.0 (0.0)                        ; 0.0 (0.0)                                         ; 0.0 (0.0)                        ; 0.0 (0.0)            ; 0 (0)               ; 0 (0)                     ; 0 (0)         ; 2048              ; 0          ; 0    ; 0            ; |dg_top_128|dg_csr_top:u_dualguard|dg_tile_core:core|dg_tile_ram:banks[49].weight_bank|altsyncram:mem_rtl_0                                 ; altsyncram      ; work         ;
;                |altsyncram_rtr1:auto_generated| ; 0.0 (0.0)            ; 0.0 (0.0)                        ; 0.0 (0.0)                                         ; 0.0 (0.0)                        ; 0.0 (0.0)            ; 0 (0)               ; 0 (0)                     ; 0 (0)         ; 2048              ; 0          ; 0    ; 0            ; |dg_top_128|dg_csr_top:u_dualguard|dg_tile_core:core|dg_tile_ram:banks[49].weight_bank|altsyncram:mem_rtl_0|altsyncram_rtr1:auto_generated  ; altsyncram_rtr1 ; work         ;
;          |dg_tile_ram:banks[4].weight_bank|     ; 0.5 (0.5)            ; 0.5 (0.5)                        ; 0.0 (0.0)                                         ; 0.0 (0.0)                        ; 0.0 (0.0)            ; 1 (1)               ; 0 (0)                     ; 0 (0)         ; 2048              ; 0          ; 0    ; 0            ; |dg_top_128|dg_csr_top:u_dualguard|dg_tile_core:core|dg_tile_ram:banks[4].weight_bank                                                       ; dg_tile_ram     ; work         ;
;             |altsyncram:mem_rtl_0|              ; 0.0 (0.0)            ; 0.0 (0.0)                        ; 0.0 (0.0)                                         ; 0.0 (0.0)                        ; 0.0 (0.0)            ; 0 (0)               ; 0 (0)                     ; 0 (0)         ; 2048              ; 0          ; 0    ; 0            ; |dg_top_128|dg_csr_top:u_dualguard|dg_tile_core:core|dg_tile_ram:banks[4].weight_bank|altsyncram:mem_rtl_0                                  ; altsyncram      ; work         ;
;                |altsyncram_rtr1:auto_generated| ; 0.0 (0.0)            ; 0.0 (0.0)                        ; 0.0 (0.0)                                         ; 0.0 (0.0)                        ; 0.0 (0.0)            ; 0 (0)               ; 0 (0)                     ; 0 (0)         ; 2048              ; 0          ; 0    ; 0            ; |dg_top_128|dg_csr_top:u_dualguard|dg_tile_core:core|dg_tile_ram:banks[4].weight_bank|altsyncram:mem_rtl_0|altsyncram_rtr1:auto_generated   ; altsyncram_rtr1 ; work         ;
;          |dg_tile_ram:banks[50].weight_bank|    ; 0.5 (0.5)            ; 0.5 (0.5)                        ; 0.0 (0.0)                                         ; 0.0 (0.0)                        ; 0.0 (0.0)            ; 1 (1)               ; 0 (0)                     ; 0 (0)         ; 2048              ; 0          ; 0    ; 0            ; |dg_top_128|dg_csr_top:u_dualguard|dg_tile_core:core|dg_tile_ram:banks[50].weight_bank                                                      ; dg_tile_ram     ; work         ;
;             |altsyncram:mem_rtl_0|              ; 0.0 (0.0)            ; 0.0 (0.0)                        ; 0.0 (0.0)                                         ; 0.0 (0.0)                        ; 0.0 (0.0)            ; 0 (0)               ; 0 (0)                     ; 0 (0)         ; 2048              ; 0          ; 0    ; 0            ; |dg_top_128|dg_csr_top:u_dualguard|dg_tile_core:core|dg_tile_ram:banks[50].weight_bank|altsyncram:mem_rtl_0                                 ; altsyncram      ; work         ;
;                |altsyncram_rtr1:auto_generated| ; 0.0 (0.0)            ; 0.0 (0.0)                        ; 0.0 (0.0)                                         ; 0.0 (0.0)                        ; 0.0 (0.0)            ; 0 (0)               ; 0 (0)                     ; 0 (0)         ; 2048              ; 0          ; 0    ; 0            ; |dg_top_128|dg_csr_top:u_dualguard|dg_tile_core:core|dg_tile_ram:banks[50].weight_bank|altsyncram:mem_rtl_0|altsyncram_rtr1:auto_generated  ; altsyncram_rtr1 ; work         ;
;          |dg_tile_ram:banks[51].weight_bank|    ; 0.5 (0.5)            ; 0.5 (0.5)                        ; 0.0 (0.0)                                         ; 0.0 (0.0)                        ; 0.0 (0.0)            ; 1 (1)               ; 0 (0)                     ; 0 (0)         ; 2048              ; 0          ; 0    ; 0            ; |dg_top_128|dg_csr_top:u_dualguard|dg_tile_core:core|dg_tile_ram:banks[51].weight_bank                                                      ; dg_tile_ram     ; work         ;
;             |altsyncram:mem_rtl_0|              ; 0.0 (0.0)            ; 0.0 (0.0)                        ; 0.0 (0.0)                                         ; 0.0 (0.0)                        ; 0.0 (0.0)            ; 0 (0)               ; 0 (0)                     ; 0 (0)         ; 2048              ; 0          ; 0    ; 0            ; |dg_top_128|dg_csr_top:u_dualguard|dg_tile_core:core|dg_tile_ram:banks[51].weight_bank|altsyncram:mem_rtl_0                                 ; altsyncram      ; work         ;
;                |altsyncram_rtr1:auto_generated| ; 0.0 (0.0)            ; 0.0 (0.0)                        ; 0.0 (0.0)                                         ; 0.0 (0.0)                        ; 0.0 (0.0)            ; 0 (0)               ; 0 (0)                     ; 0 (0)         ; 2048              ; 0          ; 0    ; 0            ; |dg_top_128|dg_csr_top:u_dualguard|dg_tile_core:core|dg_tile_ram:banks[51].weight_bank|altsyncram:mem_rtl_0|altsyncram_rtr1:auto_generated  ; altsyncram_rtr1 ; work         ;
;          |dg_tile_ram:banks[52].weight_bank|    ; 0.5 (0.5)            ; 0.5 (0.5)                        ; 0.0 (0.0)                                         ; 0.0 (0.0)                        ; 0.0 (0.0)            ; 1 (1)               ; 0 (0)                     ; 0 (0)         ; 2048              ; 0          ; 0    ; 0            ; |dg_top_128|dg_csr_top:u_dualguard|dg_tile_core:core|dg_tile_ram:banks[52].weight_bank                                                      ; dg_tile_ram     ; work         ;
;             |altsyncram:mem_rtl_0|              ; 0.0 (0.0)            ; 0.0 (0.0)                        ; 0.0 (0.0)                                         ; 0.0 (0.0)                        ; 0.0 (0.0)            ; 0 (0)               ; 0 (0)                     ; 0 (0)         ; 2048              ; 0          ; 0    ; 0            ; |dg_top_128|dg_csr_top:u_dualguard|dg_tile_core:core|dg_tile_ram:banks[52].weight_bank|altsyncram:mem_rtl_0                                 ; altsyncram      ; work         ;
;                |altsyncram_rtr1:auto_generated| ; 0.0 (0.0)            ; 0.0 (0.0)                        ; 0.0 (0.0)                                         ; 0.0 (0.0)                        ; 0.0 (0.0)            ; 0 (0)               ; 0 (0)                     ; 0 (0)         ; 2048              ; 0          ; 0    ; 0            ; |dg_top_128|dg_csr_top:u_dualguard|dg_tile_core:core|dg_tile_ram:banks[52].weight_bank|altsyncram:mem_rtl_0|altsyncram_rtr1:auto_generated  ; altsyncram_rtr1 ; work         ;
;          |dg_tile_ram:banks[53].weight_bank|    ; 0.5 (0.5)            ; 0.5 (0.5)                        ; 0.0 (0.0)                                         ; 0.0 (0.0)                        ; 0.0 (0.0)            ; 1 (1)               ; 0 (0)                     ; 0 (0)         ; 2048              ; 0          ; 0    ; 0            ; |dg_top_128|dg_csr_top:u_dualguard|dg_tile_core:core|dg_tile_ram:banks[53].weight_bank                                                      ; dg_tile_ram     ; work         ;
;             |altsyncram:mem_rtl_0|              ; 0.0 (0.0)            ; 0.0 (0.0)                        ; 0.0 (0.0)                                         ; 0.0 (0.0)                        ; 0.0 (0.0)            ; 0 (0)               ; 0 (0)                     ; 0 (0)         ; 2048              ; 0          ; 0    ; 0            ; |dg_top_128|dg_csr_top:u_dualguard|dg_tile_core:core|dg_tile_ram:banks[53].weight_bank|altsyncram:mem_rtl_0                                 ; altsyncram      ; work         ;
;                |altsyncram_rtr1:auto_generated| ; 0.0 (0.0)            ; 0.0 (0.0)                        ; 0.0 (0.0)                                         ; 0.0 (0.0)                        ; 0.0 (0.0)            ; 0 (0)               ; 0 (0)                     ; 0 (0)         ; 2048              ; 0          ; 0    ; 0            ; |dg_top_128|dg_csr_top:u_dualguard|dg_tile_core:core|dg_tile_ram:banks[53].weight_bank|altsyncram:mem_rtl_0|altsyncram_rtr1:auto_generated  ; altsyncram_rtr1 ; work         ;
;          |dg_tile_ram:banks[54].weight_bank|    ; 0.5 (0.5)            ; 0.5 (0.5)                        ; 0.0 (0.0)                                         ; 0.0 (0.0)                        ; 0.0 (0.0)            ; 1 (1)               ; 0 (0)                     ; 0 (0)         ; 2048              ; 0          ; 0    ; 0            ; |dg_top_128|dg_csr_top:u_dualguard|dg_tile_core:core|dg_tile_ram:banks[54].weight_bank                                                      ; dg_tile_ram     ; work         ;
;             |altsyncram:mem_rtl_0|              ; 0.0 (0.0)            ; 0.0 (0.0)                        ; 0.0 (0.0)                                         ; 0.0 (0.0)                        ; 0.0 (0.0)            ; 0 (0)               ; 0 (0)                     ; 0 (0)         ; 2048              ; 0          ; 0    ; 0            ; |dg_top_128|dg_csr_top:u_dualguard|dg_tile_core:core|dg_tile_ram:banks[54].weight_bank|altsyncram:mem_rtl_0                                 ; altsyncram      ; work         ;
;                |altsyncram_rtr1:auto_generated| ; 0.0 (0.0)            ; 0.0 (0.0)                        ; 0.0 (0.0)                                         ; 0.0 (0.0)                        ; 0.0 (0.0)            ; 0 (0)               ; 0 (0)                     ; 0 (0)         ; 2048              ; 0          ; 0    ; 0            ; |dg_top_128|dg_csr_top:u_dualguard|dg_tile_core:core|dg_tile_ram:banks[54].weight_bank|altsyncram:mem_rtl_0|altsyncram_rtr1:auto_generated  ; altsyncram_rtr1 ; work         ;
;          |dg_tile_ram:banks[55].weight_bank|    ; 0.5 (0.5)            ; 0.5 (0.5)                        ; 0.0 (0.0)                                         ; 0.0 (0.0)                        ; 0.0 (0.0)            ; 1 (1)               ; 0 (0)                     ; 0 (0)         ; 2048              ; 0          ; 0    ; 0            ; |dg_top_128|dg_csr_top:u_dualguard|dg_tile_core:core|dg_tile_ram:banks[55].weight_bank                                                      ; dg_tile_ram     ; work         ;
;             |altsyncram:mem_rtl_0|              ; 0.0 (0.0)            ; 0.0 (0.0)                        ; 0.0 (0.0)                                         ; 0.0 (0.0)                        ; 0.0 (0.0)            ; 0 (0)               ; 0 (0)                     ; 0 (0)         ; 2048              ; 0          ; 0    ; 0            ; |dg_top_128|dg_csr_top:u_dualguard|dg_tile_core:core|dg_tile_ram:banks[55].weight_bank|altsyncram:mem_rtl_0                                 ; altsyncram      ; work         ;
;                |altsyncram_rtr1:auto_generated| ; 0.0 (0.0)            ; 0.0 (0.0)                        ; 0.0 (0.0)                                         ; 0.0 (0.0)                        ; 0.0 (0.0)            ; 0 (0)               ; 0 (0)                     ; 0 (0)         ; 2048              ; 0          ; 0    ; 0            ; |dg_top_128|dg_csr_top:u_dualguard|dg_tile_core:core|dg_tile_ram:banks[55].weight_bank|altsyncram:mem_rtl_0|altsyncram_rtr1:auto_generated  ; altsyncram_rtr1 ; work         ;
;          |dg_tile_ram:banks[56].weight_bank|    ; 0.5 (0.5)            ; 0.5 (0.5)                        ; 0.0 (0.0)                                         ; 0.0 (0.0)                        ; 0.0 (0.0)            ; 1 (1)               ; 0 (0)                     ; 0 (0)         ; 2048              ; 0          ; 0    ; 0            ; |dg_top_128|dg_csr_top:u_dualguard|dg_tile_core:core|dg_tile_ram:banks[56].weight_bank                                                      ; dg_tile_ram     ; work         ;
;             |altsyncram:mem_rtl_0|              ; 0.0 (0.0)            ; 0.0 (0.0)                        ; 0.0 (0.0)                                         ; 0.0 (0.0)                        ; 0.0 (0.0)            ; 0 (0)               ; 0 (0)                     ; 0 (0)         ; 2048              ; 0          ; 0    ; 0            ; |dg_top_128|dg_csr_top:u_dualguard|dg_tile_core:core|dg_tile_ram:banks[56].weight_bank|altsyncram:mem_rtl_0                                 ; altsyncram      ; work         ;
;                |altsyncram_rtr1:auto_generated| ; 0.0 (0.0)            ; 0.0 (0.0)                        ; 0.0 (0.0)                                         ; 0.0 (0.0)                        ; 0.0 (0.0)            ; 0 (0)               ; 0 (0)                     ; 0 (0)         ; 2048              ; 0          ; 0    ; 0            ; |dg_top_128|dg_csr_top:u_dualguard|dg_tile_core:core|dg_tile_ram:banks[56].weight_bank|altsyncram:mem_rtl_0|altsyncram_rtr1:auto_generated  ; altsyncram_rtr1 ; work         ;
;          |dg_tile_ram:banks[57].weight_bank|    ; 0.5 (0.5)            ; 0.5 (0.5)                        ; 0.0 (0.0)                                         ; 0.0 (0.0)                        ; 0.0 (0.0)            ; 1 (1)               ; 0 (0)                     ; 0 (0)         ; 2048              ; 0          ; 0    ; 0            ; |dg_top_128|dg_csr_top:u_dualguard|dg_tile_core:core|dg_tile_ram:banks[57].weight_bank                                                      ; dg_tile_ram     ; work         ;
;             |altsyncram:mem_rtl_0|              ; 0.0 (0.0)            ; 0.0 (0.0)                        ; 0.0 (0.0)                                         ; 0.0 (0.0)                        ; 0.0 (0.0)            ; 0 (0)               ; 0 (0)                     ; 0 (0)         ; 2048              ; 0          ; 0    ; 0            ; |dg_top_128|dg_csr_top:u_dualguard|dg_tile_core:core|dg_tile_ram:banks[57].weight_bank|altsyncram:mem_rtl_0                                 ; altsyncram      ; work         ;
;                |altsyncram_rtr1:auto_generated| ; 0.0 (0.0)            ; 0.0 (0.0)                        ; 0.0 (0.0)                                         ; 0.0 (0.0)                        ; 0.0 (0.0)            ; 0 (0)               ; 0 (0)                     ; 0 (0)         ; 2048              ; 0          ; 0    ; 0            ; |dg_top_128|dg_csr_top:u_dualguard|dg_tile_core:core|dg_tile_ram:banks[57].weight_bank|altsyncram:mem_rtl_0|altsyncram_rtr1:auto_generated  ; altsyncram_rtr1 ; work         ;
;          |dg_tile_ram:banks[58].weight_bank|    ; 0.5 (0.5)            ; 0.5 (0.5)                        ; 0.0 (0.0)                                         ; 0.0 (0.0)                        ; 0.0 (0.0)            ; 1 (1)               ; 0 (0)                     ; 0 (0)         ; 2048              ; 0          ; 0    ; 0            ; |dg_top_128|dg_csr_top:u_dualguard|dg_tile_core:core|dg_tile_ram:banks[58].weight_bank                                                      ; dg_tile_ram     ; work         ;
;             |altsyncram:mem_rtl_0|              ; 0.0 (0.0)            ; 0.0 (0.0)                        ; 0.0 (0.0)                                         ; 0.0 (0.0)                        ; 0.0 (0.0)            ; 0 (0)               ; 0 (0)                     ; 0 (0)         ; 2048              ; 0          ; 0    ; 0            ; |dg_top_128|dg_csr_top:u_dualguard|dg_tile_core:core|dg_tile_ram:banks[58].weight_bank|altsyncram:mem_rtl_0                                 ; altsyncram      ; work         ;
;                |altsyncram_rtr1:auto_generated| ; 0.0 (0.0)            ; 0.0 (0.0)                        ; 0.0 (0.0)                                         ; 0.0 (0.0)                        ; 0.0 (0.0)            ; 0 (0)               ; 0 (0)                     ; 0 (0)         ; 2048              ; 0          ; 0    ; 0            ; |dg_top_128|dg_csr_top:u_dualguard|dg_tile_core:core|dg_tile_ram:banks[58].weight_bank|altsyncram:mem_rtl_0|altsyncram_rtr1:auto_generated  ; altsyncram_rtr1 ; work         ;
;          |dg_tile_ram:banks[59].weight_bank|    ; 0.5 (0.5)            ; 0.5 (0.5)                        ; 0.0 (0.0)                                         ; 0.0 (0.0)                        ; 0.0 (0.0)            ; 1 (1)               ; 0 (0)                     ; 0 (0)         ; 2048              ; 0          ; 0    ; 0            ; |dg_top_128|dg_csr_top:u_dualguard|dg_tile_core:core|dg_tile_ram:banks[59].weight_bank                                                      ; dg_tile_ram     ; work         ;
;             |altsyncram:mem_rtl_0|              ; 0.0 (0.0)            ; 0.0 (0.0)                        ; 0.0 (0.0)                                         ; 0.0 (0.0)                        ; 0.0 (0.0)            ; 0 (0)               ; 0 (0)                     ; 0 (0)         ; 2048              ; 0          ; 0    ; 0            ; |dg_top_128|dg_csr_top:u_dualguard|dg_tile_core:core|dg_tile_ram:banks[59].weight_bank|altsyncram:mem_rtl_0                                 ; altsyncram      ; work         ;
;                |altsyncram_rtr1:auto_generated| ; 0.0 (0.0)            ; 0.0 (0.0)                        ; 0.0 (0.0)                                         ; 0.0 (0.0)                        ; 0.0 (0.0)            ; 0 (0)               ; 0 (0)                     ; 0 (0)         ; 2048              ; 0          ; 0    ; 0            ; |dg_top_128|dg_csr_top:u_dualguard|dg_tile_core:core|dg_tile_ram:banks[59].weight_bank|altsyncram:mem_rtl_0|altsyncram_rtr1:auto_generated  ; altsyncram_rtr1 ; work         ;
;          |dg_tile_ram:banks[5].weight_bank|     ; 0.5 (0.5)            ; 0.5 (0.5)                        ; 0.0 (0.0)                                         ; 0.0 (0.0)                        ; 0.0 (0.0)            ; 1 (1)               ; 0 (0)                     ; 0 (0)         ; 2048              ; 0          ; 0    ; 0            ; |dg_top_128|dg_csr_top:u_dualguard|dg_tile_core:core|dg_tile_ram:banks[5].weight_bank                                                       ; dg_tile_ram     ; work         ;
;             |altsyncram:mem_rtl_0|              ; 0.0 (0.0)            ; 0.0 (0.0)                        ; 0.0 (0.0)                                         ; 0.0 (0.0)                        ; 0.0 (0.0)            ; 0 (0)               ; 0 (0)                     ; 0 (0)         ; 2048              ; 0          ; 0    ; 0            ; |dg_top_128|dg_csr_top:u_dualguard|dg_tile_core:core|dg_tile_ram:banks[5].weight_bank|altsyncram:mem_rtl_0                                  ; altsyncram      ; work         ;
;                |altsyncram_rtr1:auto_generated| ; 0.0 (0.0)            ; 0.0 (0.0)                        ; 0.0 (0.0)                                         ; 0.0 (0.0)                        ; 0.0 (0.0)            ; 0 (0)               ; 0 (0)                     ; 0 (0)         ; 2048              ; 0          ; 0    ; 0            ; |dg_top_128|dg_csr_top:u_dualguard|dg_tile_core:core|dg_tile_ram:banks[5].weight_bank|altsyncram:mem_rtl_0|altsyncram_rtr1:auto_generated   ; altsyncram_rtr1 ; work         ;
;          |dg_tile_ram:banks[60].weight_bank|    ; 0.5 (0.5)            ; 0.5 (0.5)                        ; 0.0 (0.0)                                         ; 0.0 (0.0)                        ; 0.0 (0.0)            ; 1 (1)               ; 0 (0)                     ; 0 (0)         ; 2048              ; 0          ; 0    ; 0            ; |dg_top_128|dg_csr_top:u_dualguard|dg_tile_core:core|dg_tile_ram:banks[60].weight_bank                                                      ; dg_tile_ram     ; work         ;
;             |altsyncram:mem_rtl_0|              ; 0.0 (0.0)            ; 0.0 (0.0)                        ; 0.0 (0.0)                                         ; 0.0 (0.0)                        ; 0.0 (0.0)            ; 0 (0)               ; 0 (0)                     ; 0 (0)         ; 2048              ; 0          ; 0    ; 0            ; |dg_top_128|dg_csr_top:u_dualguard|dg_tile_core:core|dg_tile_ram:banks[60].weight_bank|altsyncram:mem_rtl_0                                 ; altsyncram      ; work         ;
;                |altsyncram_rtr1:auto_generated| ; 0.0 (0.0)            ; 0.0 (0.0)                        ; 0.0 (0.0)                                         ; 0.0 (0.0)                        ; 0.0 (0.0)            ; 0 (0)               ; 0 (0)                     ; 0 (0)         ; 2048              ; 0          ; 0    ; 0            ; |dg_top_128|dg_csr_top:u_dualguard|dg_tile_core:core|dg_tile_ram:banks[60].weight_bank|altsyncram:mem_rtl_0|altsyncram_rtr1:auto_generated  ; altsyncram_rtr1 ; work         ;
;          |dg_tile_ram:banks[61].weight_bank|    ; 0.5 (0.5)            ; 0.5 (0.5)                        ; 0.0 (0.0)                                         ; 0.0 (0.0)                        ; 0.0 (0.0)            ; 1 (1)               ; 0 (0)                     ; 0 (0)         ; 2048              ; 0          ; 0    ; 0            ; |dg_top_128|dg_csr_top:u_dualguard|dg_tile_core:core|dg_tile_ram:banks[61].weight_bank                                                      ; dg_tile_ram     ; work         ;
;             |altsyncram:mem_rtl_0|              ; 0.0 (0.0)            ; 0.0 (0.0)                        ; 0.0 (0.0)                                         ; 0.0 (0.0)                        ; 0.0 (0.0)            ; 0 (0)               ; 0 (0)                     ; 0 (0)         ; 2048              ; 0          ; 0    ; 0            ; |dg_top_128|dg_csr_top:u_dualguard|dg_tile_core:core|dg_tile_ram:banks[61].weight_bank|altsyncram:mem_rtl_0                                 ; altsyncram      ; work         ;
;                |altsyncram_rtr1:auto_generated| ; 0.0 (0.0)            ; 0.0 (0.0)                        ; 0.0 (0.0)                                         ; 0.0 (0.0)                        ; 0.0 (0.0)            ; 0 (0)               ; 0 (0)                     ; 0 (0)         ; 2048              ; 0          ; 0    ; 0            ; |dg_top_128|dg_csr_top:u_dualguard|dg_tile_core:core|dg_tile_ram:banks[61].weight_bank|altsyncram:mem_rtl_0|altsyncram_rtr1:auto_generated  ; altsyncram_rtr1 ; work         ;
;          |dg_tile_ram:banks[62].weight_bank|    ; 1.0 (1.0)            ; 1.0 (1.0)                        ; 0.0 (0.0)                                         ; 0.0 (0.0)                        ; 0.0 (0.0)            ; 2 (2)               ; 0 (0)                     ; 0 (0)         ; 2048              ; 0          ; 0    ; 0            ; |dg_top_128|dg_csr_top:u_dualguard|dg_tile_core:core|dg_tile_ram:banks[62].weight_bank                                                      ; dg_tile_ram     ; work         ;
;             |altsyncram:mem_rtl_0|              ; 0.0 (0.0)            ; 0.0 (0.0)                        ; 0.0 (0.0)                                         ; 0.0 (0.0)                        ; 0.0 (0.0)            ; 0 (0)               ; 0 (0)                     ; 0 (0)         ; 2048              ; 0          ; 0    ; 0            ; |dg_top_128|dg_csr_top:u_dualguard|dg_tile_core:core|dg_tile_ram:banks[62].weight_bank|altsyncram:mem_rtl_0                                 ; altsyncram      ; work         ;
;                |altsyncram_rtr1:auto_generated| ; 0.0 (0.0)            ; 0.0 (0.0)                        ; 0.0 (0.0)                                         ; 0.0 (0.0)                        ; 0.0 (0.0)            ; 0 (0)               ; 0 (0)                     ; 0 (0)         ; 2048              ; 0          ; 0    ; 0            ; |dg_top_128|dg_csr_top:u_dualguard|dg_tile_core:core|dg_tile_ram:banks[62].weight_bank|altsyncram:mem_rtl_0|altsyncram_rtr1:auto_generated  ; altsyncram_rtr1 ; work         ;
;          |dg_tile_ram:banks[63].weight_bank|    ; 0.5 (0.5)            ; 0.5 (0.5)                        ; 0.0 (0.0)                                         ; 0.0 (0.0)                        ; 0.0 (0.0)            ; 2 (2)               ; 0 (0)                     ; 0 (0)         ; 2048              ; 0          ; 0    ; 0            ; |dg_top_128|dg_csr_top:u_dualguard|dg_tile_core:core|dg_tile_ram:banks[63].weight_bank                                                      ; dg_tile_ram     ; work         ;
;             |altsyncram:mem_rtl_0|              ; 0.0 (0.0)            ; 0.0 (0.0)                        ; 0.0 (0.0)                                         ; 0.0 (0.0)                        ; 0.0 (0.0)            ; 0 (0)               ; 0 (0)                     ; 0 (0)         ; 2048              ; 0          ; 0    ; 0            ; |dg_top_128|dg_csr_top:u_dualguard|dg_tile_core:core|dg_tile_ram:banks[63].weight_bank|altsyncram:mem_rtl_0                                 ; altsyncram      ; work         ;
;                |altsyncram_rtr1:auto_generated| ; 0.0 (0.0)            ; 0.0 (0.0)                        ; 0.0 (0.0)                                         ; 0.0 (0.0)                        ; 0.0 (0.0)            ; 0 (0)               ; 0 (0)                     ; 0 (0)         ; 2048              ; 0          ; 0    ; 0            ; |dg_top_128|dg_csr_top:u_dualguard|dg_tile_core:core|dg_tile_ram:banks[63].weight_bank|altsyncram:mem_rtl_0|altsyncram_rtr1:auto_generated  ; altsyncram_rtr1 ; work         ;
;          |dg_tile_ram:banks[64].weight_bank|    ; 0.5 (0.5)            ; 0.5 (0.5)                        ; 0.0 (0.0)                                         ; 0.0 (0.0)                        ; 0.0 (0.0)            ; 1 (1)               ; 0 (0)                     ; 0 (0)         ; 2048              ; 0          ; 0    ; 0            ; |dg_top_128|dg_csr_top:u_dualguard|dg_tile_core:core|dg_tile_ram:banks[64].weight_bank                                                      ; dg_tile_ram     ; work         ;
;             |altsyncram:mem_rtl_0|              ; 0.0 (0.0)            ; 0.0 (0.0)                        ; 0.0 (0.0)                                         ; 0.0 (0.0)                        ; 0.0 (0.0)            ; 0 (0)               ; 0 (0)                     ; 0 (0)         ; 2048              ; 0          ; 0    ; 0            ; |dg_top_128|dg_csr_top:u_dualguard|dg_tile_core:core|dg_tile_ram:banks[64].weight_bank|altsyncram:mem_rtl_0                                 ; altsyncram      ; work         ;
;                |altsyncram_rtr1:auto_generated| ; 0.0 (0.0)            ; 0.0 (0.0)                        ; 0.0 (0.0)                                         ; 0.0 (0.0)                        ; 0.0 (0.0)            ; 0 (0)               ; 0 (0)                     ; 0 (0)         ; 2048              ; 0          ; 0    ; 0            ; |dg_top_128|dg_csr_top:u_dualguard|dg_tile_core:core|dg_tile_ram:banks[64].weight_bank|altsyncram:mem_rtl_0|altsyncram_rtr1:auto_generated  ; altsyncram_rtr1 ; work         ;
;          |dg_tile_ram:banks[65].weight_bank|    ; 0.5 (0.5)            ; 0.5 (0.5)                        ; 0.0 (0.0)                                         ; 0.0 (0.0)                        ; 0.0 (0.0)            ; 1 (1)               ; 0 (0)                     ; 0 (0)         ; 2048              ; 0          ; 0    ; 0            ; |dg_top_128|dg_csr_top:u_dualguard|dg_tile_core:core|dg_tile_ram:banks[65].weight_bank                                                      ; dg_tile_ram     ; work         ;
;             |altsyncram:mem_rtl_0|              ; 0.0 (0.0)            ; 0.0 (0.0)                        ; 0.0 (0.0)                                         ; 0.0 (0.0)                        ; 0.0 (0.0)            ; 0 (0)               ; 0 (0)                     ; 0 (0)         ; 2048              ; 0          ; 0    ; 0            ; |dg_top_128|dg_csr_top:u_dualguard|dg_tile_core:core|dg_tile_ram:banks[65].weight_bank|altsyncram:mem_rtl_0                                 ; altsyncram      ; work         ;
;                |altsyncram_rtr1:auto_generated| ; 0.0 (0.0)            ; 0.0 (0.0)                        ; 0.0 (0.0)                                         ; 0.0 (0.0)                        ; 0.0 (0.0)            ; 0 (0)               ; 0 (0)                     ; 0 (0)         ; 2048              ; 0          ; 0    ; 0            ; |dg_top_128|dg_csr_top:u_dualguard|dg_tile_core:core|dg_tile_ram:banks[65].weight_bank|altsyncram:mem_rtl_0|altsyncram_rtr1:auto_generated  ; altsyncram_rtr1 ; work         ;
;          |dg_tile_ram:banks[66].weight_bank|    ; 0.5 (0.5)            ; 0.5 (0.5)                        ; 0.0 (0.0)                                         ; 0.0 (0.0)                        ; 0.0 (0.0)            ; 1 (1)               ; 0 (0)                     ; 0 (0)         ; 2048              ; 0          ; 0    ; 0            ; |dg_top_128|dg_csr_top:u_dualguard|dg_tile_core:core|dg_tile_ram:banks[66].weight_bank                                                      ; dg_tile_ram     ; work         ;
;             |altsyncram:mem_rtl_0|              ; 0.0 (0.0)            ; 0.0 (0.0)                        ; 0.0 (0.0)                                         ; 0.0 (0.0)                        ; 0.0 (0.0)            ; 0 (0)               ; 0 (0)                     ; 0 (0)         ; 2048              ; 0          ; 0    ; 0            ; |dg_top_128|dg_csr_top:u_dualguard|dg_tile_core:core|dg_tile_ram:banks[66].weight_bank|altsyncram:mem_rtl_0                                 ; altsyncram      ; work         ;
;                |altsyncram_rtr1:auto_generated| ; 0.0 (0.0)            ; 0.0 (0.0)                        ; 0.0 (0.0)                                         ; 0.0 (0.0)                        ; 0.0 (0.0)            ; 0 (0)               ; 0 (0)                     ; 0 (0)         ; 2048              ; 0          ; 0    ; 0            ; |dg_top_128|dg_csr_top:u_dualguard|dg_tile_core:core|dg_tile_ram:banks[66].weight_bank|altsyncram:mem_rtl_0|altsyncram_rtr1:auto_generated  ; altsyncram_rtr1 ; work         ;
;          |dg_tile_ram:banks[67].weight_bank|    ; 0.5 (0.5)            ; 0.5 (0.5)                        ; 0.0 (0.0)                                         ; 0.0 (0.0)                        ; 0.0 (0.0)            ; 1 (1)               ; 0 (0)                     ; 0 (0)         ; 2048              ; 0          ; 0    ; 0            ; |dg_top_128|dg_csr_top:u_dualguard|dg_tile_core:core|dg_tile_ram:banks[67].weight_bank                                                      ; dg_tile_ram     ; work         ;
;             |altsyncram:mem_rtl_0|              ; 0.0 (0.0)            ; 0.0 (0.0)                        ; 0.0 (0.0)                                         ; 0.0 (0.0)                        ; 0.0 (0.0)            ; 0 (0)               ; 0 (0)                     ; 0 (0)         ; 2048              ; 0          ; 0    ; 0            ; |dg_top_128|dg_csr_top:u_dualguard|dg_tile_core:core|dg_tile_ram:banks[67].weight_bank|altsyncram:mem_rtl_0                                 ; altsyncram      ; work         ;
;                |altsyncram_rtr1:auto_generated| ; 0.0 (0.0)            ; 0.0 (0.0)                        ; 0.0 (0.0)                                         ; 0.0 (0.0)                        ; 0.0 (0.0)            ; 0 (0)               ; 0 (0)                     ; 0 (0)         ; 2048              ; 0          ; 0    ; 0            ; |dg_top_128|dg_csr_top:u_dualguard|dg_tile_core:core|dg_tile_ram:banks[67].weight_bank|altsyncram:mem_rtl_0|altsyncram_rtr1:auto_generated  ; altsyncram_rtr1 ; work         ;
;          |dg_tile_ram:banks[68].weight_bank|    ; 0.5 (0.5)            ; 0.5 (0.5)                        ; 0.0 (0.0)                                         ; 0.0 (0.0)                        ; 0.0 (0.0)            ; 1 (1)               ; 0 (0)                     ; 0 (0)         ; 2048              ; 0          ; 0    ; 0            ; |dg_top_128|dg_csr_top:u_dualguard|dg_tile_core:core|dg_tile_ram:banks[68].weight_bank                                                      ; dg_tile_ram     ; work         ;
;             |altsyncram:mem_rtl_0|              ; 0.0 (0.0)            ; 0.0 (0.0)                        ; 0.0 (0.0)                                         ; 0.0 (0.0)                        ; 0.0 (0.0)            ; 0 (0)               ; 0 (0)                     ; 0 (0)         ; 2048              ; 0          ; 0    ; 0            ; |dg_top_128|dg_csr_top:u_dualguard|dg_tile_core:core|dg_tile_ram:banks[68].weight_bank|altsyncram:mem_rtl_0                                 ; altsyncram      ; work         ;
;                |altsyncram_rtr1:auto_generated| ; 0.0 (0.0)            ; 0.0 (0.0)                        ; 0.0 (0.0)                                         ; 0.0 (0.0)                        ; 0.0 (0.0)            ; 0 (0)               ; 0 (0)                     ; 0 (0)         ; 2048              ; 0          ; 0    ; 0            ; |dg_top_128|dg_csr_top:u_dualguard|dg_tile_core:core|dg_tile_ram:banks[68].weight_bank|altsyncram:mem_rtl_0|altsyncram_rtr1:auto_generated  ; altsyncram_rtr1 ; work         ;
;          |dg_tile_ram:banks[69].weight_bank|    ; 0.5 (0.5)            ; 0.5 (0.5)                        ; 0.0 (0.0)                                         ; 0.0 (0.0)                        ; 0.0 (0.0)            ; 1 (1)               ; 0 (0)                     ; 0 (0)         ; 2048              ; 0          ; 0    ; 0            ; |dg_top_128|dg_csr_top:u_dualguard|dg_tile_core:core|dg_tile_ram:banks[69].weight_bank                                                      ; dg_tile_ram     ; work         ;
;             |altsyncram:mem_rtl_0|              ; 0.0 (0.0)            ; 0.0 (0.0)                        ; 0.0 (0.0)                                         ; 0.0 (0.0)                        ; 0.0 (0.0)            ; 0 (0)               ; 0 (0)                     ; 0 (0)         ; 2048              ; 0          ; 0    ; 0            ; |dg_top_128|dg_csr_top:u_dualguard|dg_tile_core:core|dg_tile_ram:banks[69].weight_bank|altsyncram:mem_rtl_0                                 ; altsyncram      ; work         ;
;                |altsyncram_rtr1:auto_generated| ; 0.0 (0.0)            ; 0.0 (0.0)                        ; 0.0 (0.0)                                         ; 0.0 (0.0)                        ; 0.0 (0.0)            ; 0 (0)               ; 0 (0)                     ; 0 (0)         ; 2048              ; 0          ; 0    ; 0            ; |dg_top_128|dg_csr_top:u_dualguard|dg_tile_core:core|dg_tile_ram:banks[69].weight_bank|altsyncram:mem_rtl_0|altsyncram_rtr1:auto_generated  ; altsyncram_rtr1 ; work         ;
;          |dg_tile_ram:banks[6].weight_bank|     ; 0.5 (0.5)            ; 0.5 (0.5)                        ; 0.0 (0.0)                                         ; 0.0 (0.0)                        ; 0.0 (0.0)            ; 1 (1)               ; 0 (0)                     ; 0 (0)         ; 2048              ; 0          ; 0    ; 0            ; |dg_top_128|dg_csr_top:u_dualguard|dg_tile_core:core|dg_tile_ram:banks[6].weight_bank                                                       ; dg_tile_ram     ; work         ;
;             |altsyncram:mem_rtl_0|              ; 0.0 (0.0)            ; 0.0 (0.0)                        ; 0.0 (0.0)                                         ; 0.0 (0.0)                        ; 0.0 (0.0)            ; 0 (0)               ; 0 (0)                     ; 0 (0)         ; 2048              ; 0          ; 0    ; 0            ; |dg_top_128|dg_csr_top:u_dualguard|dg_tile_core:core|dg_tile_ram:banks[6].weight_bank|altsyncram:mem_rtl_0                                  ; altsyncram      ; work         ;
;                |altsyncram_rtr1:auto_generated| ; 0.0 (0.0)            ; 0.0 (0.0)                        ; 0.0 (0.0)                                         ; 0.0 (0.0)                        ; 0.0 (0.0)            ; 0 (0)               ; 0 (0)                     ; 0 (0)         ; 2048              ; 0          ; 0    ; 0            ; |dg_top_128|dg_csr_top:u_dualguard|dg_tile_core:core|dg_tile_ram:banks[6].weight_bank|altsyncram:mem_rtl_0|altsyncram_rtr1:auto_generated   ; altsyncram_rtr1 ; work         ;
;          |dg_tile_ram:banks[70].weight_bank|    ; 0.5 (0.5)            ; 0.5 (0.5)                        ; 0.0 (0.0)                                         ; 0.0 (0.0)                        ; 0.0 (0.0)            ; 1 (1)               ; 0 (0)                     ; 0 (0)         ; 2048              ; 0          ; 0    ; 0            ; |dg_top_128|dg_csr_top:u_dualguard|dg_tile_core:core|dg_tile_ram:banks[70].weight_bank                                                      ; dg_tile_ram     ; work         ;
;             |altsyncram:mem_rtl_0|              ; 0.0 (0.0)            ; 0.0 (0.0)                        ; 0.0 (0.0)                                         ; 0.0 (0.0)                        ; 0.0 (0.0)            ; 0 (0)               ; 0 (0)                     ; 0 (0)         ; 2048              ; 0          ; 0    ; 0            ; |dg_top_128|dg_csr_top:u_dualguard|dg_tile_core:core|dg_tile_ram:banks[70].weight_bank|altsyncram:mem_rtl_0                                 ; altsyncram      ; work         ;
;                |altsyncram_rtr1:auto_generated| ; 0.0 (0.0)            ; 0.0 (0.0)                        ; 0.0 (0.0)                                         ; 0.0 (0.0)                        ; 0.0 (0.0)            ; 0 (0)               ; 0 (0)                     ; 0 (0)         ; 2048              ; 0          ; 0    ; 0            ; |dg_top_128|dg_csr_top:u_dualguard|dg_tile_core:core|dg_tile_ram:banks[70].weight_bank|altsyncram:mem_rtl_0|altsyncram_rtr1:auto_generated  ; altsyncram_rtr1 ; work         ;
;          |dg_tile_ram:banks[71].weight_bank|    ; 0.5 (0.5)            ; 0.5 (0.5)                        ; 0.0 (0.0)                                         ; 0.0 (0.0)                        ; 0.0 (0.0)            ; 1 (1)               ; 0 (0)                     ; 0 (0)         ; 2048              ; 0          ; 0    ; 0            ; |dg_top_128|dg_csr_top:u_dualguard|dg_tile_core:core|dg_tile_ram:banks[71].weight_bank                                                      ; dg_tile_ram     ; work         ;
;             |altsyncram:mem_rtl_0|              ; 0.0 (0.0)            ; 0.0 (0.0)                        ; 0.0 (0.0)                                         ; 0.0 (0.0)                        ; 0.0 (0.0)            ; 0 (0)               ; 0 (0)                     ; 0 (0)         ; 2048              ; 0          ; 0    ; 0            ; |dg_top_128|dg_csr_top:u_dualguard|dg_tile_core:core|dg_tile_ram:banks[71].weight_bank|altsyncram:mem_rtl_0                                 ; altsyncram      ; work         ;
;                |altsyncram_rtr1:auto_generated| ; 0.0 (0.0)            ; 0.0 (0.0)                        ; 0.0 (0.0)                                         ; 0.0 (0.0)                        ; 0.0 (0.0)            ; 0 (0)               ; 0 (0)                     ; 0 (0)         ; 2048              ; 0          ; 0    ; 0            ; |dg_top_128|dg_csr_top:u_dualguard|dg_tile_core:core|dg_tile_ram:banks[71].weight_bank|altsyncram:mem_rtl_0|altsyncram_rtr1:auto_generated  ; altsyncram_rtr1 ; work         ;
;          |dg_tile_ram:banks[72].weight_bank|    ; 0.5 (0.5)            ; 0.5 (0.5)                        ; 0.0 (0.0)                                         ; 0.0 (0.0)                        ; 0.0 (0.0)            ; 1 (1)               ; 0 (0)                     ; 0 (0)         ; 2048              ; 0          ; 0    ; 0            ; |dg_top_128|dg_csr_top:u_dualguard|dg_tile_core:core|dg_tile_ram:banks[72].weight_bank                                                      ; dg_tile_ram     ; work         ;
;             |altsyncram:mem_rtl_0|              ; 0.0 (0.0)            ; 0.0 (0.0)                        ; 0.0 (0.0)                                         ; 0.0 (0.0)                        ; 0.0 (0.0)            ; 0 (0)               ; 0 (0)                     ; 0 (0)         ; 2048              ; 0          ; 0    ; 0            ; |dg_top_128|dg_csr_top:u_dualguard|dg_tile_core:core|dg_tile_ram:banks[72].weight_bank|altsyncram:mem_rtl_0                                 ; altsyncram      ; work         ;
;                |altsyncram_rtr1:auto_generated| ; 0.0 (0.0)            ; 0.0 (0.0)                        ; 0.0 (0.0)                                         ; 0.0 (0.0)                        ; 0.0 (0.0)            ; 0 (0)               ; 0 (0)                     ; 0 (0)         ; 2048              ; 0          ; 0    ; 0            ; |dg_top_128|dg_csr_top:u_dualguard|dg_tile_core:core|dg_tile_ram:banks[72].weight_bank|altsyncram:mem_rtl_0|altsyncram_rtr1:auto_generated  ; altsyncram_rtr1 ; work         ;
;          |dg_tile_ram:banks[73].weight_bank|    ; 0.5 (0.5)            ; 0.5 (0.5)                        ; 0.0 (0.0)                                         ; 0.0 (0.0)                        ; 0.0 (0.0)            ; 1 (1)               ; 0 (0)                     ; 0 (0)         ; 2048              ; 0          ; 0    ; 0            ; |dg_top_128|dg_csr_top:u_dualguard|dg_tile_core:core|dg_tile_ram:banks[73].weight_bank                                                      ; dg_tile_ram     ; work         ;
;             |altsyncram:mem_rtl_0|              ; 0.0 (0.0)            ; 0.0 (0.0)                        ; 0.0 (0.0)                                         ; 0.0 (0.0)                        ; 0.0 (0.0)            ; 0 (0)               ; 0 (0)                     ; 0 (0)         ; 2048              ; 0          ; 0    ; 0            ; |dg_top_128|dg_csr_top:u_dualguard|dg_tile_core:core|dg_tile_ram:banks[73].weight_bank|altsyncram:mem_rtl_0                                 ; altsyncram      ; work         ;
;                |altsyncram_rtr1:auto_generated| ; 0.0 (0.0)            ; 0.0 (0.0)                        ; 0.0 (0.0)                                         ; 0.0 (0.0)                        ; 0.0 (0.0)            ; 0 (0)               ; 0 (0)                     ; 0 (0)         ; 2048              ; 0          ; 0    ; 0            ; |dg_top_128|dg_csr_top:u_dualguard|dg_tile_core:core|dg_tile_ram:banks[73].weight_bank|altsyncram:mem_rtl_0|altsyncram_rtr1:auto_generated  ; altsyncram_rtr1 ; work         ;
;          |dg_tile_ram:banks[74].weight_bank|    ; 0.5 (0.5)            ; 0.5 (0.5)                        ; 0.0 (0.0)                                         ; 0.0 (0.0)                        ; 0.0 (0.0)            ; 1 (1)               ; 0 (0)                     ; 0 (0)         ; 2048              ; 0          ; 0    ; 0            ; |dg_top_128|dg_csr_top:u_dualguard|dg_tile_core:core|dg_tile_ram:banks[74].weight_bank                                                      ; dg_tile_ram     ; work         ;
;             |altsyncram:mem_rtl_0|              ; 0.0 (0.0)            ; 0.0 (0.0)                        ; 0.0 (0.0)                                         ; 0.0 (0.0)                        ; 0.0 (0.0)            ; 0 (0)               ; 0 (0)                     ; 0 (0)         ; 2048              ; 0          ; 0    ; 0            ; |dg_top_128|dg_csr_top:u_dualguard|dg_tile_core:core|dg_tile_ram:banks[74].weight_bank|altsyncram:mem_rtl_0                                 ; altsyncram      ; work         ;
;                |altsyncram_rtr1:auto_generated| ; 0.0 (0.0)            ; 0.0 (0.0)                        ; 0.0 (0.0)                                         ; 0.0 (0.0)                        ; 0.0 (0.0)            ; 0 (0)               ; 0 (0)                     ; 0 (0)         ; 2048              ; 0          ; 0    ; 0            ; |dg_top_128|dg_csr_top:u_dualguard|dg_tile_core:core|dg_tile_ram:banks[74].weight_bank|altsyncram:mem_rtl_0|altsyncram_rtr1:auto_generated  ; altsyncram_rtr1 ; work         ;
;          |dg_tile_ram:banks[75].weight_bank|    ; 0.5 (0.5)            ; 0.5 (0.5)                        ; 0.0 (0.0)                                         ; 0.0 (0.0)                        ; 0.0 (0.0)            ; 1 (1)               ; 0 (0)                     ; 0 (0)         ; 2048              ; 0          ; 0    ; 0            ; |dg_top_128|dg_csr_top:u_dualguard|dg_tile_core:core|dg_tile_ram:banks[75].weight_bank                                                      ; dg_tile_ram     ; work         ;
;             |altsyncram:mem_rtl_0|              ; 0.0 (0.0)            ; 0.0 (0.0)                        ; 0.0 (0.0)                                         ; 0.0 (0.0)                        ; 0.0 (0.0)            ; 0 (0)               ; 0 (0)                     ; 0 (0)         ; 2048              ; 0          ; 0    ; 0            ; |dg_top_128|dg_csr_top:u_dualguard|dg_tile_core:core|dg_tile_ram:banks[75].weight_bank|altsyncram:mem_rtl_0                                 ; altsyncram      ; work         ;
;                |altsyncram_rtr1:auto_generated| ; 0.0 (0.0)            ; 0.0 (0.0)                        ; 0.0 (0.0)                                         ; 0.0 (0.0)                        ; 0.0 (0.0)            ; 0 (0)               ; 0 (0)                     ; 0 (0)         ; 2048              ; 0          ; 0    ; 0            ; |dg_top_128|dg_csr_top:u_dualguard|dg_tile_core:core|dg_tile_ram:banks[75].weight_bank|altsyncram:mem_rtl_0|altsyncram_rtr1:auto_generated  ; altsyncram_rtr1 ; work         ;
;          |dg_tile_ram:banks[76].weight_bank|    ; 1.0 (1.0)            ; 1.0 (1.0)                        ; 0.0 (0.0)                                         ; 0.0 (0.0)                        ; 0.0 (0.0)            ; 1 (1)               ; 0 (0)                     ; 0 (0)         ; 2048              ; 0          ; 0    ; 0            ; |dg_top_128|dg_csr_top:u_dualguard|dg_tile_core:core|dg_tile_ram:banks[76].weight_bank                                                      ; dg_tile_ram     ; work         ;
;             |altsyncram:mem_rtl_0|              ; 0.0 (0.0)            ; 0.0 (0.0)                        ; 0.0 (0.0)                                         ; 0.0 (0.0)                        ; 0.0 (0.0)            ; 0 (0)               ; 0 (0)                     ; 0 (0)         ; 2048              ; 0          ; 0    ; 0            ; |dg_top_128|dg_csr_top:u_dualguard|dg_tile_core:core|dg_tile_ram:banks[76].weight_bank|altsyncram:mem_rtl_0                                 ; altsyncram      ; work         ;
;                |altsyncram_rtr1:auto_generated| ; 0.0 (0.0)            ; 0.0 (0.0)                        ; 0.0 (0.0)                                         ; 0.0 (0.0)                        ; 0.0 (0.0)            ; 0 (0)               ; 0 (0)                     ; 0 (0)         ; 2048              ; 0          ; 0    ; 0            ; |dg_top_128|dg_csr_top:u_dualguard|dg_tile_core:core|dg_tile_ram:banks[76].weight_bank|altsyncram:mem_rtl_0|altsyncram_rtr1:auto_generated  ; altsyncram_rtr1 ; work         ;
;          |dg_tile_ram:banks[77].weight_bank|    ; 0.5 (0.5)            ; 0.5 (0.5)                        ; 0.0 (0.0)                                         ; 0.0 (0.0)                        ; 0.0 (0.0)            ; 1 (1)               ; 0 (0)                     ; 0 (0)         ; 2048              ; 0          ; 0    ; 0            ; |dg_top_128|dg_csr_top:u_dualguard|dg_tile_core:core|dg_tile_ram:banks[77].weight_bank                                                      ; dg_tile_ram     ; work         ;
;             |altsyncram:mem_rtl_0|              ; 0.0 (0.0)            ; 0.0 (0.0)                        ; 0.0 (0.0)                                         ; 0.0 (0.0)                        ; 0.0 (0.0)            ; 0 (0)               ; 0 (0)                     ; 0 (0)         ; 2048              ; 0          ; 0    ; 0            ; |dg_top_128|dg_csr_top:u_dualguard|dg_tile_core:core|dg_tile_ram:banks[77].weight_bank|altsyncram:mem_rtl_0                                 ; altsyncram      ; work         ;
;                |altsyncram_rtr1:auto_generated| ; 0.0 (0.0)            ; 0.0 (0.0)                        ; 0.0 (0.0)                                         ; 0.0 (0.0)                        ; 0.0 (0.0)            ; 0 (0)               ; 0 (0)                     ; 0 (0)         ; 2048              ; 0          ; 0    ; 0            ; |dg_top_128|dg_csr_top:u_dualguard|dg_tile_core:core|dg_tile_ram:banks[77].weight_bank|altsyncram:mem_rtl_0|altsyncram_rtr1:auto_generated  ; altsyncram_rtr1 ; work         ;
;          |dg_tile_ram:banks[78].weight_bank|    ; 0.5 (0.5)            ; 0.5 (0.5)                        ; 0.0 (0.0)                                         ; 0.0 (0.0)                        ; 0.0 (0.0)            ; 2 (2)               ; 0 (0)                     ; 0 (0)         ; 2048              ; 0          ; 0    ; 0            ; |dg_top_128|dg_csr_top:u_dualguard|dg_tile_core:core|dg_tile_ram:banks[78].weight_bank                                                      ; dg_tile_ram     ; work         ;
;             |altsyncram:mem_rtl_0|              ; 0.0 (0.0)            ; 0.0 (0.0)                        ; 0.0 (0.0)                                         ; 0.0 (0.0)                        ; 0.0 (0.0)            ; 0 (0)               ; 0 (0)                     ; 0 (0)         ; 2048              ; 0          ; 0    ; 0            ; |dg_top_128|dg_csr_top:u_dualguard|dg_tile_core:core|dg_tile_ram:banks[78].weight_bank|altsyncram:mem_rtl_0                                 ; altsyncram      ; work         ;
;                |altsyncram_rtr1:auto_generated| ; 0.0 (0.0)            ; 0.0 (0.0)                        ; 0.0 (0.0)                                         ; 0.0 (0.0)                        ; 0.0 (0.0)            ; 0 (0)               ; 0 (0)                     ; 0 (0)         ; 2048              ; 0          ; 0    ; 0            ; |dg_top_128|dg_csr_top:u_dualguard|dg_tile_core:core|dg_tile_ram:banks[78].weight_bank|altsyncram:mem_rtl_0|altsyncram_rtr1:auto_generated  ; altsyncram_rtr1 ; work         ;
;          |dg_tile_ram:banks[79].weight_bank|    ; 0.5 (0.5)            ; 0.5 (0.5)                        ; 0.0 (0.0)                                         ; 0.0 (0.0)                        ; 0.0 (0.0)            ; 2 (2)               ; 0 (0)                     ; 0 (0)         ; 2048              ; 0          ; 0    ; 0            ; |dg_top_128|dg_csr_top:u_dualguard|dg_tile_core:core|dg_tile_ram:banks[79].weight_bank                                                      ; dg_tile_ram     ; work         ;
;             |altsyncram:mem_rtl_0|              ; 0.0 (0.0)            ; 0.0 (0.0)                        ; 0.0 (0.0)                                         ; 0.0 (0.0)                        ; 0.0 (0.0)            ; 0 (0)               ; 0 (0)                     ; 0 (0)         ; 2048              ; 0          ; 0    ; 0            ; |dg_top_128|dg_csr_top:u_dualguard|dg_tile_core:core|dg_tile_ram:banks[79].weight_bank|altsyncram:mem_rtl_0                                 ; altsyncram      ; work         ;
;                |altsyncram_rtr1:auto_generated| ; 0.0 (0.0)            ; 0.0 (0.0)                        ; 0.0 (0.0)                                         ; 0.0 (0.0)                        ; 0.0 (0.0)            ; 0 (0)               ; 0 (0)                     ; 0 (0)         ; 2048              ; 0          ; 0    ; 0            ; |dg_top_128|dg_csr_top:u_dualguard|dg_tile_core:core|dg_tile_ram:banks[79].weight_bank|altsyncram:mem_rtl_0|altsyncram_rtr1:auto_generated  ; altsyncram_rtr1 ; work         ;
;          |dg_tile_ram:banks[7].weight_bank|     ; 0.5 (0.5)            ; 0.5 (0.5)                        ; 0.0 (0.0)                                         ; 0.0 (0.0)                        ; 0.0 (0.0)            ; 2 (2)               ; 0 (0)                     ; 0 (0)         ; 2048              ; 0          ; 0    ; 0            ; |dg_top_128|dg_csr_top:u_dualguard|dg_tile_core:core|dg_tile_ram:banks[7].weight_bank                                                       ; dg_tile_ram     ; work         ;
;             |altsyncram:mem_rtl_0|              ; 0.0 (0.0)            ; 0.0 (0.0)                        ; 0.0 (0.0)                                         ; 0.0 (0.0)                        ; 0.0 (0.0)            ; 0 (0)               ; 0 (0)                     ; 0 (0)         ; 2048              ; 0          ; 0    ; 0            ; |dg_top_128|dg_csr_top:u_dualguard|dg_tile_core:core|dg_tile_ram:banks[7].weight_bank|altsyncram:mem_rtl_0                                  ; altsyncram      ; work         ;
;                |altsyncram_rtr1:auto_generated| ; 0.0 (0.0)            ; 0.0 (0.0)                        ; 0.0 (0.0)                                         ; 0.0 (0.0)                        ; 0.0 (0.0)            ; 0 (0)               ; 0 (0)                     ; 0 (0)         ; 2048              ; 0          ; 0    ; 0            ; |dg_top_128|dg_csr_top:u_dualguard|dg_tile_core:core|dg_tile_ram:banks[7].weight_bank|altsyncram:mem_rtl_0|altsyncram_rtr1:auto_generated   ; altsyncram_rtr1 ; work         ;
;          |dg_tile_ram:banks[80].weight_bank|    ; 0.5 (0.5)            ; 0.5 (0.5)                        ; 0.0 (0.0)                                         ; 0.0 (0.0)                        ; 0.0 (0.0)            ; 1 (1)               ; 0 (0)                     ; 0 (0)         ; 2048              ; 0          ; 0    ; 0            ; |dg_top_128|dg_csr_top:u_dualguard|dg_tile_core:core|dg_tile_ram:banks[80].weight_bank                                                      ; dg_tile_ram     ; work         ;
;             |altsyncram:mem_rtl_0|              ; 0.0 (0.0)            ; 0.0 (0.0)                        ; 0.0 (0.0)                                         ; 0.0 (0.0)                        ; 0.0 (0.0)            ; 0 (0)               ; 0 (0)                     ; 0 (0)         ; 2048              ; 0          ; 0    ; 0            ; |dg_top_128|dg_csr_top:u_dualguard|dg_tile_core:core|dg_tile_ram:banks[80].weight_bank|altsyncram:mem_rtl_0                                 ; altsyncram      ; work         ;
;                |altsyncram_rtr1:auto_generated| ; 0.0 (0.0)            ; 0.0 (0.0)                        ; 0.0 (0.0)                                         ; 0.0 (0.0)                        ; 0.0 (0.0)            ; 0 (0)               ; 0 (0)                     ; 0 (0)         ; 2048              ; 0          ; 0    ; 0            ; |dg_top_128|dg_csr_top:u_dualguard|dg_tile_core:core|dg_tile_ram:banks[80].weight_bank|altsyncram:mem_rtl_0|altsyncram_rtr1:auto_generated  ; altsyncram_rtr1 ; work         ;
;          |dg_tile_ram:banks[81].weight_bank|    ; 0.5 (0.5)            ; 0.5 (0.5)                        ; 0.0 (0.0)                                         ; 0.0 (0.0)                        ; 0.0 (0.0)            ; 1 (1)               ; 0 (0)                     ; 0 (0)         ; 2048              ; 0          ; 0    ; 0            ; |dg_top_128|dg_csr_top:u_dualguard|dg_tile_core:core|dg_tile_ram:banks[81].weight_bank                                                      ; dg_tile_ram     ; work         ;
;             |altsyncram:mem_rtl_0|              ; 0.0 (0.0)            ; 0.0 (0.0)                        ; 0.0 (0.0)                                         ; 0.0 (0.0)                        ; 0.0 (0.0)            ; 0 (0)               ; 0 (0)                     ; 0 (0)         ; 2048              ; 0          ; 0    ; 0            ; |dg_top_128|dg_csr_top:u_dualguard|dg_tile_core:core|dg_tile_ram:banks[81].weight_bank|altsyncram:mem_rtl_0                                 ; altsyncram      ; work         ;
;                |altsyncram_rtr1:auto_generated| ; 0.0 (0.0)            ; 0.0 (0.0)                        ; 0.0 (0.0)                                         ; 0.0 (0.0)                        ; 0.0 (0.0)            ; 0 (0)               ; 0 (0)                     ; 0 (0)         ; 2048              ; 0          ; 0    ; 0            ; |dg_top_128|dg_csr_top:u_dualguard|dg_tile_core:core|dg_tile_ram:banks[81].weight_bank|altsyncram:mem_rtl_0|altsyncram_rtr1:auto_generated  ; altsyncram_rtr1 ; work         ;
;          |dg_tile_ram:banks[82].weight_bank|    ; 0.5 (0.5)            ; 0.5 (0.5)                        ; 0.0 (0.0)                                         ; 0.0 (0.0)                        ; 0.0 (0.0)            ; 1 (1)               ; 0 (0)                     ; 0 (0)         ; 2048              ; 0          ; 0    ; 0            ; |dg_top_128|dg_csr_top:u_dualguard|dg_tile_core:core|dg_tile_ram:banks[82].weight_bank                                                      ; dg_tile_ram     ; work         ;
;             |altsyncram:mem_rtl_0|              ; 0.0 (0.0)            ; 0.0 (0.0)                        ; 0.0 (0.0)                                         ; 0.0 (0.0)                        ; 0.0 (0.0)            ; 0 (0)               ; 0 (0)                     ; 0 (0)         ; 2048              ; 0          ; 0    ; 0            ; |dg_top_128|dg_csr_top:u_dualguard|dg_tile_core:core|dg_tile_ram:banks[82].weight_bank|altsyncram:mem_rtl_0                                 ; altsyncram      ; work         ;
;                |altsyncram_rtr1:auto_generated| ; 0.0 (0.0)            ; 0.0 (0.0)                        ; 0.0 (0.0)                                         ; 0.0 (0.0)                        ; 0.0 (0.0)            ; 0 (0)               ; 0 (0)                     ; 0 (0)         ; 2048              ; 0          ; 0    ; 0            ; |dg_top_128|dg_csr_top:u_dualguard|dg_tile_core:core|dg_tile_ram:banks[82].weight_bank|altsyncram:mem_rtl_0|altsyncram_rtr1:auto_generated  ; altsyncram_rtr1 ; work         ;
;          |dg_tile_ram:banks[83].weight_bank|    ; 0.5 (0.5)            ; 0.5 (0.5)                        ; 0.0 (0.0)                                         ; 0.0 (0.0)                        ; 0.0 (0.0)            ; 1 (1)               ; 0 (0)                     ; 0 (0)         ; 2048              ; 0          ; 0    ; 0            ; |dg_top_128|dg_csr_top:u_dualguard|dg_tile_core:core|dg_tile_ram:banks[83].weight_bank                                                      ; dg_tile_ram     ; work         ;
;             |altsyncram:mem_rtl_0|              ; 0.0 (0.0)            ; 0.0 (0.0)                        ; 0.0 (0.0)                                         ; 0.0 (0.0)                        ; 0.0 (0.0)            ; 0 (0)               ; 0 (0)                     ; 0 (0)         ; 2048              ; 0          ; 0    ; 0            ; |dg_top_128|dg_csr_top:u_dualguard|dg_tile_core:core|dg_tile_ram:banks[83].weight_bank|altsyncram:mem_rtl_0                                 ; altsyncram      ; work         ;
;                |altsyncram_rtr1:auto_generated| ; 0.0 (0.0)            ; 0.0 (0.0)                        ; 0.0 (0.0)                                         ; 0.0 (0.0)                        ; 0.0 (0.0)            ; 0 (0)               ; 0 (0)                     ; 0 (0)         ; 2048              ; 0          ; 0    ; 0            ; |dg_top_128|dg_csr_top:u_dualguard|dg_tile_core:core|dg_tile_ram:banks[83].weight_bank|altsyncram:mem_rtl_0|altsyncram_rtr1:auto_generated  ; altsyncram_rtr1 ; work         ;
;          |dg_tile_ram:banks[84].weight_bank|    ; 1.0 (1.0)            ; 1.0 (1.0)                        ; 0.0 (0.0)                                         ; 0.0 (0.0)                        ; 0.0 (0.0)            ; 1 (1)               ; 0 (0)                     ; 0 (0)         ; 2048              ; 0          ; 0    ; 0            ; |dg_top_128|dg_csr_top:u_dualguard|dg_tile_core:core|dg_tile_ram:banks[84].weight_bank                                                      ; dg_tile_ram     ; work         ;
;             |altsyncram:mem_rtl_0|              ; 0.0 (0.0)            ; 0.0 (0.0)                        ; 0.0 (0.0)                                         ; 0.0 (0.0)                        ; 0.0 (0.0)            ; 0 (0)               ; 0 (0)                     ; 0 (0)         ; 2048              ; 0          ; 0    ; 0            ; |dg_top_128|dg_csr_top:u_dualguard|dg_tile_core:core|dg_tile_ram:banks[84].weight_bank|altsyncram:mem_rtl_0                                 ; altsyncram      ; work         ;
;                |altsyncram_rtr1:auto_generated| ; 0.0 (0.0)            ; 0.0 (0.0)                        ; 0.0 (0.0)                                         ; 0.0 (0.0)                        ; 0.0 (0.0)            ; 0 (0)               ; 0 (0)                     ; 0 (0)         ; 2048              ; 0          ; 0    ; 0            ; |dg_top_128|dg_csr_top:u_dualguard|dg_tile_core:core|dg_tile_ram:banks[84].weight_bank|altsyncram:mem_rtl_0|altsyncram_rtr1:auto_generated  ; altsyncram_rtr1 ; work         ;
;          |dg_tile_ram:banks[85].weight_bank|    ; 0.5 (0.5)            ; 0.5 (0.5)                        ; 0.0 (0.0)                                         ; 0.0 (0.0)                        ; 0.0 (0.0)            ; 1 (1)               ; 0 (0)                     ; 0 (0)         ; 2048              ; 0          ; 0    ; 0            ; |dg_top_128|dg_csr_top:u_dualguard|dg_tile_core:core|dg_tile_ram:banks[85].weight_bank                                                      ; dg_tile_ram     ; work         ;
;             |altsyncram:mem_rtl_0|              ; 0.0 (0.0)            ; 0.0 (0.0)                        ; 0.0 (0.0)                                         ; 0.0 (0.0)                        ; 0.0 (0.0)            ; 0 (0)               ; 0 (0)                     ; 0 (0)         ; 2048              ; 0          ; 0    ; 0            ; |dg_top_128|dg_csr_top:u_dualguard|dg_tile_core:core|dg_tile_ram:banks[85].weight_bank|altsyncram:mem_rtl_0                                 ; altsyncram      ; work         ;
;                |altsyncram_rtr1:auto_generated| ; 0.0 (0.0)            ; 0.0 (0.0)                        ; 0.0 (0.0)                                         ; 0.0 (0.0)                        ; 0.0 (0.0)            ; 0 (0)               ; 0 (0)                     ; 0 (0)         ; 2048              ; 0          ; 0    ; 0            ; |dg_top_128|dg_csr_top:u_dualguard|dg_tile_core:core|dg_tile_ram:banks[85].weight_bank|altsyncram:mem_rtl_0|altsyncram_rtr1:auto_generated  ; altsyncram_rtr1 ; work         ;
;          |dg_tile_ram:banks[86].weight_bank|    ; 0.5 (0.5)            ; 0.5 (0.5)                        ; 0.0 (0.0)                                         ; 0.0 (0.0)                        ; 0.0 (0.0)            ; 1 (1)               ; 0 (0)                     ; 0 (0)         ; 2048              ; 0          ; 0    ; 0            ; |dg_top_128|dg_csr_top:u_dualguard|dg_tile_core:core|dg_tile_ram:banks[86].weight_bank                                                      ; dg_tile_ram     ; work         ;
;             |altsyncram:mem_rtl_0|              ; 0.0 (0.0)            ; 0.0 (0.0)                        ; 0.0 (0.0)                                         ; 0.0 (0.0)                        ; 0.0 (0.0)            ; 0 (0)               ; 0 (0)                     ; 0 (0)         ; 2048              ; 0          ; 0    ; 0            ; |dg_top_128|dg_csr_top:u_dualguard|dg_tile_core:core|dg_tile_ram:banks[86].weight_bank|altsyncram:mem_rtl_0                                 ; altsyncram      ; work         ;
;                |altsyncram_rtr1:auto_generated| ; 0.0 (0.0)            ; 0.0 (0.0)                        ; 0.0 (0.0)                                         ; 0.0 (0.0)                        ; 0.0 (0.0)            ; 0 (0)               ; 0 (0)                     ; 0 (0)         ; 2048              ; 0          ; 0    ; 0            ; |dg_top_128|dg_csr_top:u_dualguard|dg_tile_core:core|dg_tile_ram:banks[86].weight_bank|altsyncram:mem_rtl_0|altsyncram_rtr1:auto_generated  ; altsyncram_rtr1 ; work         ;
;          |dg_tile_ram:banks[87].weight_bank|    ; 0.5 (0.5)            ; 0.5 (0.5)                        ; 0.0 (0.0)                                         ; 0.0 (0.0)                        ; 0.0 (0.0)            ; 2 (2)               ; 0 (0)                     ; 0 (0)         ; 2048              ; 0          ; 0    ; 0            ; |dg_top_128|dg_csr_top:u_dualguard|dg_tile_core:core|dg_tile_ram:banks[87].weight_bank                                                      ; dg_tile_ram     ; work         ;
;             |altsyncram:mem_rtl_0|              ; 0.0 (0.0)            ; 0.0 (0.0)                        ; 0.0 (0.0)                                         ; 0.0 (0.0)                        ; 0.0 (0.0)            ; 0 (0)               ; 0 (0)                     ; 0 (0)         ; 2048              ; 0          ; 0    ; 0            ; |dg_top_128|dg_csr_top:u_dualguard|dg_tile_core:core|dg_tile_ram:banks[87].weight_bank|altsyncram:mem_rtl_0                                 ; altsyncram      ; work         ;
;                |altsyncram_rtr1:auto_generated| ; 0.0 (0.0)            ; 0.0 (0.0)                        ; 0.0 (0.0)                                         ; 0.0 (0.0)                        ; 0.0 (0.0)            ; 0 (0)               ; 0 (0)                     ; 0 (0)         ; 2048              ; 0          ; 0    ; 0            ; |dg_top_128|dg_csr_top:u_dualguard|dg_tile_core:core|dg_tile_ram:banks[87].weight_bank|altsyncram:mem_rtl_0|altsyncram_rtr1:auto_generated  ; altsyncram_rtr1 ; work         ;
;          |dg_tile_ram:banks[88].weight_bank|    ; 0.5 (0.5)            ; 0.5 (0.5)                        ; 0.0 (0.0)                                         ; 0.0 (0.0)                        ; 0.0 (0.0)            ; 1 (1)               ; 0 (0)                     ; 0 (0)         ; 2048              ; 0          ; 0    ; 0            ; |dg_top_128|dg_csr_top:u_dualguard|dg_tile_core:core|dg_tile_ram:banks[88].weight_bank                                                      ; dg_tile_ram     ; work         ;
;             |altsyncram:mem_rtl_0|              ; 0.0 (0.0)            ; 0.0 (0.0)                        ; 0.0 (0.0)                                         ; 0.0 (0.0)                        ; 0.0 (0.0)            ; 0 (0)               ; 0 (0)                     ; 0 (0)         ; 2048              ; 0          ; 0    ; 0            ; |dg_top_128|dg_csr_top:u_dualguard|dg_tile_core:core|dg_tile_ram:banks[88].weight_bank|altsyncram:mem_rtl_0                                 ; altsyncram      ; work         ;
;                |altsyncram_rtr1:auto_generated| ; 0.0 (0.0)            ; 0.0 (0.0)                        ; 0.0 (0.0)                                         ; 0.0 (0.0)                        ; 0.0 (0.0)            ; 0 (0)               ; 0 (0)                     ; 0 (0)         ; 2048              ; 0          ; 0    ; 0            ; |dg_top_128|dg_csr_top:u_dualguard|dg_tile_core:core|dg_tile_ram:banks[88].weight_bank|altsyncram:mem_rtl_0|altsyncram_rtr1:auto_generated  ; altsyncram_rtr1 ; work         ;
;          |dg_tile_ram:banks[89].weight_bank|    ; 0.5 (0.5)            ; 0.5 (0.5)                        ; 0.0 (0.0)                                         ; 0.0 (0.0)                        ; 0.0 (0.0)            ; 1 (1)               ; 0 (0)                     ; 0 (0)         ; 2048              ; 0          ; 0    ; 0            ; |dg_top_128|dg_csr_top:u_dualguard|dg_tile_core:core|dg_tile_ram:banks[89].weight_bank                                                      ; dg_tile_ram     ; work         ;
;             |altsyncram:mem_rtl_0|              ; 0.0 (0.0)            ; 0.0 (0.0)                        ; 0.0 (0.0)                                         ; 0.0 (0.0)                        ; 0.0 (0.0)            ; 0 (0)               ; 0 (0)                     ; 0 (0)         ; 2048              ; 0          ; 0    ; 0            ; |dg_top_128|dg_csr_top:u_dualguard|dg_tile_core:core|dg_tile_ram:banks[89].weight_bank|altsyncram:mem_rtl_0                                 ; altsyncram      ; work         ;
;                |altsyncram_rtr1:auto_generated| ; 0.0 (0.0)            ; 0.0 (0.0)                        ; 0.0 (0.0)                                         ; 0.0 (0.0)                        ; 0.0 (0.0)            ; 0 (0)               ; 0 (0)                     ; 0 (0)         ; 2048              ; 0          ; 0    ; 0            ; |dg_top_128|dg_csr_top:u_dualguard|dg_tile_core:core|dg_tile_ram:banks[89].weight_bank|altsyncram:mem_rtl_0|altsyncram_rtr1:auto_generated  ; altsyncram_rtr1 ; work         ;
;          |dg_tile_ram:banks[8].weight_bank|     ; 0.5 (0.5)            ; 0.5 (0.5)                        ; 0.0 (0.0)                                         ; 0.0 (0.0)                        ; 0.0 (0.0)            ; 1 (1)               ; 0 (0)                     ; 0 (0)         ; 2048              ; 0          ; 0    ; 0            ; |dg_top_128|dg_csr_top:u_dualguard|dg_tile_core:core|dg_tile_ram:banks[8].weight_bank                                                       ; dg_tile_ram     ; work         ;
;             |altsyncram:mem_rtl_0|              ; 0.0 (0.0)            ; 0.0 (0.0)                        ; 0.0 (0.0)                                         ; 0.0 (0.0)                        ; 0.0 (0.0)            ; 0 (0)               ; 0 (0)                     ; 0 (0)         ; 2048              ; 0          ; 0    ; 0            ; |dg_top_128|dg_csr_top:u_dualguard|dg_tile_core:core|dg_tile_ram:banks[8].weight_bank|altsyncram:mem_rtl_0                                  ; altsyncram      ; work         ;
;                |altsyncram_rtr1:auto_generated| ; 0.0 (0.0)            ; 0.0 (0.0)                        ; 0.0 (0.0)                                         ; 0.0 (0.0)                        ; 0.0 (0.0)            ; 0 (0)               ; 0 (0)                     ; 0 (0)         ; 2048              ; 0          ; 0    ; 0            ; |dg_top_128|dg_csr_top:u_dualguard|dg_tile_core:core|dg_tile_ram:banks[8].weight_bank|altsyncram:mem_rtl_0|altsyncram_rtr1:auto_generated   ; altsyncram_rtr1 ; work         ;
;          |dg_tile_ram:banks[90].weight_bank|    ; 0.5 (0.5)            ; 0.5 (0.5)                        ; 0.0 (0.0)                                         ; 0.0 (0.0)                        ; 0.0 (0.0)            ; 1 (1)               ; 0 (0)                     ; 0 (0)         ; 2048              ; 0          ; 0    ; 0            ; |dg_top_128|dg_csr_top:u_dualguard|dg_tile_core:core|dg_tile_ram:banks[90].weight_bank                                                      ; dg_tile_ram     ; work         ;
;             |altsyncram:mem_rtl_0|              ; 0.0 (0.0)            ; 0.0 (0.0)                        ; 0.0 (0.0)                                         ; 0.0 (0.0)                        ; 0.0 (0.0)            ; 0 (0)               ; 0 (0)                     ; 0 (0)         ; 2048              ; 0          ; 0    ; 0            ; |dg_top_128|dg_csr_top:u_dualguard|dg_tile_core:core|dg_tile_ram:banks[90].weight_bank|altsyncram:mem_rtl_0                                 ; altsyncram      ; work         ;
;                |altsyncram_rtr1:auto_generated| ; 0.0 (0.0)            ; 0.0 (0.0)                        ; 0.0 (0.0)                                         ; 0.0 (0.0)                        ; 0.0 (0.0)            ; 0 (0)               ; 0 (0)                     ; 0 (0)         ; 2048              ; 0          ; 0    ; 0            ; |dg_top_128|dg_csr_top:u_dualguard|dg_tile_core:core|dg_tile_ram:banks[90].weight_bank|altsyncram:mem_rtl_0|altsyncram_rtr1:auto_generated  ; altsyncram_rtr1 ; work         ;
;          |dg_tile_ram:banks[91].weight_bank|    ; 0.5 (0.5)            ; 0.5 (0.5)                        ; 0.0 (0.0)                                         ; 0.0 (0.0)                        ; 0.0 (0.0)            ; 1 (1)               ; 0 (0)                     ; 0 (0)         ; 2048              ; 0          ; 0    ; 0            ; |dg_top_128|dg_csr_top:u_dualguard|dg_tile_core:core|dg_tile_ram:banks[91].weight_bank                                                      ; dg_tile_ram     ; work         ;
;             |altsyncram:mem_rtl_0|              ; 0.0 (0.0)            ; 0.0 (0.0)                        ; 0.0 (0.0)                                         ; 0.0 (0.0)                        ; 0.0 (0.0)            ; 0 (0)               ; 0 (0)                     ; 0 (0)         ; 2048              ; 0          ; 0    ; 0            ; |dg_top_128|dg_csr_top:u_dualguard|dg_tile_core:core|dg_tile_ram:banks[91].weight_bank|altsyncram:mem_rtl_0                                 ; altsyncram      ; work         ;
;                |altsyncram_rtr1:auto_generated| ; 0.0 (0.0)            ; 0.0 (0.0)                        ; 0.0 (0.0)                                         ; 0.0 (0.0)                        ; 0.0 (0.0)            ; 0 (0)               ; 0 (0)                     ; 0 (0)         ; 2048              ; 0          ; 0    ; 0            ; |dg_top_128|dg_csr_top:u_dualguard|dg_tile_core:core|dg_tile_ram:banks[91].weight_bank|altsyncram:mem_rtl_0|altsyncram_rtr1:auto_generated  ; altsyncram_rtr1 ; work         ;
;          |dg_tile_ram:banks[92].weight_bank|    ; 1.0 (1.0)            ; 1.0 (1.0)                        ; 0.0 (0.0)                                         ; 0.0 (0.0)                        ; 0.0 (0.0)            ; 1 (1)               ; 0 (0)                     ; 0 (0)         ; 2048              ; 0          ; 0    ; 0            ; |dg_top_128|dg_csr_top:u_dualguard|dg_tile_core:core|dg_tile_ram:banks[92].weight_bank                                                      ; dg_tile_ram     ; work         ;
;             |altsyncram:mem_rtl_0|              ; 0.0 (0.0)            ; 0.0 (0.0)                        ; 0.0 (0.0)                                         ; 0.0 (0.0)                        ; 0.0 (0.0)            ; 0 (0)               ; 0 (0)                     ; 0 (0)         ; 2048              ; 0          ; 0    ; 0            ; |dg_top_128|dg_csr_top:u_dualguard|dg_tile_core:core|dg_tile_ram:banks[92].weight_bank|altsyncram:mem_rtl_0                                 ; altsyncram      ; work         ;
;                |altsyncram_rtr1:auto_generated| ; 0.0 (0.0)            ; 0.0 (0.0)                        ; 0.0 (0.0)                                         ; 0.0 (0.0)                        ; 0.0 (0.0)            ; 0 (0)               ; 0 (0)                     ; 0 (0)         ; 2048              ; 0          ; 0    ; 0            ; |dg_top_128|dg_csr_top:u_dualguard|dg_tile_core:core|dg_tile_ram:banks[92].weight_bank|altsyncram:mem_rtl_0|altsyncram_rtr1:auto_generated  ; altsyncram_rtr1 ; work         ;
;          |dg_tile_ram:banks[93].weight_bank|    ; 0.5 (0.5)            ; 0.5 (0.5)                        ; 0.0 (0.0)                                         ; 0.0 (0.0)                        ; 0.0 (0.0)            ; 1 (1)               ; 0 (0)                     ; 0 (0)         ; 2048              ; 0          ; 0    ; 0            ; |dg_top_128|dg_csr_top:u_dualguard|dg_tile_core:core|dg_tile_ram:banks[93].weight_bank                                                      ; dg_tile_ram     ; work         ;
;             |altsyncram:mem_rtl_0|              ; 0.0 (0.0)            ; 0.0 (0.0)                        ; 0.0 (0.0)                                         ; 0.0 (0.0)                        ; 0.0 (0.0)            ; 0 (0)               ; 0 (0)                     ; 0 (0)         ; 2048              ; 0          ; 0    ; 0            ; |dg_top_128|dg_csr_top:u_dualguard|dg_tile_core:core|dg_tile_ram:banks[93].weight_bank|altsyncram:mem_rtl_0                                 ; altsyncram      ; work         ;
;                |altsyncram_rtr1:auto_generated| ; 0.0 (0.0)            ; 0.0 (0.0)                        ; 0.0 (0.0)                                         ; 0.0 (0.0)                        ; 0.0 (0.0)            ; 0 (0)               ; 0 (0)                     ; 0 (0)         ; 2048              ; 0          ; 0    ; 0            ; |dg_top_128|dg_csr_top:u_dualguard|dg_tile_core:core|dg_tile_ram:banks[93].weight_bank|altsyncram:mem_rtl_0|altsyncram_rtr1:auto_generated  ; altsyncram_rtr1 ; work         ;
;          |dg_tile_ram:banks[94].weight_bank|    ; 0.5 (0.5)            ; 0.5 (0.5)                        ; 0.0 (0.0)                                         ; 0.0 (0.0)                        ; 0.0 (0.0)            ; 1 (1)               ; 0 (0)                     ; 0 (0)         ; 2048              ; 0          ; 0    ; 0            ; |dg_top_128|dg_csr_top:u_dualguard|dg_tile_core:core|dg_tile_ram:banks[94].weight_bank                                                      ; dg_tile_ram     ; work         ;
;             |altsyncram:mem_rtl_0|              ; 0.0 (0.0)            ; 0.0 (0.0)                        ; 0.0 (0.0)                                         ; 0.0 (0.0)                        ; 0.0 (0.0)            ; 0 (0)               ; 0 (0)                     ; 0 (0)         ; 2048              ; 0          ; 0    ; 0            ; |dg_top_128|dg_csr_top:u_dualguard|dg_tile_core:core|dg_tile_ram:banks[94].weight_bank|altsyncram:mem_rtl_0                                 ; altsyncram      ; work         ;
;                |altsyncram_rtr1:auto_generated| ; 0.0 (0.0)            ; 0.0 (0.0)                        ; 0.0 (0.0)                                         ; 0.0 (0.0)                        ; 0.0 (0.0)            ; 0 (0)               ; 0 (0)                     ; 0 (0)         ; 2048              ; 0          ; 0    ; 0            ; |dg_top_128|dg_csr_top:u_dualguard|dg_tile_core:core|dg_tile_ram:banks[94].weight_bank|altsyncram:mem_rtl_0|altsyncram_rtr1:auto_generated  ; altsyncram_rtr1 ; work         ;
;          |dg_tile_ram:banks[95].weight_bank|    ; 0.5 (0.5)            ; 0.5 (0.5)                        ; 0.0 (0.0)                                         ; 0.0 (0.0)                        ; 0.0 (0.0)            ; 2 (2)               ; 0 (0)                     ; 0 (0)         ; 2048              ; 0          ; 0    ; 0            ; |dg_top_128|dg_csr_top:u_dualguard|dg_tile_core:core|dg_tile_ram:banks[95].weight_bank                                                      ; dg_tile_ram     ; work         ;
;             |altsyncram:mem_rtl_0|              ; 0.0 (0.0)            ; 0.0 (0.0)                        ; 0.0 (0.0)                                         ; 0.0 (0.0)                        ; 0.0 (0.0)            ; 0 (0)               ; 0 (0)                     ; 0 (0)         ; 2048              ; 0          ; 0    ; 0            ; |dg_top_128|dg_csr_top:u_dualguard|dg_tile_core:core|dg_tile_ram:banks[95].weight_bank|altsyncram:mem_rtl_0                                 ; altsyncram      ; work         ;
;                |altsyncram_rtr1:auto_generated| ; 0.0 (0.0)            ; 0.0 (0.0)                        ; 0.0 (0.0)                                         ; 0.0 (0.0)                        ; 0.0 (0.0)            ; 0 (0)               ; 0 (0)                     ; 0 (0)         ; 2048              ; 0          ; 0    ; 0            ; |dg_top_128|dg_csr_top:u_dualguard|dg_tile_core:core|dg_tile_ram:banks[95].weight_bank|altsyncram:mem_rtl_0|altsyncram_rtr1:auto_generated  ; altsyncram_rtr1 ; work         ;
;          |dg_tile_ram:banks[96].weight_bank|    ; 1.0 (1.0)            ; 1.0 (1.0)                        ; 0.0 (0.0)                                         ; 0.0 (0.0)                        ; 0.0 (0.0)            ; 2 (2)               ; 0 (0)                     ; 0 (0)         ; 2048              ; 0          ; 0    ; 0            ; |dg_top_128|dg_csr_top:u_dualguard|dg_tile_core:core|dg_tile_ram:banks[96].weight_bank                                                      ; dg_tile_ram     ; work         ;
;             |altsyncram:mem_rtl_0|              ; 0.0 (0.0)            ; 0.0 (0.0)                        ; 0.0 (0.0)                                         ; 0.0 (0.0)                        ; 0.0 (0.0)            ; 0 (0)               ; 0 (0)                     ; 0 (0)         ; 2048              ; 0          ; 0    ; 0            ; |dg_top_128|dg_csr_top:u_dualguard|dg_tile_core:core|dg_tile_ram:banks[96].weight_bank|altsyncram:mem_rtl_0                                 ; altsyncram      ; work         ;
;                |altsyncram_rtr1:auto_generated| ; 0.0 (0.0)            ; 0.0 (0.0)                        ; 0.0 (0.0)                                         ; 0.0 (0.0)                        ; 0.0 (0.0)            ; 0 (0)               ; 0 (0)                     ; 0 (0)         ; 2048              ; 0          ; 0    ; 0            ; |dg_top_128|dg_csr_top:u_dualguard|dg_tile_core:core|dg_tile_ram:banks[96].weight_bank|altsyncram:mem_rtl_0|altsyncram_rtr1:auto_generated  ; altsyncram_rtr1 ; work         ;
;          |dg_tile_ram:banks[97].weight_bank|    ; 0.5 (0.5)            ; 0.5 (0.5)                        ; 0.0 (0.0)                                         ; 0.0 (0.0)                        ; 0.0 (0.0)            ; 1 (1)               ; 0 (0)                     ; 0 (0)         ; 2048              ; 0          ; 0    ; 0            ; |dg_top_128|dg_csr_top:u_dualguard|dg_tile_core:core|dg_tile_ram:banks[97].weight_bank                                                      ; dg_tile_ram     ; work         ;
;             |altsyncram:mem_rtl_0|              ; 0.0 (0.0)            ; 0.0 (0.0)                        ; 0.0 (0.0)                                         ; 0.0 (0.0)                        ; 0.0 (0.0)            ; 0 (0)               ; 0 (0)                     ; 0 (0)         ; 2048              ; 0          ; 0    ; 0            ; |dg_top_128|dg_csr_top:u_dualguard|dg_tile_core:core|dg_tile_ram:banks[97].weight_bank|altsyncram:mem_rtl_0                                 ; altsyncram      ; work         ;
;                |altsyncram_rtr1:auto_generated| ; 0.0 (0.0)            ; 0.0 (0.0)                        ; 0.0 (0.0)                                         ; 0.0 (0.0)                        ; 0.0 (0.0)            ; 0 (0)               ; 0 (0)                     ; 0 (0)         ; 2048              ; 0          ; 0    ; 0            ; |dg_top_128|dg_csr_top:u_dualguard|dg_tile_core:core|dg_tile_ram:banks[97].weight_bank|altsyncram:mem_rtl_0|altsyncram_rtr1:auto_generated  ; altsyncram_rtr1 ; work         ;
;          |dg_tile_ram:banks[98].weight_bank|    ; 0.5 (0.5)            ; 0.5 (0.5)                        ; 0.0 (0.0)                                         ; 0.0 (0.0)                        ; 0.0 (0.0)            ; 1 (1)               ; 0 (0)                     ; 0 (0)         ; 2048              ; 0          ; 0    ; 0            ; |dg_top_128|dg_csr_top:u_dualguard|dg_tile_core:core|dg_tile_ram:banks[98].weight_bank                                                      ; dg_tile_ram     ; work         ;
;             |altsyncram:mem_rtl_0|              ; 0.0 (0.0)            ; 0.0 (0.0)                        ; 0.0 (0.0)                                         ; 0.0 (0.0)                        ; 0.0 (0.0)            ; 0 (0)               ; 0 (0)                     ; 0 (0)         ; 2048              ; 0          ; 0    ; 0            ; |dg_top_128|dg_csr_top:u_dualguard|dg_tile_core:core|dg_tile_ram:banks[98].weight_bank|altsyncram:mem_rtl_0                                 ; altsyncram      ; work         ;
;                |altsyncram_rtr1:auto_generated| ; 0.0 (0.0)            ; 0.0 (0.0)                        ; 0.0 (0.0)                                         ; 0.0 (0.0)                        ; 0.0 (0.0)            ; 0 (0)               ; 0 (0)                     ; 0 (0)         ; 2048              ; 0          ; 0    ; 0            ; |dg_top_128|dg_csr_top:u_dualguard|dg_tile_core:core|dg_tile_ram:banks[98].weight_bank|altsyncram:mem_rtl_0|altsyncram_rtr1:auto_generated  ; altsyncram_rtr1 ; work         ;
;          |dg_tile_ram:banks[99].weight_bank|    ; 0.5 (0.5)            ; 0.5 (0.5)                        ; 0.0 (0.0)                                         ; 0.0 (0.0)                        ; 0.0 (0.0)            ; 1 (1)               ; 0 (0)                     ; 0 (0)         ; 2048              ; 0          ; 0    ; 0            ; |dg_top_128|dg_csr_top:u_dualguard|dg_tile_core:core|dg_tile_ram:banks[99].weight_bank                                                      ; dg_tile_ram     ; work         ;
;             |altsyncram:mem_rtl_0|              ; 0.0 (0.0)            ; 0.0 (0.0)                        ; 0.0 (0.0)                                         ; 0.0 (0.0)                        ; 0.0 (0.0)            ; 0 (0)               ; 0 (0)                     ; 0 (0)         ; 2048              ; 0          ; 0    ; 0            ; |dg_top_128|dg_csr_top:u_dualguard|dg_tile_core:core|dg_tile_ram:banks[99].weight_bank|altsyncram:mem_rtl_0                                 ; altsyncram      ; work         ;
;                |altsyncram_rtr1:auto_generated| ; 0.0 (0.0)            ; 0.0 (0.0)                        ; 0.0 (0.0)                                         ; 0.0 (0.0)                        ; 0.0 (0.0)            ; 0 (0)               ; 0 (0)                     ; 0 (0)         ; 2048              ; 0          ; 0    ; 0            ; |dg_top_128|dg_csr_top:u_dualguard|dg_tile_core:core|dg_tile_ram:banks[99].weight_bank|altsyncram:mem_rtl_0|altsyncram_rtr1:auto_generated  ; altsyncram_rtr1 ; work         ;
;          |dg_tile_ram:banks[9].weight_bank|     ; 0.5 (0.5)            ; 0.5 (0.5)                        ; 0.0 (0.0)                                         ; 0.0 (0.0)                        ; 0.0 (0.0)            ; 1 (1)               ; 0 (0)                     ; 0 (0)         ; 2048              ; 0          ; 0    ; 0            ; |dg_top_128|dg_csr_top:u_dualguard|dg_tile_core:core|dg_tile_ram:banks[9].weight_bank                                                       ; dg_tile_ram     ; work         ;
;             |altsyncram:mem_rtl_0|              ; 0.0 (0.0)            ; 0.0 (0.0)                        ; 0.0 (0.0)                                         ; 0.0 (0.0)                        ; 0.0 (0.0)            ; 0 (0)               ; 0 (0)                     ; 0 (0)         ; 2048              ; 0          ; 0    ; 0            ; |dg_top_128|dg_csr_top:u_dualguard|dg_tile_core:core|dg_tile_ram:banks[9].weight_bank|altsyncram:mem_rtl_0                                  ; altsyncram      ; work         ;
;                |altsyncram_rtr1:auto_generated| ; 0.0 (0.0)            ; 0.0 (0.0)                        ; 0.0 (0.0)                                         ; 0.0 (0.0)                        ; 0.0 (0.0)            ; 0 (0)               ; 0 (0)                     ; 0 (0)         ; 2048              ; 0          ; 0    ; 0            ; |dg_top_128|dg_csr_top:u_dualguard|dg_tile_core:core|dg_tile_ram:banks[9].weight_bank|altsyncram:mem_rtl_0|altsyncram_rtr1:auto_generated   ; altsyncram_rtr1 ; work         ;
;          |dg_tile_ram:input_bank|               ; 4.5 (4.5)            ; 4.5 (4.5)                        ; 0.0 (0.0)                                         ; 0.0 (0.0)                        ; 0.0 (0.0)            ; 7 (7)               ; 0 (0)                     ; 0 (0)         ; 2048              ; 0          ; 0    ; 0            ; |dg_top_128|dg_csr_top:u_dualguard|dg_tile_core:core|dg_tile_ram:input_bank                                                                 ; dg_tile_ram     ; work         ;
;             |altsyncram:mem_rtl_0|              ; 0.0 (0.0)            ; 0.0 (0.0)                        ; 0.0 (0.0)                                         ; 0.0 (0.0)                        ; 0.0 (0.0)            ; 0 (0)               ; 0 (0)                     ; 0 (0)         ; 2048              ; 0          ; 0    ; 0            ; |dg_top_128|dg_csr_top:u_dualguard|dg_tile_core:core|dg_tile_ram:input_bank|altsyncram:mem_rtl_0                                            ; altsyncram      ; work         ;
;                |altsyncram_rtr1:auto_generated| ; 0.0 (0.0)            ; 0.0 (0.0)                        ; 0.0 (0.0)                                         ; 0.0 (0.0)                        ; 0.0 (0.0)            ; 0 (0)               ; 0 (0)                     ; 0 (0)         ; 2048              ; 0          ; 0    ; 0            ; |dg_top_128|dg_csr_top:u_dualguard|dg_tile_core:core|dg_tile_ram:input_bank|altsyncram:mem_rtl_0|altsyncram_rtr1:auto_generated             ; altsyncram_rtr1 ; work         ;
+-------------------------------------------------+----------------------+----------------------------------+---------------------------------------------------+----------------------------------+----------------------+---------------------+---------------------------+---------------+-------------------+------------+------+--------------+---------------------------------------------------------------------------------------------------------------------------------------------+-----------------+--------------+
Note: For table entries with two numbers listed, the numbers in parentheses indicate the number of resources of the given type used by the specific entity alone. The numbers listed outside of parentheses indicate the total resources of the given type used by the specific entity and all of its sub-entities in the hierarchy.


+------------------------------------------------------------------------------------------------------------------------------+
; Delay Chain Summary                                                                                                          ;
+---------------+----------+----+------+------+----+------+-------+--------+------------------------+--------------------------+
; Name          ; Pin Type ; D1 ; D3_0 ; D3_1 ; D4 ; D5   ; D5 OE ; D5 OCT ; T11 (Postamble Gating) ; T11 (Postamble Ungating) ;
+---------------+----------+----+------+------+----+------+-------+--------+------------------------+--------------------------+
; readdata[0]   ; Output   ; -- ; --   ; --   ; -- ; (0)  ; (0)   ; --     ; --                     ; --                       ;
; readdata[1]   ; Output   ; -- ; --   ; --   ; -- ; (0)  ; (0)   ; --     ; --                     ; --                       ;
; readdata[2]   ; Output   ; -- ; --   ; --   ; -- ; (0)  ; (0)   ; --     ; --                     ; --                       ;
; readdata[3]   ; Output   ; -- ; --   ; --   ; -- ; (0)  ; (0)   ; --     ; --                     ; --                       ;
; readdata[4]   ; Output   ; -- ; --   ; --   ; -- ; (0)  ; (0)   ; --     ; --                     ; --                       ;
; readdata[5]   ; Output   ; -- ; --   ; --   ; -- ; (0)  ; (0)   ; --     ; --                     ; --                       ;
; readdata[6]   ; Output   ; -- ; --   ; --   ; -- ; (0)  ; (0)   ; --     ; --                     ; --                       ;
; readdata[7]   ; Output   ; -- ; --   ; --   ; -- ; (0)  ; (0)   ; --     ; --                     ; --                       ;
; readdata[8]   ; Output   ; -- ; --   ; --   ; -- ; (0)  ; (0)   ; --     ; --                     ; --                       ;
; readdata[9]   ; Output   ; -- ; --   ; --   ; -- ; (0)  ; (0)   ; --     ; --                     ; --                       ;
; readdata[10]  ; Output   ; -- ; --   ; --   ; -- ; (0)  ; (0)   ; --     ; --                     ; --                       ;
; readdata[11]  ; Output   ; -- ; --   ; --   ; -- ; (0)  ; (0)   ; --     ; --                     ; --                       ;
; readdata[12]  ; Output   ; -- ; --   ; --   ; -- ; (0)  ; (0)   ; --     ; --                     ; --                       ;
; readdata[13]  ; Output   ; -- ; --   ; --   ; -- ; (0)  ; (0)   ; --     ; --                     ; --                       ;
; readdata[14]  ; Output   ; -- ; --   ; --   ; -- ; (0)  ; (0)   ; --     ; --                     ; --                       ;
; readdata[15]  ; Output   ; -- ; --   ; --   ; -- ; (0)  ; (0)   ; --     ; --                     ; --                       ;
; readdata[16]  ; Output   ; -- ; --   ; --   ; -- ; (0)  ; (0)   ; --     ; --                     ; --                       ;
; readdata[17]  ; Output   ; -- ; --   ; --   ; -- ; (0)  ; (0)   ; --     ; --                     ; --                       ;
; readdata[18]  ; Output   ; -- ; --   ; --   ; -- ; (0)  ; (0)   ; --     ; --                     ; --                       ;
; readdata[19]  ; Output   ; -- ; --   ; --   ; -- ; (0)  ; (0)   ; --     ; --                     ; --                       ;
; readdata[20]  ; Output   ; -- ; --   ; --   ; -- ; (0)  ; (0)   ; --     ; --                     ; --                       ;
; readdata[21]  ; Output   ; -- ; --   ; --   ; -- ; (0)  ; (0)   ; --     ; --                     ; --                       ;
; readdata[22]  ; Output   ; -- ; --   ; --   ; -- ; (0)  ; (0)   ; --     ; --                     ; --                       ;
; readdata[23]  ; Output   ; -- ; --   ; --   ; -- ; (0)  ; (0)   ; --     ; --                     ; --                       ;
; readdata[24]  ; Output   ; -- ; --   ; --   ; -- ; (0)  ; (0)   ; --     ; --                     ; --                       ;
; readdata[25]  ; Output   ; -- ; --   ; --   ; -- ; (0)  ; (0)   ; --     ; --                     ; --                       ;
; readdata[26]  ; Output   ; -- ; --   ; --   ; -- ; (0)  ; (0)   ; --     ; --                     ; --                       ;
; readdata[27]  ; Output   ; -- ; --   ; --   ; -- ; (0)  ; (0)   ; --     ; --                     ; --                       ;
; readdata[28]  ; Output   ; -- ; --   ; --   ; -- ; (0)  ; (0)   ; --     ; --                     ; --                       ;
; readdata[29]  ; Output   ; -- ; --   ; --   ; -- ; (0)  ; (0)   ; --     ; --                     ; --                       ;
; readdata[30]  ; Output   ; -- ; --   ; --   ; -- ; (0)  ; (0)   ; --     ; --                     ; --                       ;
; readdata[31]  ; Output   ; -- ; --   ; --   ; -- ; (0)  ; (0)   ; --     ; --                     ; --                       ;
; irq           ; Output   ; -- ; --   ; --   ; -- ; (0)  ; (0)   ; --     ; --                     ; --                       ;
; waitrequest   ; Output   ; -- ; --   ; --   ; -- ; (0)  ; (0)   ; --     ; --                     ; --                       ;
; address[3]    ; Input    ; -- ; (0)  ; --   ; -- ; --   ; --    ; --     ; --                     ; --                       ;
; address[2]    ; Input    ; -- ; (0)  ; --   ; -- ; --   ; --    ; --     ; --                     ; --                       ;
; address[4]    ; Input    ; -- ; (0)  ; --   ; -- ; --   ; --    ; --     ; --                     ; --                       ;
; address[5]    ; Input    ; -- ; (0)  ; --   ; -- ; --   ; --    ; --     ; --                     ; --                       ;
; address[6]    ; Input    ; -- ; (0)  ; --   ; -- ; --   ; --    ; --     ; --                     ; --                       ;
; address[7]    ; Input    ; -- ; (0)  ; --   ; -- ; --   ; --    ; --     ; --                     ; --                       ;
; address[0]    ; Input    ; -- ; (0)  ; --   ; -- ; --   ; --    ; --     ; --                     ; --                       ;
; address[1]    ; Input    ; -- ; (0)  ; --   ; -- ; --   ; --    ; --     ; --                     ; --                       ;
; read          ; Input    ; -- ; (0)  ; --   ; -- ; --   ; --    ; --     ; --                     ; --                       ;
; clk           ; Input    ; -- ; (0)  ; --   ; -- ; --   ; --    ; --     ; --                     ; --                       ;
; rst_n         ; Input    ; -- ; (0)  ; --   ; -- ; --   ; --    ; --     ; --                     ; --                       ;
; writedata[0]  ; Input    ; -- ; (0)  ; --   ; -- ; --   ; --    ; --     ; --                     ; --                       ;
; write         ; Input    ; -- ; (0)  ; --   ; -- ; --   ; --    ; --     ; --                     ; --                       ;
; byteenable[3] ; Input    ; -- ; (0)  ; --   ; -- ; --   ; --    ; --     ; --                     ; --                       ;
; byteenable[2] ; Input    ; -- ; (0)  ; --   ; -- ; --   ; --    ; --     ; --                     ; --                       ;
; byteenable[0] ; Input    ; -- ; (0)  ; --   ; -- ; --   ; --    ; --     ; --                     ; --                       ;
; byteenable[1] ; Input    ; -- ; (0)  ; --   ; -- ; --   ; --    ; --     ; --                     ; --                       ;
; writedata[2]  ; Input    ; -- ; (0)  ; --   ; -- ; --   ; --    ; --     ; --                     ; --                       ;
; writedata[1]  ; Input    ; -- ; (0)  ; --   ; -- ; --   ; --    ; --     ; --                     ; --                       ;
; writedata[8]  ; Input    ; -- ; (0)  ; --   ; -- ; --   ; --    ; --     ; --                     ; --                       ;
; writedata[14] ; Input    ; -- ; (0)  ; --   ; -- ; --   ; --    ; --     ; --                     ; --                       ;
; writedata[13] ; Input    ; -- ; (0)  ; --   ; -- ; --   ; --    ; --     ; --                     ; --                       ;
; writedata[12] ; Input    ; -- ; (0)  ; --   ; -- ; --   ; --    ; --     ; --                     ; --                       ;
; writedata[11] ; Input    ; -- ; (0)  ; --   ; -- ; --   ; --    ; --     ; --                     ; --                       ;
; writedata[9]  ; Input    ; -- ; (0)  ; --   ; -- ; --   ; --    ; --     ; --                     ; --                       ;
; writedata[10] ; Input    ; -- ; (0)  ; --   ; -- ; --   ; --    ; --     ; --                     ; --                       ;
; writedata[20] ; Input    ; -- ; (0)  ; --   ; -- ; --   ; --    ; --     ; --                     ; --                       ;
; writedata[19] ; Input    ; -- ; (0)  ; --   ; -- ; --   ; --    ; --     ; --                     ; --                       ;
; writedata[18] ; Input    ; -- ; (0)  ; --   ; -- ; --   ; --    ; --     ; --                     ; --                       ;
; writedata[17] ; Input    ; -- ; (0)  ; --   ; -- ; --   ; --    ; --     ; --                     ; --                       ;
; writedata[15] ; Input    ; -- ; (0)  ; --   ; -- ; --   ; --    ; --     ; --                     ; --                       ;
; writedata[16] ; Input    ; -- ; (0)  ; --   ; -- ; --   ; --    ; --     ; --                     ; --                       ;
; writedata[26] ; Input    ; -- ; (0)  ; --   ; -- ; --   ; --    ; --     ; --                     ; --                       ;
; writedata[25] ; Input    ; -- ; (0)  ; --   ; -- ; --   ; --    ; --     ; --                     ; --                       ;
; writedata[24] ; Input    ; -- ; (0)  ; --   ; -- ; --   ; --    ; --     ; --                     ; --                       ;
; writedata[23] ; Input    ; -- ; (0)  ; --   ; -- ; --   ; --    ; --     ; --                     ; --                       ;
; writedata[21] ; Input    ; -- ; (0)  ; --   ; -- ; --   ; --    ; --     ; --                     ; --                       ;
; writedata[22] ; Input    ; -- ; (0)  ; --   ; -- ; --   ; --    ; --     ; --                     ; --                       ;
; writedata[31] ; Input    ; -- ; (0)  ; --   ; -- ; --   ; --    ; --     ; --                     ; --                       ;
; writedata[30] ; Input    ; -- ; (0)  ; --   ; -- ; --   ; --    ; --     ; --                     ; --                       ;
; writedata[29] ; Input    ; -- ; (0)  ; --   ; -- ; --   ; --    ; --     ; --                     ; --                       ;
; writedata[27] ; Input    ; -- ; (0)  ; --   ; -- ; --   ; --    ; --     ; --                     ; --                       ;
; writedata[28] ; Input    ; -- ; (0)  ; --   ; -- ; --   ; --    ; --     ; --                     ; --                       ;
; writedata[6]  ; Input    ; -- ; (0)  ; --   ; -- ; --   ; --    ; --     ; --                     ; --                       ;
; writedata[7]  ; Input    ; -- ; (0)  ; --   ; -- ; --   ; --    ; --     ; --                     ; --                       ;
; writedata[5]  ; Input    ; -- ; (0)  ; --   ; -- ; --   ; --    ; --     ; --                     ; --                       ;
; writedata[4]  ; Input    ; -- ; (0)  ; --   ; -- ; --   ; --    ; --     ; --                     ; --                       ;
; writedata[3]  ; Input    ; -- ; (0)  ; --   ; -- ; --   ; --    ; --     ; --                     ; --                       ;
+---------------+----------+----+------+------+----+------+-------+--------+------------------------+--------------------------+


+---------------------------------------------------+
; Pad To Core Delay Chain Fanout                    ;
+---------------------+-------------------+---------+
; Source Pin / Fanout ; Pad To Core Index ; Setting ;
+---------------------+-------------------+---------+
; address[3]          ;                   ;         ;
; address[2]          ;                   ;         ;
; address[4]          ;                   ;         ;
; address[5]          ;                   ;         ;
; address[6]          ;                   ;         ;
; address[7]          ;                   ;         ;
; address[0]          ;                   ;         ;
; address[1]          ;                   ;         ;
; read                ;                   ;         ;
; clk                 ;                   ;         ;
; rst_n               ;                   ;         ;
; writedata[0]        ;                   ;         ;
; write               ;                   ;         ;
; byteenable[3]       ;                   ;         ;
; byteenable[2]       ;                   ;         ;
; byteenable[0]       ;                   ;         ;
; byteenable[1]       ;                   ;         ;
; writedata[2]        ;                   ;         ;
; writedata[1]        ;                   ;         ;
; writedata[8]        ;                   ;         ;
; writedata[14]       ;                   ;         ;
; writedata[13]       ;                   ;         ;
; writedata[12]       ;                   ;         ;
; writedata[11]       ;                   ;         ;
; writedata[9]        ;                   ;         ;
; writedata[10]       ;                   ;         ;
; writedata[20]       ;                   ;         ;
; writedata[19]       ;                   ;         ;
; writedata[18]       ;                   ;         ;
; writedata[17]       ;                   ;         ;
; writedata[15]       ;                   ;         ;
; writedata[16]       ;                   ;         ;
; writedata[26]       ;                   ;         ;
; writedata[25]       ;                   ;         ;
; writedata[24]       ;                   ;         ;
; writedata[23]       ;                   ;         ;
; writedata[21]       ;                   ;         ;
; writedata[22]       ;                   ;         ;
; writedata[31]       ;                   ;         ;
; writedata[30]       ;                   ;         ;
; writedata[29]       ;                   ;         ;
; writedata[27]       ;                   ;         ;
; writedata[28]       ;                   ;         ;
; writedata[6]        ;                   ;         ;
; writedata[7]        ;                   ;         ;
; writedata[5]        ;                   ;         ;
; writedata[4]        ;                   ;         ;
; writedata[3]        ;                   ;         ;
+---------------------+-------------------+---------+


+-----------------------------------------------------------------------------------------------------------------------------------------------------------------------------------------------------------------------+
; Control Signals                                                                                                                                                                                                       ;
+---------------------------------------------------------------------------------------+------------+---------+-------------------------+--------+----------------------+------------------+---------------------------+
; Name                                                                                  ; Location   ; Fan-Out ; Usage                   ; Global ; Global Resource Used ; Global Line Name ; Enable Signal Source Name ;
+---------------------------------------------------------------------------------------+------------+---------+-------------------------+--------+----------------------+------------------+---------------------------+
; clk                                                                                   ; PIN_Y24    ; 14229   ; Clock                   ; yes    ; Global Clock         ; Not Available    ; --                        ;
; dg_csr_top:u_dualguard|cycles[28]~0                                                   ; Unassigned ; 32      ; Sync. clear             ; no     ; --                   ; --               ; --                        ;
; dg_csr_top:u_dualguard|cycles[28]~1                                                   ; Unassigned ; 32      ; Clock enable            ; no     ; --                   ; --               ; --                        ;
; dg_csr_top:u_dualguard|dg_tile_core:core|accept_start                                 ; Unassigned ; 4096    ; Sync. load              ; no     ; --                   ; --               ; --                        ;
; dg_csr_top:u_dualguard|dg_tile_core:core|biases[0][25]~80                             ; Unassigned ; 32      ; Clock enable            ; no     ; --                   ; --               ; --                        ;
; dg_csr_top:u_dualguard|dg_tile_core:core|biases[100][25]~6                            ; Unassigned ; 32      ; Clock enable            ; no     ; --                   ; --               ; --                        ;
; dg_csr_top:u_dualguard|dg_tile_core:core|biases[101][25]~22                           ; Unassigned ; 32      ; Clock enable            ; no     ; --                   ; --               ; --                        ;
; dg_csr_top:u_dualguard|dg_tile_core:core|biases[102][25]~38                           ; Unassigned ; 32      ; Clock enable            ; no     ; --                   ; --               ; --                        ;
; dg_csr_top:u_dualguard|dg_tile_core:core|biases[103][25]~54                           ; Unassigned ; 32      ; Clock enable            ; no     ; --                   ; --               ; --                        ;
; dg_csr_top:u_dualguard|dg_tile_core:core|biases[104][25]~10                           ; Unassigned ; 32      ; Clock enable            ; no     ; --                   ; --               ; --                        ;
; dg_csr_top:u_dualguard|dg_tile_core:core|biases[105][29]~26                           ; Unassigned ; 32      ; Clock enable            ; no     ; --                   ; --               ; --                        ;
; dg_csr_top:u_dualguard|dg_tile_core:core|biases[106][1]~42                            ; Unassigned ; 32      ; Clock enable            ; no     ; --                   ; --               ; --                        ;
; dg_csr_top:u_dualguard|dg_tile_core:core|biases[107][25]~58                           ; Unassigned ; 32      ; Clock enable            ; no     ; --                   ; --               ; --                        ;
; dg_csr_top:u_dualguard|dg_tile_core:core|biases[108][9]~14                            ; Unassigned ; 32      ; Clock enable            ; no     ; --                   ; --               ; --                        ;
; dg_csr_top:u_dualguard|dg_tile_core:core|biases[109][25]~30                           ; Unassigned ; 32      ; Clock enable            ; no     ; --                   ; --               ; --                        ;
; dg_csr_top:u_dualguard|dg_tile_core:core|biases[10][9]~90                             ; Unassigned ; 32      ; Clock enable            ; no     ; --                   ; --               ; --                        ;
; dg_csr_top:u_dualguard|dg_tile_core:core|biases[110][25]~46                           ; Unassigned ; 32      ; Clock enable            ; no     ; --                   ; --               ; --                        ;
; dg_csr_top:u_dualguard|dg_tile_core:core|biases[111][26]~62                           ; Unassigned ; 32      ; Clock enable            ; no     ; --                   ; --               ; --                        ;
; dg_csr_top:u_dualguard|dg_tile_core:core|biases[112][25]~3                            ; Unassigned ; 32      ; Clock enable            ; no     ; --                   ; --               ; --                        ;
; dg_csr_top:u_dualguard|dg_tile_core:core|biases[113][25]~19                           ; Unassigned ; 32      ; Clock enable            ; no     ; --                   ; --               ; --                        ;
; dg_csr_top:u_dualguard|dg_tile_core:core|biases[114][27]~35                           ; Unassigned ; 32      ; Clock enable            ; no     ; --                   ; --               ; --                        ;
; dg_csr_top:u_dualguard|dg_tile_core:core|biases[115][1]~51                            ; Unassigned ; 32      ; Clock enable            ; no     ; --                   ; --               ; --                        ;
; dg_csr_top:u_dualguard|dg_tile_core:core|biases[116][25]~7                            ; Unassigned ; 32      ; Clock enable            ; no     ; --                   ; --               ; --                        ;
; dg_csr_top:u_dualguard|dg_tile_core:core|biases[117][9]~23                            ; Unassigned ; 32      ; Clock enable            ; no     ; --                   ; --               ; --                        ;
; dg_csr_top:u_dualguard|dg_tile_core:core|biases[118][25]~39                           ; Unassigned ; 32      ; Clock enable            ; no     ; --                   ; --               ; --                        ;
; dg_csr_top:u_dualguard|dg_tile_core:core|biases[119][25]~55                           ; Unassigned ; 32      ; Clock enable            ; no     ; --                   ; --               ; --                        ;
; dg_csr_top:u_dualguard|dg_tile_core:core|biases[11][25]~91                            ; Unassigned ; 32      ; Clock enable            ; no     ; --                   ; --               ; --                        ;
; dg_csr_top:u_dualguard|dg_tile_core:core|biases[120][25]~11                           ; Unassigned ; 32      ; Clock enable            ; no     ; --                   ; --               ; --                        ;
; dg_csr_top:u_dualguard|dg_tile_core:core|biases[121][25]~27                           ; Unassigned ; 32      ; Clock enable            ; no     ; --                   ; --               ; --                        ;
; dg_csr_top:u_dualguard|dg_tile_core:core|biases[122][25]~43                           ; Unassigned ; 32      ; Clock enable            ; no     ; --                   ; --               ; --                        ;
; dg_csr_top:u_dualguard|dg_tile_core:core|biases[123][28]~59                           ; Unassigned ; 32      ; Clock enable            ; no     ; --                   ; --               ; --                        ;
; dg_csr_top:u_dualguard|dg_tile_core:core|biases[124][1]~15                            ; Unassigned ; 32      ; Clock enable            ; no     ; --                   ; --               ; --                        ;
; dg_csr_top:u_dualguard|dg_tile_core:core|biases[125][25]~31                           ; Unassigned ; 32      ; Clock enable            ; no     ; --                   ; --               ; --                        ;
; dg_csr_top:u_dualguard|dg_tile_core:core|biases[126][9]~47                            ; Unassigned ; 32      ; Clock enable            ; no     ; --                   ; --               ; --                        ;
; dg_csr_top:u_dualguard|dg_tile_core:core|biases[127][25]~63                           ; Unassigned ; 32      ; Clock enable            ; no     ; --                   ; --               ; --                        ;
; dg_csr_top:u_dualguard|dg_tile_core:core|biases[12][25]~92                            ; Unassigned ; 32      ; Clock enable            ; no     ; --                   ; --               ; --                        ;
; dg_csr_top:u_dualguard|dg_tile_core:core|biases[13][25]~93                            ; Unassigned ; 32      ; Clock enable            ; no     ; --                   ; --               ; --                        ;
; dg_csr_top:u_dualguard|dg_tile_core:core|biases[14][25]~94                            ; Unassigned ; 32      ; Clock enable            ; no     ; --                   ; --               ; --                        ;
; dg_csr_top:u_dualguard|dg_tile_core:core|biases[15][25]~95                            ; Unassigned ; 32      ; Clock enable            ; no     ; --                   ; --               ; --                        ;
; dg_csr_top:u_dualguard|dg_tile_core:core|biases[16][28]~112                           ; Unassigned ; 32      ; Clock enable            ; no     ; --                   ; --               ; --                        ;
; dg_csr_top:u_dualguard|dg_tile_core:core|biases[17][1]~113                            ; Unassigned ; 32      ; Clock enable            ; no     ; --                   ; --               ; --                        ;
; dg_csr_top:u_dualguard|dg_tile_core:core|biases[18][25]~114                           ; Unassigned ; 32      ; Clock enable            ; no     ; --                   ; --               ; --                        ;
; dg_csr_top:u_dualguard|dg_tile_core:core|biases[19][9]~115                            ; Unassigned ; 32      ; Clock enable            ; no     ; --                   ; --               ; --                        ;
; dg_csr_top:u_dualguard|dg_tile_core:core|biases[1][8]~81                              ; Unassigned ; 32      ; Clock enable            ; no     ; --                   ; --               ; --                        ;
; dg_csr_top:u_dualguard|dg_tile_core:core|biases[20][25]~116                           ; Unassigned ; 32      ; Clock enable            ; no     ; --                   ; --               ; --                        ;
; dg_csr_top:u_dualguard|dg_tile_core:core|biases[21][25]~117                           ; Unassigned ; 32      ; Clock enable            ; no     ; --                   ; --               ; --                        ;
; dg_csr_top:u_dualguard|dg_tile_core:core|biases[22][26]~118                           ; Unassigned ; 32      ; Clock enable            ; no     ; --                   ; --               ; --                        ;
; dg_csr_top:u_dualguard|dg_tile_core:core|biases[23][25]~119                           ; Unassigned ; 32      ; Clock enable            ; no     ; --                   ; --               ; --                        ;
; dg_csr_top:u_dualguard|dg_tile_core:core|biases[24][26]~120                           ; Unassigned ; 32      ; Clock enable            ; no     ; --                   ; --               ; --                        ;
; dg_csr_top:u_dualguard|dg_tile_core:core|biases[25][27]~121                           ; Unassigned ; 32      ; Clock enable            ; no     ; --                   ; --               ; --                        ;
; dg_csr_top:u_dualguard|dg_tile_core:core|biases[26][1]~122                            ; Unassigned ; 32      ; Clock enable            ; no     ; --                   ; --               ; --                        ;
; dg_csr_top:u_dualguard|dg_tile_core:core|biases[27][25]~123                           ; Unassigned ; 32      ; Clock enable            ; no     ; --                   ; --               ; --                        ;
; dg_csr_top:u_dualguard|dg_tile_core:core|biases[28][9]~124                            ; Unassigned ; 32      ; Clock enable            ; no     ; --                   ; --               ; --                        ;
; dg_csr_top:u_dualguard|dg_tile_core:core|biases[29][25]~125                           ; Unassigned ; 32      ; Clock enable            ; no     ; --                   ; --               ; --                        ;
; dg_csr_top:u_dualguard|dg_tile_core:core|biases[2][25]~82                             ; Unassigned ; 32      ; Clock enable            ; no     ; --                   ; --               ; --                        ;
; dg_csr_top:u_dualguard|dg_tile_core:core|biases[30][25]~126                           ; Unassigned ; 32      ; Clock enable            ; no     ; --                   ; --               ; --                        ;
; dg_csr_top:u_dualguard|dg_tile_core:core|biases[31][25]~127                           ; Unassigned ; 32      ; Clock enable            ; no     ; --                   ; --               ; --                        ;
; dg_csr_top:u_dualguard|dg_tile_core:core|biases[32][25]~64                            ; Unassigned ; 32      ; Clock enable            ; no     ; --                   ; --               ; --                        ;
; dg_csr_top:u_dualguard|dg_tile_core:core|biases[33][25]~68                            ; Unassigned ; 32      ; Clock enable            ; no     ; --                   ; --               ; --                        ;
; dg_csr_top:u_dualguard|dg_tile_core:core|biases[34][29]~72                            ; Unassigned ; 32      ; Clock enable            ; no     ; --                   ; --               ; --                        ;
; dg_csr_top:u_dualguard|dg_tile_core:core|biases[35][1]~76                             ; Unassigned ; 32      ; Clock enable            ; no     ; --                   ; --               ; --                        ;
; dg_csr_top:u_dualguard|dg_tile_core:core|biases[36][25]~65                            ; Unassigned ; 32      ; Clock enable            ; no     ; --                   ; --               ; --                        ;
; dg_csr_top:u_dualguard|dg_tile_core:core|biases[37][9]~69                             ; Unassigned ; 32      ; Clock enable            ; no     ; --                   ; --               ; --                        ;
; dg_csr_top:u_dualguard|dg_tile_core:core|biases[38][25]~73                            ; Unassigned ; 32      ; Clock enable            ; no     ; --                   ; --               ; --                        ;
; dg_csr_top:u_dualguard|dg_tile_core:core|biases[39][25]~77                            ; Unassigned ; 32      ; Clock enable            ; no     ; --                   ; --               ; --                        ;
; dg_csr_top:u_dualguard|dg_tile_core:core|biases[3][25]~83                             ; Unassigned ; 32      ; Clock enable            ; no     ; --                   ; --               ; --                        ;
; dg_csr_top:u_dualguard|dg_tile_core:core|biases[40][26]~66                            ; Unassigned ; 32      ; Clock enable            ; no     ; --                   ; --               ; --                        ;
; dg_csr_top:u_dualguard|dg_tile_core:core|biases[41][25]~70                            ; Unassigned ; 32      ; Clock enable            ; no     ; --                   ; --               ; --                        ;
; dg_csr_top:u_dualguard|dg_tile_core:core|biases[42][25]~74                            ; Unassigned ; 32      ; Clock enable            ; no     ; --                   ; --               ; --                        ;
; dg_csr_top:u_dualguard|dg_tile_core:core|biases[43][27]~78                            ; Unassigned ; 32      ; Clock enable            ; no     ; --                   ; --               ; --                        ;
; dg_csr_top:u_dualguard|dg_tile_core:core|biases[44][1]~67                             ; Unassigned ; 32      ; Clock enable            ; no     ; --                   ; --               ; --                        ;
; dg_csr_top:u_dualguard|dg_tile_core:core|biases[45][25]~71                            ; Unassigned ; 32      ; Clock enable            ; no     ; --                   ; --               ; --                        ;
; dg_csr_top:u_dualguard|dg_tile_core:core|biases[46][9]~75                             ; Unassigned ; 32      ; Clock enable            ; no     ; --                   ; --               ; --                        ;
; dg_csr_top:u_dualguard|dg_tile_core:core|biases[47][25]~79                            ; Unassigned ; 32      ; Clock enable            ; no     ; --                   ; --               ; --                        ;
; dg_csr_top:u_dualguard|dg_tile_core:core|biases[48][25]~96                            ; Unassigned ; 32      ; Clock enable            ; no     ; --                   ; --               ; --                        ;
; dg_csr_top:u_dualguard|dg_tile_core:core|biases[49][25]~100                           ; Unassigned ; 32      ; Clock enable            ; no     ; --                   ; --               ; --                        ;
; dg_csr_top:u_dualguard|dg_tile_core:core|biases[4][26]~84                             ; Unassigned ; 32      ; Clock enable            ; no     ; --                   ; --               ; --                        ;
; dg_csr_top:u_dualguard|dg_tile_core:core|biases[50][25]~104                           ; Unassigned ; 32      ; Clock enable            ; no     ; --                   ; --               ; --                        ;
; dg_csr_top:u_dualguard|dg_tile_core:core|biases[51][25]~108                           ; Unassigned ; 32      ; Clock enable            ; no     ; --                   ; --               ; --                        ;
; dg_csr_top:u_dualguard|dg_tile_core:core|biases[52][28]~97                            ; Unassigned ; 32      ; Clock enable            ; no     ; --                   ; --               ; --                        ;
; dg_csr_top:u_dualguard|dg_tile_core:core|biases[53][1]~101                            ; Unassigned ; 32      ; Clock enable            ; no     ; --                   ; --               ; --                        ;
; dg_csr_top:u_dualguard|dg_tile_core:core|biases[54][25]~105                           ; Unassigned ; 32      ; Clock enable            ; no     ; --                   ; --               ; --                        ;
; dg_csr_top:u_dualguard|dg_tile_core:core|biases[55][9]~109                            ; Unassigned ; 32      ; Clock enable            ; no     ; --                   ; --               ; --                        ;
; dg_csr_top:u_dualguard|dg_tile_core:core|biases[56][25]~98                            ; Unassigned ; 32      ; Clock enable            ; no     ; --                   ; --               ; --                        ;
; dg_csr_top:u_dualguard|dg_tile_core:core|biases[57][25]~102                           ; Unassigned ; 32      ; Clock enable            ; no     ; --                   ; --               ; --                        ;
; dg_csr_top:u_dualguard|dg_tile_core:core|biases[58][26]~106                           ; Unassigned ; 32      ; Clock enable            ; no     ; --                   ; --               ; --                        ;
; dg_csr_top:u_dualguard|dg_tile_core:core|biases[59][25]~110                           ; Unassigned ; 32      ; Clock enable            ; no     ; --                   ; --               ; --                        ;
; dg_csr_top:u_dualguard|dg_tile_core:core|biases[5][24]~85                             ; Unassigned ; 32      ; Clock enable            ; no     ; --                   ; --               ; --                        ;
; dg_csr_top:u_dualguard|dg_tile_core:core|biases[60][25]~99                            ; Unassigned ; 32      ; Clock enable            ; no     ; --                   ; --               ; --                        ;
; dg_csr_top:u_dualguard|dg_tile_core:core|biases[61][26]~103                           ; Unassigned ; 32      ; Clock enable            ; no     ; --                   ; --               ; --                        ;
; dg_csr_top:u_dualguard|dg_tile_core:core|biases[62][25]~107                           ; Unassigned ; 32      ; Clock enable            ; no     ; --                   ; --               ; --                        ;
; dg_csr_top:u_dualguard|dg_tile_core:core|biases[63][5]~111                            ; Unassigned ; 32      ; Clock enable            ; no     ; --                   ; --               ; --                        ;
; dg_csr_top:u_dualguard|dg_tile_core:core|biases[64][26]~0                             ; Unassigned ; 32      ; Clock enable            ; no     ; --                   ; --               ; --                        ;
; dg_csr_top:u_dualguard|dg_tile_core:core|biases[65][25]~16                            ; Unassigned ; 32      ; Clock enable            ; no     ; --                   ; --               ; --                        ;
; dg_csr_top:u_dualguard|dg_tile_core:core|biases[66][26]~32                            ; Unassigned ; 32      ; Clock enable            ; no     ; --                   ; --               ; --                        ;
; dg_csr_top:u_dualguard|dg_tile_core:core|biases[67][21]~48                            ; Unassigned ; 32      ; Clock enable            ; no     ; --                   ; --               ; --                        ;
; dg_csr_top:u_dualguard|dg_tile_core:core|biases[68][25]~4                             ; Unassigned ; 32      ; Clock enable            ; no     ; --                   ; --               ; --                        ;
; dg_csr_top:u_dualguard|dg_tile_core:core|biases[69][30]~20                            ; Unassigned ; 32      ; Clock enable            ; no     ; --                   ; --               ; --                        ;
; dg_csr_top:u_dualguard|dg_tile_core:core|biases[6][25]~86                             ; Unassigned ; 32      ; Clock enable            ; no     ; --                   ; --               ; --                        ;
; dg_csr_top:u_dualguard|dg_tile_core:core|biases[70][1]~36                             ; Unassigned ; 32      ; Clock enable            ; no     ; --                   ; --               ; --                        ;
; dg_csr_top:u_dualguard|dg_tile_core:core|biases[71][25]~52                            ; Unassigned ; 32      ; Clock enable            ; no     ; --                   ; --               ; --                        ;
; dg_csr_top:u_dualguard|dg_tile_core:core|biases[72][9]~8                              ; Unassigned ; 32      ; Clock enable            ; no     ; --                   ; --               ; --                        ;
; dg_csr_top:u_dualguard|dg_tile_core:core|biases[73][25]~24                            ; Unassigned ; 32      ; Clock enable            ; no     ; --                   ; --               ; --                        ;
; dg_csr_top:u_dualguard|dg_tile_core:core|biases[74][25]~40                            ; Unassigned ; 32      ; Clock enable            ; no     ; --                   ; --               ; --                        ;
; dg_csr_top:u_dualguard|dg_tile_core:core|biases[75][26]~56                            ; Unassigned ; 32      ; Clock enable            ; no     ; --                   ; --               ; --                        ;
; dg_csr_top:u_dualguard|dg_tile_core:core|biases[76][25]~12                            ; Unassigned ; 32      ; Clock enable            ; no     ; --                   ; --               ; --                        ;
; dg_csr_top:u_dualguard|dg_tile_core:core|biases[77][25]~28                            ; Unassigned ; 32      ; Clock enable            ; no     ; --                   ; --               ; --                        ;
; dg_csr_top:u_dualguard|dg_tile_core:core|biases[78][27]~44                            ; Unassigned ; 32      ; Clock enable            ; no     ; --                   ; --               ; --                        ;
; dg_csr_top:u_dualguard|dg_tile_core:core|biases[79][1]~60                             ; Unassigned ; 32      ; Clock enable            ; no     ; --                   ; --               ; --                        ;
; dg_csr_top:u_dualguard|dg_tile_core:core|biases[7][27]~87                             ; Unassigned ; 32      ; Clock enable            ; no     ; --                   ; --               ; --                        ;
; dg_csr_top:u_dualguard|dg_tile_core:core|biases[80][25]~1                             ; Unassigned ; 32      ; Clock enable            ; no     ; --                   ; --               ; --                        ;
; dg_csr_top:u_dualguard|dg_tile_core:core|biases[81][9]~17                             ; Unassigned ; 32      ; Clock enable            ; no     ; --                   ; --               ; --                        ;
; dg_csr_top:u_dualguard|dg_tile_core:core|biases[82][25]~33                            ; Unassigned ; 32      ; Clock enable            ; no     ; --                   ; --               ; --                        ;
; dg_csr_top:u_dualguard|dg_tile_core:core|biases[83][25]~49                            ; Unassigned ; 32      ; Clock enable            ; no     ; --                   ; --               ; --                        ;
; dg_csr_top:u_dualguard|dg_tile_core:core|biases[84][25]~5                             ; Unassigned ; 32      ; Clock enable            ; no     ; --                   ; --               ; --                        ;
; dg_csr_top:u_dualguard|dg_tile_core:core|biases[85][25]~21                            ; Unassigned ; 32      ; Clock enable            ; no     ; --                   ; --               ; --                        ;
; dg_csr_top:u_dualguard|dg_tile_core:core|biases[86][25]~37                            ; Unassigned ; 32      ; Clock enable            ; no     ; --                   ; --               ; --                        ;
; dg_csr_top:u_dualguard|dg_tile_core:core|biases[87][28]~53                            ; Unassigned ; 32      ; Clock enable            ; no     ; --                   ; --               ; --                        ;
; dg_csr_top:u_dualguard|dg_tile_core:core|biases[88][1]~9                              ; Unassigned ; 32      ; Clock enable            ; no     ; --                   ; --               ; --                        ;
; dg_csr_top:u_dualguard|dg_tile_core:core|biases[89][25]~25                            ; Unassigned ; 32      ; Clock enable            ; no     ; --                   ; --               ; --                        ;
; dg_csr_top:u_dualguard|dg_tile_core:core|biases[8][1]~88                              ; Unassigned ; 32      ; Clock enable            ; no     ; --                   ; --               ; --                        ;
; dg_csr_top:u_dualguard|dg_tile_core:core|biases[90][9]~41                             ; Unassigned ; 32      ; Clock enable            ; no     ; --                   ; --               ; --                        ;
; dg_csr_top:u_dualguard|dg_tile_core:core|biases[91][25]~57                            ; Unassigned ; 32      ; Clock enable            ; no     ; --                   ; --               ; --                        ;
; dg_csr_top:u_dualguard|dg_tile_core:core|biases[92][25]~13                            ; Unassigned ; 32      ; Clock enable            ; no     ; --                   ; --               ; --                        ;
; dg_csr_top:u_dualguard|dg_tile_core:core|biases[93][26]~29                            ; Unassigned ; 32      ; Clock enable            ; no     ; --                   ; --               ; --                        ;
; dg_csr_top:u_dualguard|dg_tile_core:core|biases[94][25]~45                            ; Unassigned ; 32      ; Clock enable            ; no     ; --                   ; --               ; --                        ;
; dg_csr_top:u_dualguard|dg_tile_core:core|biases[95][26]~61                            ; Unassigned ; 32      ; Clock enable            ; no     ; --                   ; --               ; --                        ;
; dg_csr_top:u_dualguard|dg_tile_core:core|biases[96][27]~2                             ; Unassigned ; 32      ; Clock enable            ; no     ; --                   ; --               ; --                        ;
; dg_csr_top:u_dualguard|dg_tile_core:core|biases[97][1]~18                             ; Unassigned ; 32      ; Clock enable            ; no     ; --                   ; --               ; --                        ;
; dg_csr_top:u_dualguard|dg_tile_core:core|biases[98][25]~34                            ; Unassigned ; 32      ; Clock enable            ; no     ; --                   ; --               ; --                        ;
; dg_csr_top:u_dualguard|dg_tile_core:core|biases[99][9]~50                             ; Unassigned ; 32      ; Clock enable            ; no     ; --                   ; --               ; --                        ;
; dg_csr_top:u_dualguard|dg_tile_core:core|biases[9][25]~89                             ; Unassigned ; 32      ; Clock enable            ; no     ; --                   ; --               ; --                        ;
; dg_csr_top:u_dualguard|dg_tile_core:core|count[11]~1                                  ; Unassigned ; 20      ; Clock enable            ; no     ; --                   ; --               ; --                        ;
; dg_csr_top:u_dualguard|dg_tile_core:core|dg_mac_lane:banks[127].mac|acc[0]~0          ; Unassigned ; 4096    ; Clock enable            ; no     ; --                   ; --               ; --                        ;
; dg_csr_top:u_dualguard|dg_tile_core:core|dg_tile_ram:banks[0].weight_bank|always0~2   ; Unassigned ; 8       ; Write enable            ; no     ; --                   ; --               ; --                        ;
; dg_csr_top:u_dualguard|dg_tile_core:core|dg_tile_ram:banks[100].weight_bank|always0~0 ; Unassigned ; 8       ; Write enable            ; no     ; --                   ; --               ; --                        ;
; dg_csr_top:u_dualguard|dg_tile_core:core|dg_tile_ram:banks[101].weight_bank|always0~0 ; Unassigned ; 8       ; Write enable            ; no     ; --                   ; --               ; --                        ;
; dg_csr_top:u_dualguard|dg_tile_core:core|dg_tile_ram:banks[102].weight_bank|always0~0 ; Unassigned ; 8       ; Write enable            ; no     ; --                   ; --               ; --                        ;
; dg_csr_top:u_dualguard|dg_tile_core:core|dg_tile_ram:banks[103].weight_bank|always0~0 ; Unassigned ; 8       ; Write enable            ; no     ; --                   ; --               ; --                        ;
; dg_csr_top:u_dualguard|dg_tile_core:core|dg_tile_ram:banks[104].weight_bank|always0~0 ; Unassigned ; 8       ; Write enable            ; no     ; --                   ; --               ; --                        ;
; dg_csr_top:u_dualguard|dg_tile_core:core|dg_tile_ram:banks[105].weight_bank|always0~0 ; Unassigned ; 8       ; Write enable            ; no     ; --                   ; --               ; --                        ;
; dg_csr_top:u_dualguard|dg_tile_core:core|dg_tile_ram:banks[106].weight_bank|always0~0 ; Unassigned ; 8       ; Write enable            ; no     ; --                   ; --               ; --                        ;
; dg_csr_top:u_dualguard|dg_tile_core:core|dg_tile_ram:banks[107].weight_bank|always0~0 ; Unassigned ; 8       ; Write enable            ; no     ; --                   ; --               ; --                        ;
; dg_csr_top:u_dualguard|dg_tile_core:core|dg_tile_ram:banks[108].weight_bank|always0~0 ; Unassigned ; 8       ; Write enable            ; no     ; --                   ; --               ; --                        ;
; dg_csr_top:u_dualguard|dg_tile_core:core|dg_tile_ram:banks[109].weight_bank|always0~0 ; Unassigned ; 8       ; Write enable            ; no     ; --                   ; --               ; --                        ;
; dg_csr_top:u_dualguard|dg_tile_core:core|dg_tile_ram:banks[10].weight_bank|always0~1  ; Unassigned ; 8       ; Write enable            ; no     ; --                   ; --               ; --                        ;
; dg_csr_top:u_dualguard|dg_tile_core:core|dg_tile_ram:banks[110].weight_bank|always0~1 ; Unassigned ; 8       ; Write enable            ; no     ; --                   ; --               ; --                        ;
; dg_csr_top:u_dualguard|dg_tile_core:core|dg_tile_ram:banks[111].weight_bank|always0~1 ; Unassigned ; 8       ; Write enable            ; no     ; --                   ; --               ; --                        ;
; dg_csr_top:u_dualguard|dg_tile_core:core|dg_tile_ram:banks[112].weight_bank|always0~0 ; Unassigned ; 8       ; Write enable            ; no     ; --                   ; --               ; --                        ;
; dg_csr_top:u_dualguard|dg_tile_core:core|dg_tile_ram:banks[113].weight_bank|always0~0 ; Unassigned ; 8       ; Write enable            ; no     ; --                   ; --               ; --                        ;
; dg_csr_top:u_dualguard|dg_tile_core:core|dg_tile_ram:banks[114].weight_bank|always0~0 ; Unassigned ; 8       ; Write enable            ; no     ; --                   ; --               ; --                        ;
; dg_csr_top:u_dualguard|dg_tile_core:core|dg_tile_ram:banks[115].weight_bank|always0~0 ; Unassigned ; 8       ; Write enable            ; no     ; --                   ; --               ; --                        ;
; dg_csr_top:u_dualguard|dg_tile_core:core|dg_tile_ram:banks[116].weight_bank|always0~0 ; Unassigned ; 8       ; Write enable            ; no     ; --                   ; --               ; --                        ;
; dg_csr_top:u_dualguard|dg_tile_core:core|dg_tile_ram:banks[117].weight_bank|always0~0 ; Unassigned ; 8       ; Write enable            ; no     ; --                   ; --               ; --                        ;
; dg_csr_top:u_dualguard|dg_tile_core:core|dg_tile_ram:banks[118].weight_bank|always0~0 ; Unassigned ; 8       ; Write enable            ; no     ; --                   ; --               ; --                        ;
; dg_csr_top:u_dualguard|dg_tile_core:core|dg_tile_ram:banks[119].weight_bank|always0~2 ; Unassigned ; 8       ; Write enable            ; no     ; --                   ; --               ; --                        ;
; dg_csr_top:u_dualguard|dg_tile_core:core|dg_tile_ram:banks[11].weight_bank|always0~0  ; Unassigned ; 8       ; Write enable            ; no     ; --                   ; --               ; --                        ;
; dg_csr_top:u_dualguard|dg_tile_core:core|dg_tile_ram:banks[120].weight_bank|always0~0 ; Unassigned ; 8       ; Write enable            ; no     ; --                   ; --               ; --                        ;
; dg_csr_top:u_dualguard|dg_tile_core:core|dg_tile_ram:banks[121].weight_bank|always0~0 ; Unassigned ; 8       ; Write enable            ; no     ; --                   ; --               ; --                        ;
; dg_csr_top:u_dualguard|dg_tile_core:core|dg_tile_ram:banks[122].weight_bank|always0~0 ; Unassigned ; 8       ; Write enable            ; no     ; --                   ; --               ; --                        ;
; dg_csr_top:u_dualguard|dg_tile_core:core|dg_tile_ram:banks[123].weight_bank|always0~0 ; Unassigned ; 8       ; Write enable            ; no     ; --                   ; --               ; --                        ;
; dg_csr_top:u_dualguard|dg_tile_core:core|dg_tile_ram:banks[124].weight_bank|always0~0 ; Unassigned ; 8       ; Write enable            ; no     ; --                   ; --               ; --                        ;
; dg_csr_top:u_dualguard|dg_tile_core:core|dg_tile_ram:banks[125].weight_bank|always0~1 ; Unassigned ; 8       ; Write enable            ; no     ; --                   ; --               ; --                        ;
; dg_csr_top:u_dualguard|dg_tile_core:core|dg_tile_ram:banks[126].weight_bank|always0~1 ; Unassigned ; 8       ; Write enable            ; no     ; --                   ; --               ; --                        ;
; dg_csr_top:u_dualguard|dg_tile_core:core|dg_tile_ram:banks[127].weight_bank|always0~1 ; Unassigned ; 1032    ; Read enable             ; no     ; --                   ; --               ; --                        ;
; dg_csr_top:u_dualguard|dg_tile_core:core|dg_tile_ram:banks[127].weight_bank|always0~3 ; Unassigned ; 8       ; Write enable            ; no     ; --                   ; --               ; --                        ;
; dg_csr_top:u_dualguard|dg_tile_core:core|dg_tile_ram:banks[12].weight_bank|always0~0  ; Unassigned ; 8       ; Write enable            ; no     ; --                   ; --               ; --                        ;
; dg_csr_top:u_dualguard|dg_tile_core:core|dg_tile_ram:banks[13].weight_bank|always0~0  ; Unassigned ; 8       ; Write enable            ; no     ; --                   ; --               ; --                        ;
; dg_csr_top:u_dualguard|dg_tile_core:core|dg_tile_ram:banks[14].weight_bank|always0~0  ; Unassigned ; 8       ; Write enable            ; no     ; --                   ; --               ; --                        ;
; dg_csr_top:u_dualguard|dg_tile_core:core|dg_tile_ram:banks[15].weight_bank|always0~0  ; Unassigned ; 8       ; Write enable            ; no     ; --                   ; --               ; --                        ;
; dg_csr_top:u_dualguard|dg_tile_core:core|dg_tile_ram:banks[16].weight_bank|always0~0  ; Unassigned ; 8       ; Write enable            ; no     ; --                   ; --               ; --                        ;
; dg_csr_top:u_dualguard|dg_tile_core:core|dg_tile_ram:banks[17].weight_bank|always0~0  ; Unassigned ; 8       ; Write enable            ; no     ; --                   ; --               ; --                        ;
; dg_csr_top:u_dualguard|dg_tile_core:core|dg_tile_ram:banks[18].weight_bank|always0~0  ; Unassigned ; 8       ; Write enable            ; no     ; --                   ; --               ; --                        ;
; dg_csr_top:u_dualguard|dg_tile_core:core|dg_tile_ram:banks[19].weight_bank|always0~0  ; Unassigned ; 8       ; Write enable            ; no     ; --                   ; --               ; --                        ;
; dg_csr_top:u_dualguard|dg_tile_core:core|dg_tile_ram:banks[1].weight_bank|always0~1   ; Unassigned ; 8       ; Write enable            ; no     ; --                   ; --               ; --                        ;
; dg_csr_top:u_dualguard|dg_tile_core:core|dg_tile_ram:banks[20].weight_bank|always0~0  ; Unassigned ; 8       ; Write enable            ; no     ; --                   ; --               ; --                        ;
; dg_csr_top:u_dualguard|dg_tile_core:core|dg_tile_ram:banks[21].weight_bank|always0~0  ; Unassigned ; 8       ; Write enable            ; no     ; --                   ; --               ; --                        ;
; dg_csr_top:u_dualguard|dg_tile_core:core|dg_tile_ram:banks[22].weight_bank|always0~0  ; Unassigned ; 8       ; Write enable            ; no     ; --                   ; --               ; --                        ;
; dg_csr_top:u_dualguard|dg_tile_core:core|dg_tile_ram:banks[23].weight_bank|always0~1  ; Unassigned ; 8       ; Write enable            ; no     ; --                   ; --               ; --                        ;
; dg_csr_top:u_dualguard|dg_tile_core:core|dg_tile_ram:banks[24].weight_bank|always0~0  ; Unassigned ; 8       ; Write enable            ; no     ; --                   ; --               ; --                        ;
; dg_csr_top:u_dualguard|dg_tile_core:core|dg_tile_ram:banks[25].weight_bank|always0~0  ; Unassigned ; 8       ; Write enable            ; no     ; --                   ; --               ; --                        ;
; dg_csr_top:u_dualguard|dg_tile_core:core|dg_tile_ram:banks[26].weight_bank|always0~0  ; Unassigned ; 8       ; Write enable            ; no     ; --                   ; --               ; --                        ;
; dg_csr_top:u_dualguard|dg_tile_core:core|dg_tile_ram:banks[27].weight_bank|always0~0  ; Unassigned ; 8       ; Write enable            ; no     ; --                   ; --               ; --                        ;
; dg_csr_top:u_dualguard|dg_tile_core:core|dg_tile_ram:banks[28].weight_bank|always0~0  ; Unassigned ; 8       ; Write enable            ; no     ; --                   ; --               ; --                        ;
; dg_csr_top:u_dualguard|dg_tile_core:core|dg_tile_ram:banks[29].weight_bank|always0~0  ; Unassigned ; 8       ; Write enable            ; no     ; --                   ; --               ; --                        ;
; dg_csr_top:u_dualguard|dg_tile_core:core|dg_tile_ram:banks[2].weight_bank|always0~0   ; Unassigned ; 8       ; Write enable            ; no     ; --                   ; --               ; --                        ;
; dg_csr_top:u_dualguard|dg_tile_core:core|dg_tile_ram:banks[30].weight_bank|always0~1  ; Unassigned ; 8       ; Write enable            ; no     ; --                   ; --               ; --                        ;
; dg_csr_top:u_dualguard|dg_tile_core:core|dg_tile_ram:banks[31].weight_bank|always0~0  ; Unassigned ; 8       ; Write enable            ; no     ; --                   ; --               ; --                        ;
; dg_csr_top:u_dualguard|dg_tile_core:core|dg_tile_ram:banks[32].weight_bank|always0~0  ; Unassigned ; 8       ; Write enable            ; no     ; --                   ; --               ; --                        ;
; dg_csr_top:u_dualguard|dg_tile_core:core|dg_tile_ram:banks[33].weight_bank|always0~0  ; Unassigned ; 8       ; Write enable            ; no     ; --                   ; --               ; --                        ;
; dg_csr_top:u_dualguard|dg_tile_core:core|dg_tile_ram:banks[34].weight_bank|always0~0  ; Unassigned ; 8       ; Write enable            ; no     ; --                   ; --               ; --                        ;
; dg_csr_top:u_dualguard|dg_tile_core:core|dg_tile_ram:banks[35].weight_bank|always0~0  ; Unassigned ; 8       ; Write enable            ; no     ; --                   ; --               ; --                        ;
; dg_csr_top:u_dualguard|dg_tile_core:core|dg_tile_ram:banks[36].weight_bank|always0~0  ; Unassigned ; 8       ; Write enable            ; no     ; --                   ; --               ; --                        ;
; dg_csr_top:u_dualguard|dg_tile_core:core|dg_tile_ram:banks[37].weight_bank|always0~0  ; Unassigned ; 8       ; Write enable            ; no     ; --                   ; --               ; --                        ;
; dg_csr_top:u_dualguard|dg_tile_core:core|dg_tile_ram:banks[38].weight_bank|always0~0  ; Unassigned ; 8       ; Write enable            ; no     ; --                   ; --               ; --                        ;
; dg_csr_top:u_dualguard|dg_tile_core:core|dg_tile_ram:banks[39].weight_bank|always0~0  ; Unassigned ; 8       ; Write enable            ; no     ; --                   ; --               ; --                        ;
; dg_csr_top:u_dualguard|dg_tile_core:core|dg_tile_ram:banks[3].weight_bank|always0~0   ; Unassigned ; 8       ; Write enable            ; no     ; --                   ; --               ; --                        ;
; dg_csr_top:u_dualguard|dg_tile_core:core|dg_tile_ram:banks[40].weight_bank|always0~0  ; Unassigned ; 8       ; Write enable            ; no     ; --                   ; --               ; --                        ;
; dg_csr_top:u_dualguard|dg_tile_core:core|dg_tile_ram:banks[41].weight_bank|always0~0  ; Unassigned ; 8       ; Write enable            ; no     ; --                   ; --               ; --                        ;
; dg_csr_top:u_dualguard|dg_tile_core:core|dg_tile_ram:banks[42].weight_bank|always0~0  ; Unassigned ; 8       ; Write enable            ; no     ; --                   ; --               ; --                        ;
; dg_csr_top:u_dualguard|dg_tile_core:core|dg_tile_ram:banks[43].weight_bank|always0~0  ; Unassigned ; 8       ; Write enable            ; no     ; --                   ; --               ; --                        ;
; dg_csr_top:u_dualguard|dg_tile_core:core|dg_tile_ram:banks[44].weight_bank|always0~0  ; Unassigned ; 8       ; Write enable            ; no     ; --                   ; --               ; --                        ;
; dg_csr_top:u_dualguard|dg_tile_core:core|dg_tile_ram:banks[45].weight_bank|always0~0  ; Unassigned ; 8       ; Write enable            ; no     ; --                   ; --               ; --                        ;
; dg_csr_top:u_dualguard|dg_tile_core:core|dg_tile_ram:banks[46].weight_bank|always0~1  ; Unassigned ; 8       ; Write enable            ; no     ; --                   ; --               ; --                        ;
; dg_csr_top:u_dualguard|dg_tile_core:core|dg_tile_ram:banks[47].weight_bank|always0~1  ; Unassigned ; 8       ; Write enable            ; no     ; --                   ; --               ; --                        ;
; dg_csr_top:u_dualguard|dg_tile_core:core|dg_tile_ram:banks[48].weight_bank|always0~0  ; Unassigned ; 8       ; Write enable            ; no     ; --                   ; --               ; --                        ;
; dg_csr_top:u_dualguard|dg_tile_core:core|dg_tile_ram:banks[49].weight_bank|always0~0  ; Unassigned ; 8       ; Write enable            ; no     ; --                   ; --               ; --                        ;
; dg_csr_top:u_dualguard|dg_tile_core:core|dg_tile_ram:banks[4].weight_bank|always0~0   ; Unassigned ; 8       ; Write enable            ; no     ; --                   ; --               ; --                        ;
; dg_csr_top:u_dualguard|dg_tile_core:core|dg_tile_ram:banks[50].weight_bank|always0~0  ; Unassigned ; 8       ; Write enable            ; no     ; --                   ; --               ; --                        ;
; dg_csr_top:u_dualguard|dg_tile_core:core|dg_tile_ram:banks[51].weight_bank|always0~0  ; Unassigned ; 8       ; Write enable            ; no     ; --                   ; --               ; --                        ;
; dg_csr_top:u_dualguard|dg_tile_core:core|dg_tile_ram:banks[52].weight_bank|always0~0  ; Unassigned ; 8       ; Write enable            ; no     ; --                   ; --               ; --                        ;
; dg_csr_top:u_dualguard|dg_tile_core:core|dg_tile_ram:banks[53].weight_bank|always0~0  ; Unassigned ; 8       ; Write enable            ; no     ; --                   ; --               ; --                        ;
; dg_csr_top:u_dualguard|dg_tile_core:core|dg_tile_ram:banks[54].weight_bank|always0~0  ; Unassigned ; 8       ; Write enable            ; no     ; --                   ; --               ; --                        ;
; dg_csr_top:u_dualguard|dg_tile_core:core|dg_tile_ram:banks[55].weight_bank|always0~0  ; Unassigned ; 8       ; Write enable            ; no     ; --                   ; --               ; --                        ;
; dg_csr_top:u_dualguard|dg_tile_core:core|dg_tile_ram:banks[56].weight_bank|always0~0  ; Unassigned ; 8       ; Write enable            ; no     ; --                   ; --               ; --                        ;
; dg_csr_top:u_dualguard|dg_tile_core:core|dg_tile_ram:banks[57].weight_bank|always0~0  ; Unassigned ; 8       ; Write enable            ; no     ; --                   ; --               ; --                        ;
; dg_csr_top:u_dualguard|dg_tile_core:core|dg_tile_ram:banks[58].weight_bank|always0~0  ; Unassigned ; 8       ; Write enable            ; no     ; --                   ; --               ; --                        ;
; dg_csr_top:u_dualguard|dg_tile_core:core|dg_tile_ram:banks[59].weight_bank|always0~0  ; Unassigned ; 8       ; Write enable            ; no     ; --                   ; --               ; --                        ;
; dg_csr_top:u_dualguard|dg_tile_core:core|dg_tile_ram:banks[5].weight_bank|always0~0   ; Unassigned ; 8       ; Write enable            ; no     ; --                   ; --               ; --                        ;
; dg_csr_top:u_dualguard|dg_tile_core:core|dg_tile_ram:banks[60].weight_bank|always0~0  ; Unassigned ; 8       ; Write enable            ; no     ; --                   ; --               ; --                        ;
; dg_csr_top:u_dualguard|dg_tile_core:core|dg_tile_ram:banks[61].weight_bank|always0~0  ; Unassigned ; 8       ; Write enable            ; no     ; --                   ; --               ; --                        ;
; dg_csr_top:u_dualguard|dg_tile_core:core|dg_tile_ram:banks[62].weight_bank|always0~1  ; Unassigned ; 8       ; Write enable            ; no     ; --                   ; --               ; --                        ;
; dg_csr_top:u_dualguard|dg_tile_core:core|dg_tile_ram:banks[63].weight_bank|always0~1  ; Unassigned ; 8       ; Write enable            ; no     ; --                   ; --               ; --                        ;
; dg_csr_top:u_dualguard|dg_tile_core:core|dg_tile_ram:banks[64].weight_bank|always0~0  ; Unassigned ; 8       ; Write enable            ; no     ; --                   ; --               ; --                        ;
; dg_csr_top:u_dualguard|dg_tile_core:core|dg_tile_ram:banks[65].weight_bank|always0~0  ; Unassigned ; 8       ; Write enable            ; no     ; --                   ; --               ; --                        ;
; dg_csr_top:u_dualguard|dg_tile_core:core|dg_tile_ram:banks[66].weight_bank|always0~0  ; Unassigned ; 8       ; Write enable            ; no     ; --                   ; --               ; --                        ;
; dg_csr_top:u_dualguard|dg_tile_core:core|dg_tile_ram:banks[67].weight_bank|always0~0  ; Unassigned ; 8       ; Write enable            ; no     ; --                   ; --               ; --                        ;
; dg_csr_top:u_dualguard|dg_tile_core:core|dg_tile_ram:banks[68].weight_bank|always0~0  ; Unassigned ; 8       ; Write enable            ; no     ; --                   ; --               ; --                        ;
; dg_csr_top:u_dualguard|dg_tile_core:core|dg_tile_ram:banks[69].weight_bank|always0~0  ; Unassigned ; 8       ; Write enable            ; no     ; --                   ; --               ; --                        ;
; dg_csr_top:u_dualguard|dg_tile_core:core|dg_tile_ram:banks[6].weight_bank|always0~0   ; Unassigned ; 8       ; Write enable            ; no     ; --                   ; --               ; --                        ;
; dg_csr_top:u_dualguard|dg_tile_core:core|dg_tile_ram:banks[70].weight_bank|always0~0  ; Unassigned ; 8       ; Write enable            ; no     ; --                   ; --               ; --                        ;
; dg_csr_top:u_dualguard|dg_tile_core:core|dg_tile_ram:banks[71].weight_bank|always0~0  ; Unassigned ; 8       ; Write enable            ; no     ; --                   ; --               ; --                        ;
; dg_csr_top:u_dualguard|dg_tile_core:core|dg_tile_ram:banks[72].weight_bank|always0~0  ; Unassigned ; 8       ; Write enable            ; no     ; --                   ; --               ; --                        ;
; dg_csr_top:u_dualguard|dg_tile_core:core|dg_tile_ram:banks[73].weight_bank|always0~0  ; Unassigned ; 8       ; Write enable            ; no     ; --                   ; --               ; --                        ;
; dg_csr_top:u_dualguard|dg_tile_core:core|dg_tile_ram:banks[74].weight_bank|always0~0  ; Unassigned ; 8       ; Write enable            ; no     ; --                   ; --               ; --                        ;
; dg_csr_top:u_dualguard|dg_tile_core:core|dg_tile_ram:banks[75].weight_bank|always0~0  ; Unassigned ; 8       ; Write enable            ; no     ; --                   ; --               ; --                        ;
; dg_csr_top:u_dualguard|dg_tile_core:core|dg_tile_ram:banks[76].weight_bank|always0~0  ; Unassigned ; 8       ; Write enable            ; no     ; --                   ; --               ; --                        ;
; dg_csr_top:u_dualguard|dg_tile_core:core|dg_tile_ram:banks[77].weight_bank|always0~0  ; Unassigned ; 8       ; Write enable            ; no     ; --                   ; --               ; --                        ;
; dg_csr_top:u_dualguard|dg_tile_core:core|dg_tile_ram:banks[78].weight_bank|always0~1  ; Unassigned ; 8       ; Write enable            ; no     ; --                   ; --               ; --                        ;
; dg_csr_top:u_dualguard|dg_tile_core:core|dg_tile_ram:banks[79].weight_bank|always0~1  ; Unassigned ; 8       ; Write enable            ; no     ; --                   ; --               ; --                        ;
; dg_csr_top:u_dualguard|dg_tile_core:core|dg_tile_ram:banks[7].weight_bank|always0~1   ; Unassigned ; 8       ; Write enable            ; no     ; --                   ; --               ; --                        ;
; dg_csr_top:u_dualguard|dg_tile_core:core|dg_tile_ram:banks[80].weight_bank|always0~0  ; Unassigned ; 8       ; Write enable            ; no     ; --                   ; --               ; --                        ;
; dg_csr_top:u_dualguard|dg_tile_core:core|dg_tile_ram:banks[81].weight_bank|always0~0  ; Unassigned ; 8       ; Write enable            ; no     ; --                   ; --               ; --                        ;
; dg_csr_top:u_dualguard|dg_tile_core:core|dg_tile_ram:banks[82].weight_bank|always0~0  ; Unassigned ; 8       ; Write enable            ; no     ; --                   ; --               ; --                        ;
; dg_csr_top:u_dualguard|dg_tile_core:core|dg_tile_ram:banks[83].weight_bank|always0~0  ; Unassigned ; 8       ; Write enable            ; no     ; --                   ; --               ; --                        ;
; dg_csr_top:u_dualguard|dg_tile_core:core|dg_tile_ram:banks[84].weight_bank|always0~0  ; Unassigned ; 8       ; Write enable            ; no     ; --                   ; --               ; --                        ;
; dg_csr_top:u_dualguard|dg_tile_core:core|dg_tile_ram:banks[85].weight_bank|always0~0  ; Unassigned ; 8       ; Write enable            ; no     ; --                   ; --               ; --                        ;
; dg_csr_top:u_dualguard|dg_tile_core:core|dg_tile_ram:banks[86].weight_bank|always0~0  ; Unassigned ; 8       ; Write enable            ; no     ; --                   ; --               ; --                        ;
; dg_csr_top:u_dualguard|dg_tile_core:core|dg_tile_ram:banks[87].weight_bank|always0~1  ; Unassigned ; 8       ; Write enable            ; no     ; --                   ; --               ; --                        ;
; dg_csr_top:u_dualguard|dg_tile_core:core|dg_tile_ram:banks[88].weight_bank|always0~0  ; Unassigned ; 8       ; Write enable            ; no     ; --                   ; --               ; --                        ;
; dg_csr_top:u_dualguard|dg_tile_core:core|dg_tile_ram:banks[89].weight_bank|always0~0  ; Unassigned ; 8       ; Write enable            ; no     ; --                   ; --               ; --                        ;
; dg_csr_top:u_dualguard|dg_tile_core:core|dg_tile_ram:banks[8].weight_bank|always0~0   ; Unassigned ; 8       ; Write enable            ; no     ; --                   ; --               ; --                        ;
; dg_csr_top:u_dualguard|dg_tile_core:core|dg_tile_ram:banks[90].weight_bank|always0~0  ; Unassigned ; 8       ; Write enable            ; no     ; --                   ; --               ; --                        ;
; dg_csr_top:u_dualguard|dg_tile_core:core|dg_tile_ram:banks[91].weight_bank|always0~0  ; Unassigned ; 8       ; Write enable            ; no     ; --                   ; --               ; --                        ;
; dg_csr_top:u_dualguard|dg_tile_core:core|dg_tile_ram:banks[92].weight_bank|always0~0  ; Unassigned ; 8       ; Write enable            ; no     ; --                   ; --               ; --                        ;
; dg_csr_top:u_dualguard|dg_tile_core:core|dg_tile_ram:banks[93].weight_bank|always0~0  ; Unassigned ; 8       ; Write enable            ; no     ; --                   ; --               ; --                        ;
; dg_csr_top:u_dualguard|dg_tile_core:core|dg_tile_ram:banks[94].weight_bank|always0~0  ; Unassigned ; 8       ; Write enable            ; no     ; --                   ; --               ; --                        ;
; dg_csr_top:u_dualguard|dg_tile_core:core|dg_tile_ram:banks[95].weight_bank|always0~1  ; Unassigned ; 8       ; Write enable            ; no     ; --                   ; --               ; --                        ;
; dg_csr_top:u_dualguard|dg_tile_core:core|dg_tile_ram:banks[96].weight_bank|always0~1  ; Unassigned ; 8       ; Write enable            ; no     ; --                   ; --               ; --                        ;
; dg_csr_top:u_dualguard|dg_tile_core:core|dg_tile_ram:banks[97].weight_bank|always0~0  ; Unassigned ; 8       ; Write enable            ; no     ; --                   ; --               ; --                        ;
; dg_csr_top:u_dualguard|dg_tile_core:core|dg_tile_ram:banks[98].weight_bank|always0~0  ; Unassigned ; 8       ; Write enable            ; no     ; --                   ; --               ; --                        ;
; dg_csr_top:u_dualguard|dg_tile_core:core|dg_tile_ram:banks[99].weight_bank|always0~0  ; Unassigned ; 8       ; Write enable            ; no     ; --                   ; --               ; --                        ;
; dg_csr_top:u_dualguard|dg_tile_core:core|dg_tile_ram:banks[9].weight_bank|always0~0   ; Unassigned ; 8       ; Write enable            ; no     ; --                   ; --               ; --                        ;
; dg_csr_top:u_dualguard|dg_tile_core:core|dg_tile_ram:input_bank|always0~4             ; Unassigned ; 8       ; Write enable            ; no     ; --                   ; --               ; --                        ;
; dg_csr_top:u_dualguard|dg_tile_core:core|k[4]~0                                       ; Unassigned ; 16      ; Sync. clear             ; no     ; --                   ; --               ; --                        ;
; dg_csr_top:u_dualguard|dg_tile_core:core|k[4]~1                                       ; Unassigned ; 16      ; Clock enable            ; no     ; --                   ; --               ; --                        ;
; dg_csr_top:u_dualguard|dg_tile_core:core|lane[0]~0                                    ; Unassigned ; 16      ; Clock enable            ; no     ; --                   ; --               ; --                        ;
; dg_csr_top:u_dualguard|dg_tile_core:core|multipliers[0][25]~209                       ; Unassigned ; 31      ; Clock enable            ; no     ; --                   ; --               ; --                        ;
; dg_csr_top:u_dualguard|dg_tile_core:core|multipliers[100][24]~147                     ; Unassigned ; 31      ; Clock enable            ; no     ; --                   ; --               ; --                        ;
; dg_csr_top:u_dualguard|dg_tile_core:core|multipliers[101][27]~151                     ; Unassigned ; 31      ; Clock enable            ; no     ; --                   ; --               ; --                        ;
; dg_csr_top:u_dualguard|dg_tile_core:core|multipliers[102][8]~155                      ; Unassigned ; 31      ; Clock enable            ; no     ; --                   ; --               ; --                        ;
; dg_csr_top:u_dualguard|dg_tile_core:core|multipliers[103][24]~159                     ; Unassigned ; 31      ; Clock enable            ; no     ; --                   ; --               ; --                        ;
; dg_csr_top:u_dualguard|dg_tile_core:core|multipliers[104][8]~163                      ; Unassigned ; 31      ; Clock enable            ; no     ; --                   ; --               ; --                        ;
; dg_csr_top:u_dualguard|dg_tile_core:core|multipliers[105][24]~167                     ; Unassigned ; 31      ; Clock enable            ; no     ; --                   ; --               ; --                        ;
; dg_csr_top:u_dualguard|dg_tile_core:core|multipliers[106][25]~171                     ; Unassigned ; 31      ; Clock enable            ; no     ; --                   ; --               ; --                        ;
; dg_csr_top:u_dualguard|dg_tile_core:core|multipliers[107][25]~175                     ; Unassigned ; 31      ; Clock enable            ; no     ; --                   ; --               ; --                        ;
; dg_csr_top:u_dualguard|dg_tile_core:core|multipliers[108][24]~179                     ; Unassigned ; 31      ; Clock enable            ; no     ; --                   ; --               ; --                        ;
; dg_csr_top:u_dualguard|dg_tile_core:core|multipliers[109][24]~183                     ; Unassigned ; 31      ; Clock enable            ; no     ; --                   ; --               ; --                        ;
; dg_csr_top:u_dualguard|dg_tile_core:core|multipliers[10][20]~219                      ; Unassigned ; 31      ; Clock enable            ; no     ; --                   ; --               ; --                        ;
; dg_csr_top:u_dualguard|dg_tile_core:core|multipliers[110][26]~187                     ; Unassigned ; 31      ; Clock enable            ; no     ; --                   ; --               ; --                        ;
; dg_csr_top:u_dualguard|dg_tile_core:core|multipliers[111][24]~191                     ; Unassigned ; 31      ; Clock enable            ; no     ; --                   ; --               ; --                        ;
; dg_csr_top:u_dualguard|dg_tile_core:core|multipliers[112][4]~132                      ; Unassigned ; 31      ; Clock enable            ; no     ; --                   ; --               ; --                        ;
; dg_csr_top:u_dualguard|dg_tile_core:core|multipliers[113][25]~136                     ; Unassigned ; 31      ; Clock enable            ; no     ; --                   ; --               ; --                        ;
; dg_csr_top:u_dualguard|dg_tile_core:core|multipliers[114][25]~140                     ; Unassigned ; 31      ; Clock enable            ; no     ; --                   ; --               ; --                        ;
; dg_csr_top:u_dualguard|dg_tile_core:core|multipliers[115][25]~144                     ; Unassigned ; 31      ; Clock enable            ; no     ; --                   ; --               ; --                        ;
; dg_csr_top:u_dualguard|dg_tile_core:core|multipliers[116][20]~148                     ; Unassigned ; 31      ; Clock enable            ; no     ; --                   ; --               ; --                        ;
; dg_csr_top:u_dualguard|dg_tile_core:core|multipliers[117][24]~152                     ; Unassigned ; 31      ; Clock enable            ; no     ; --                   ; --               ; --                        ;
; dg_csr_top:u_dualguard|dg_tile_core:core|multipliers[118][28]~156                     ; Unassigned ; 31      ; Clock enable            ; no     ; --                   ; --               ; --                        ;
; dg_csr_top:u_dualguard|dg_tile_core:core|multipliers[119][8]~160                      ; Unassigned ; 31      ; Clock enable            ; no     ; --                   ; --               ; --                        ;
; dg_csr_top:u_dualguard|dg_tile_core:core|multipliers[11][24]~220                      ; Unassigned ; 31      ; Clock enable            ; no     ; --                   ; --               ; --                        ;
; dg_csr_top:u_dualguard|dg_tile_core:core|multipliers[120][24]~164                     ; Unassigned ; 31      ; Clock enable            ; no     ; --                   ; --               ; --                        ;
; dg_csr_top:u_dualguard|dg_tile_core:core|multipliers[121][8]~168                      ; Unassigned ; 31      ; Clock enable            ; no     ; --                   ; --               ; --                        ;
; dg_csr_top:u_dualguard|dg_tile_core:core|multipliers[122][24]~172                     ; Unassigned ; 31      ; Clock enable            ; no     ; --                   ; --               ; --                        ;
; dg_csr_top:u_dualguard|dg_tile_core:core|multipliers[123][25]~176                     ; Unassigned ; 31      ; Clock enable            ; no     ; --                   ; --               ; --                        ;
; dg_csr_top:u_dualguard|dg_tile_core:core|multipliers[124][25]~180                     ; Unassigned ; 31      ; Clock enable            ; no     ; --                   ; --               ; --                        ;
; dg_csr_top:u_dualguard|dg_tile_core:core|multipliers[125][24]~184                     ; Unassigned ; 31      ; Clock enable            ; no     ; --                   ; --               ; --                        ;
; dg_csr_top:u_dualguard|dg_tile_core:core|multipliers[126][24]~188                     ; Unassigned ; 31      ; Clock enable            ; no     ; --                   ; --               ; --                        ;
; dg_csr_top:u_dualguard|dg_tile_core:core|multipliers[127][5]~192                      ; Unassigned ; 31      ; Clock enable            ; no     ; --                   ; --               ; --                        ;
; dg_csr_top:u_dualguard|dg_tile_core:core|multipliers[12][30]~221                      ; Unassigned ; 31      ; Clock enable            ; no     ; --                   ; --               ; --                        ;
; dg_csr_top:u_dualguard|dg_tile_core:core|multipliers[13][8]~222                       ; Unassigned ; 31      ; Clock enable            ; no     ; --                   ; --               ; --                        ;
; dg_csr_top:u_dualguard|dg_tile_core:core|multipliers[14][24]~223                      ; Unassigned ; 31      ; Clock enable            ; no     ; --                   ; --               ; --                        ;
; dg_csr_top:u_dualguard|dg_tile_core:core|multipliers[15][8]~224                       ; Unassigned ; 31      ; Clock enable            ; no     ; --                   ; --               ; --                        ;
; dg_csr_top:u_dualguard|dg_tile_core:core|multipliers[16][24]~241                      ; Unassigned ; 31      ; Clock enable            ; no     ; --                   ; --               ; --                        ;
; dg_csr_top:u_dualguard|dg_tile_core:core|multipliers[17][25]~242                      ; Unassigned ; 31      ; Clock enable            ; no     ; --                   ; --               ; --                        ;
; dg_csr_top:u_dualguard|dg_tile_core:core|multipliers[18][25]~243                      ; Unassigned ; 31      ; Clock enable            ; no     ; --                   ; --               ; --                        ;
; dg_csr_top:u_dualguard|dg_tile_core:core|multipliers[19][24]~244                      ; Unassigned ; 31      ; Clock enable            ; no     ; --                   ; --               ; --                        ;
; dg_csr_top:u_dualguard|dg_tile_core:core|multipliers[1][25]~210                       ; Unassigned ; 31      ; Clock enable            ; no     ; --                   ; --               ; --                        ;
; dg_csr_top:u_dualguard|dg_tile_core:core|multipliers[20][24]~245                      ; Unassigned ; 31      ; Clock enable            ; no     ; --                   ; --               ; --                        ;
; dg_csr_top:u_dualguard|dg_tile_core:core|multipliers[21][26]~246                      ; Unassigned ; 31      ; Clock enable            ; no     ; --                   ; --               ; --                        ;
; dg_csr_top:u_dualguard|dg_tile_core:core|multipliers[22][8]~247                       ; Unassigned ; 31      ; Clock enable            ; no     ; --                   ; --               ; --                        ;
; dg_csr_top:u_dualguard|dg_tile_core:core|multipliers[23][24]~248                      ; Unassigned ; 31      ; Clock enable            ; no     ; --                   ; --               ; --                        ;
; dg_csr_top:u_dualguard|dg_tile_core:core|multipliers[24][8]~249                       ; Unassigned ; 31      ; Clock enable            ; no     ; --                   ; --               ; --                        ;
; dg_csr_top:u_dualguard|dg_tile_core:core|multipliers[25][24]~250                      ; Unassigned ; 31      ; Clock enable            ; no     ; --                   ; --               ; --                        ;
; dg_csr_top:u_dualguard|dg_tile_core:core|multipliers[26][25]~251                      ; Unassigned ; 31      ; Clock enable            ; no     ; --                   ; --               ; --                        ;
; dg_csr_top:u_dualguard|dg_tile_core:core|multipliers[27][24]~252                      ; Unassigned ; 31      ; Clock enable            ; no     ; --                   ; --               ; --                        ;
; dg_csr_top:u_dualguard|dg_tile_core:core|multipliers[28][24]~253                      ; Unassigned ; 31      ; Clock enable            ; no     ; --                   ; --               ; --                        ;
; dg_csr_top:u_dualguard|dg_tile_core:core|multipliers[29][24]~254                      ; Unassigned ; 31      ; Clock enable            ; no     ; --                   ; --               ; --                        ;
; dg_csr_top:u_dualguard|dg_tile_core:core|multipliers[2][24]~211                       ; Unassigned ; 31      ; Clock enable            ; no     ; --                   ; --               ; --                        ;
; dg_csr_top:u_dualguard|dg_tile_core:core|multipliers[30][27]~255                      ; Unassigned ; 31      ; Clock enable            ; no     ; --                   ; --               ; --                        ;
; dg_csr_top:u_dualguard|dg_tile_core:core|multipliers[31][8]~256                       ; Unassigned ; 31      ; Clock enable            ; no     ; --                   ; --               ; --                        ;
; dg_csr_top:u_dualguard|dg_tile_core:core|multipliers[32][24]~193                      ; Unassigned ; 31      ; Clock enable            ; no     ; --                   ; --               ; --                        ;
; dg_csr_top:u_dualguard|dg_tile_core:core|multipliers[33][8]~197                       ; Unassigned ; 31      ; Clock enable            ; no     ; --                   ; --               ; --                        ;
; dg_csr_top:u_dualguard|dg_tile_core:core|multipliers[34][24]~201                      ; Unassigned ; 31      ; Clock enable            ; no     ; --                   ; --               ; --                        ;
; dg_csr_top:u_dualguard|dg_tile_core:core|multipliers[35][25]~205                      ; Unassigned ; 31      ; Clock enable            ; no     ; --                   ; --               ; --                        ;
; dg_csr_top:u_dualguard|dg_tile_core:core|multipliers[36][25]~194                      ; Unassigned ; 31      ; Clock enable            ; no     ; --                   ; --               ; --                        ;
; dg_csr_top:u_dualguard|dg_tile_core:core|multipliers[37][24]~198                      ; Unassigned ; 31      ; Clock enable            ; no     ; --                   ; --               ; --                        ;
; dg_csr_top:u_dualguard|dg_tile_core:core|multipliers[38][25]~202                      ; Unassigned ; 31      ; Clock enable            ; no     ; --                   ; --               ; --                        ;
; dg_csr_top:u_dualguard|dg_tile_core:core|multipliers[39][26]~206                      ; Unassigned ; 31      ; Clock enable            ; no     ; --                   ; --               ; --                        ;
; dg_csr_top:u_dualguard|dg_tile_core:core|multipliers[3][24]~212                       ; Unassigned ; 31      ; Clock enable            ; no     ; --                   ; --               ; --                        ;
; dg_csr_top:u_dualguard|dg_tile_core:core|multipliers[40][8]~195                       ; Unassigned ; 31      ; Clock enable            ; no     ; --                   ; --               ; --                        ;
; dg_csr_top:u_dualguard|dg_tile_core:core|multipliers[41][24]~199                      ; Unassigned ; 31      ; Clock enable            ; no     ; --                   ; --               ; --                        ;
; dg_csr_top:u_dualguard|dg_tile_core:core|multipliers[42][8]~203                       ; Unassigned ; 31      ; Clock enable            ; no     ; --                   ; --               ; --                        ;
; dg_csr_top:u_dualguard|dg_tile_core:core|multipliers[43][24]~207                      ; Unassigned ; 31      ; Clock enable            ; no     ; --                   ; --               ; --                        ;
; dg_csr_top:u_dualguard|dg_tile_core:core|multipliers[44][25]~196                      ; Unassigned ; 31      ; Clock enable            ; no     ; --                   ; --               ; --                        ;
; dg_csr_top:u_dualguard|dg_tile_core:core|multipliers[45][24]~200                      ; Unassigned ; 31      ; Clock enable            ; no     ; --                   ; --               ; --                        ;
; dg_csr_top:u_dualguard|dg_tile_core:core|multipliers[46][24]~204                      ; Unassigned ; 31      ; Clock enable            ; no     ; --                   ; --               ; --                        ;
; dg_csr_top:u_dualguard|dg_tile_core:core|multipliers[47][24]~208                      ; Unassigned ; 31      ; Clock enable            ; no     ; --                   ; --               ; --                        ;
; dg_csr_top:u_dualguard|dg_tile_core:core|multipliers[48][28]~225                      ; Unassigned ; 31      ; Clock enable            ; no     ; --                   ; --               ; --                        ;
; dg_csr_top:u_dualguard|dg_tile_core:core|multipliers[49][8]~229                       ; Unassigned ; 31      ; Clock enable            ; no     ; --                   ; --               ; --                        ;
; dg_csr_top:u_dualguard|dg_tile_core:core|multipliers[4][26]~213                       ; Unassigned ; 31      ; Clock enable            ; no     ; --                   ; --               ; --                        ;
; dg_csr_top:u_dualguard|dg_tile_core:core|multipliers[50][24]~233                      ; Unassigned ; 31      ; Clock enable            ; no     ; --                   ; --               ; --                        ;
; dg_csr_top:u_dualguard|dg_tile_core:core|multipliers[51][8]~237                       ; Unassigned ; 31      ; Clock enable            ; no     ; --                   ; --               ; --                        ;
; dg_csr_top:u_dualguard|dg_tile_core:core|multipliers[52][24]~226                      ; Unassigned ; 31      ; Clock enable            ; no     ; --                   ; --               ; --                        ;
; dg_csr_top:u_dualguard|dg_tile_core:core|multipliers[53][25]~230                      ; Unassigned ; 31      ; Clock enable            ; no     ; --                   ; --               ; --                        ;
; dg_csr_top:u_dualguard|dg_tile_core:core|multipliers[54][25]~234                      ; Unassigned ; 31      ; Clock enable            ; no     ; --                   ; --               ; --                        ;
; dg_csr_top:u_dualguard|dg_tile_core:core|multipliers[55][24]~238                      ; Unassigned ; 31      ; Clock enable            ; no     ; --                   ; --               ; --                        ;
; dg_csr_top:u_dualguard|dg_tile_core:core|multipliers[56][24]~227                      ; Unassigned ; 31      ; Clock enable            ; no     ; --                   ; --               ; --                        ;
; dg_csr_top:u_dualguard|dg_tile_core:core|multipliers[57][26]~231                      ; Unassigned ; 31      ; Clock enable            ; no     ; --                   ; --               ; --                        ;
; dg_csr_top:u_dualguard|dg_tile_core:core|multipliers[58][8]~235                       ; Unassigned ; 31      ; Clock enable            ; no     ; --                   ; --               ; --                        ;
; dg_csr_top:u_dualguard|dg_tile_core:core|multipliers[59][24]~239                      ; Unassigned ; 31      ; Clock enable            ; no     ; --                   ; --               ; --                        ;
; dg_csr_top:u_dualguard|dg_tile_core:core|multipliers[5][24]~214                       ; Unassigned ; 31      ; Clock enable            ; no     ; --                   ; --               ; --                        ;
; dg_csr_top:u_dualguard|dg_tile_core:core|multipliers[60][8]~228                       ; Unassigned ; 31      ; Clock enable            ; no     ; --                   ; --               ; --                        ;
; dg_csr_top:u_dualguard|dg_tile_core:core|multipliers[61][24]~232                      ; Unassigned ; 31      ; Clock enable            ; no     ; --                   ; --               ; --                        ;
; dg_csr_top:u_dualguard|dg_tile_core:core|multipliers[62][25]~236                      ; Unassigned ; 31      ; Clock enable            ; no     ; --                   ; --               ; --                        ;
; dg_csr_top:u_dualguard|dg_tile_core:core|multipliers[63][24]~240                      ; Unassigned ; 31      ; Clock enable            ; no     ; --                   ; --               ; --                        ;
; dg_csr_top:u_dualguard|dg_tile_core:core|multipliers[64][24]~129                      ; Unassigned ; 31      ; Clock enable            ; no     ; --                   ; --               ; --                        ;
; dg_csr_top:u_dualguard|dg_tile_core:core|multipliers[65][24]~133                      ; Unassigned ; 31      ; Clock enable            ; no     ; --                   ; --               ; --                        ;
; dg_csr_top:u_dualguard|dg_tile_core:core|multipliers[66][27]~137                      ; Unassigned ; 31      ; Clock enable            ; no     ; --                   ; --               ; --                        ;
; dg_csr_top:u_dualguard|dg_tile_core:core|multipliers[67][8]~141                       ; Unassigned ; 31      ; Clock enable            ; no     ; --                   ; --               ; --                        ;
; dg_csr_top:u_dualguard|dg_tile_core:core|multipliers[68][24]~145                      ; Unassigned ; 31      ; Clock enable            ; no     ; --                   ; --               ; --                        ;
; dg_csr_top:u_dualguard|dg_tile_core:core|multipliers[69][8]~149                       ; Unassigned ; 31      ; Clock enable            ; no     ; --                   ; --               ; --                        ;
; dg_csr_top:u_dualguard|dg_tile_core:core|multipliers[6][4]~215                        ; Unassigned ; 31      ; Clock enable            ; no     ; --                   ; --               ; --                        ;
; dg_csr_top:u_dualguard|dg_tile_core:core|multipliers[70][24]~153                      ; Unassigned ; 31      ; Clock enable            ; no     ; --                   ; --               ; --                        ;
; dg_csr_top:u_dualguard|dg_tile_core:core|multipliers[71][25]~157                      ; Unassigned ; 31      ; Clock enable            ; no     ; --                   ; --               ; --                        ;
; dg_csr_top:u_dualguard|dg_tile_core:core|multipliers[72][25]~161                      ; Unassigned ; 31      ; Clock enable            ; no     ; --                   ; --               ; --                        ;
; dg_csr_top:u_dualguard|dg_tile_core:core|multipliers[73][24]~165                      ; Unassigned ; 31      ; Clock enable            ; no     ; --                   ; --               ; --                        ;
; dg_csr_top:u_dualguard|dg_tile_core:core|multipliers[74][24]~169                      ; Unassigned ; 31      ; Clock enable            ; no     ; --                   ; --               ; --                        ;
; dg_csr_top:u_dualguard|dg_tile_core:core|multipliers[75][26]~173                      ; Unassigned ; 31      ; Clock enable            ; no     ; --                   ; --               ; --                        ;
; dg_csr_top:u_dualguard|dg_tile_core:core|multipliers[76][24]~177                      ; Unassigned ; 31      ; Clock enable            ; no     ; --                   ; --               ; --                        ;
; dg_csr_top:u_dualguard|dg_tile_core:core|multipliers[77][4]~181                       ; Unassigned ; 31      ; Clock enable            ; no     ; --                   ; --               ; --                        ;
; dg_csr_top:u_dualguard|dg_tile_core:core|multipliers[78][25]~185                      ; Unassigned ; 31      ; Clock enable            ; no     ; --                   ; --               ; --                        ;
; dg_csr_top:u_dualguard|dg_tile_core:core|multipliers[79][25]~189                      ; Unassigned ; 31      ; Clock enable            ; no     ; --                   ; --               ; --                        ;
; dg_csr_top:u_dualguard|dg_tile_core:core|multipliers[7][25]~216                       ; Unassigned ; 31      ; Clock enable            ; no     ; --                   ; --               ; --                        ;
; dg_csr_top:u_dualguard|dg_tile_core:core|multipliers[80][25]~130                      ; Unassigned ; 31      ; Clock enable            ; no     ; --                   ; --               ; --                        ;
; dg_csr_top:u_dualguard|dg_tile_core:core|multipliers[81][20]~134                      ; Unassigned ; 31      ; Clock enable            ; no     ; --                   ; --               ; --                        ;
; dg_csr_top:u_dualguard|dg_tile_core:core|multipliers[82][24]~138                      ; Unassigned ; 31      ; Clock enable            ; no     ; --                   ; --               ; --                        ;
; dg_csr_top:u_dualguard|dg_tile_core:core|multipliers[83][29]~142                      ; Unassigned ; 31      ; Clock enable            ; no     ; --                   ; --               ; --                        ;
; dg_csr_top:u_dualguard|dg_tile_core:core|multipliers[84][8]~146                       ; Unassigned ; 31      ; Clock enable            ; no     ; --                   ; --               ; --                        ;
; dg_csr_top:u_dualguard|dg_tile_core:core|multipliers[85][24]~150                      ; Unassigned ; 31      ; Clock enable            ; no     ; --                   ; --               ; --                        ;
; dg_csr_top:u_dualguard|dg_tile_core:core|multipliers[86][8]~154                       ; Unassigned ; 31      ; Clock enable            ; no     ; --                   ; --               ; --                        ;
; dg_csr_top:u_dualguard|dg_tile_core:core|multipliers[87][24]~158                      ; Unassigned ; 31      ; Clock enable            ; no     ; --                   ; --               ; --                        ;
; dg_csr_top:u_dualguard|dg_tile_core:core|multipliers[88][25]~162                      ; Unassigned ; 31      ; Clock enable            ; no     ; --                   ; --               ; --                        ;
; dg_csr_top:u_dualguard|dg_tile_core:core|multipliers[89][25]~166                      ; Unassigned ; 31      ; Clock enable            ; no     ; --                   ; --               ; --                        ;
; dg_csr_top:u_dualguard|dg_tile_core:core|multipliers[8][25]~217                       ; Unassigned ; 31      ; Clock enable            ; no     ; --                   ; --               ; --                        ;
; dg_csr_top:u_dualguard|dg_tile_core:core|multipliers[90][24]~170                      ; Unassigned ; 31      ; Clock enable            ; no     ; --                   ; --               ; --                        ;
; dg_csr_top:u_dualguard|dg_tile_core:core|multipliers[91][24]~174                      ; Unassigned ; 31      ; Clock enable            ; no     ; --                   ; --               ; --                        ;
; dg_csr_top:u_dualguard|dg_tile_core:core|multipliers[92][26]~178                      ; Unassigned ; 31      ; Clock enable            ; no     ; --                   ; --               ; --                        ;
; dg_csr_top:u_dualguard|dg_tile_core:core|multipliers[93][8]~182                       ; Unassigned ; 31      ; Clock enable            ; no     ; --                   ; --               ; --                        ;
; dg_csr_top:u_dualguard|dg_tile_core:core|multipliers[94][24]~186                      ; Unassigned ; 31      ; Clock enable            ; no     ; --                   ; --               ; --                        ;
; dg_csr_top:u_dualguard|dg_tile_core:core|multipliers[95][8]~190                       ; Unassigned ; 31      ; Clock enable            ; no     ; --                   ; --               ; --                        ;
; dg_csr_top:u_dualguard|dg_tile_core:core|multipliers[96][24]~131                      ; Unassigned ; 31      ; Clock enable            ; no     ; --                   ; --               ; --                        ;
; dg_csr_top:u_dualguard|dg_tile_core:core|multipliers[97][25]~135                      ; Unassigned ; 31      ; Clock enable            ; no     ; --                   ; --               ; --                        ;
; dg_csr_top:u_dualguard|dg_tile_core:core|multipliers[98][24]~139                      ; Unassigned ; 31      ; Clock enable            ; no     ; --                   ; --               ; --                        ;
; dg_csr_top:u_dualguard|dg_tile_core:core|multipliers[99][24]~143                      ; Unassigned ; 31      ; Clock enable            ; no     ; --                   ; --               ; --                        ;
; dg_csr_top:u_dualguard|dg_tile_core:core|multipliers[9][25]~218                       ; Unassigned ; 31      ; Clock enable            ; no     ; --                   ; --               ; --                        ;
; dg_csr_top:u_dualguard|dg_tile_core:core|shifts[0][5]~80                              ; Unassigned ; 6       ; Clock enable            ; no     ; --                   ; --               ; --                        ;
; dg_csr_top:u_dualguard|dg_tile_core:core|shifts[100][5]~22                            ; Unassigned ; 6       ; Clock enable            ; no     ; --                   ; --               ; --                        ;
; dg_csr_top:u_dualguard|dg_tile_core:core|shifts[101][5]~38                            ; Unassigned ; 6       ; Clock enable            ; no     ; --                   ; --               ; --                        ;
; dg_csr_top:u_dualguard|dg_tile_core:core|shifts[102][5]~54                            ; Unassigned ; 6       ; Clock enable            ; no     ; --                   ; --               ; --                        ;
; dg_csr_top:u_dualguard|dg_tile_core:core|shifts[103][5]~70                            ; Unassigned ; 6       ; Clock enable            ; no     ; --                   ; --               ; --                        ;
; dg_csr_top:u_dualguard|dg_tile_core:core|shifts[104][4]~26                            ; Unassigned ; 6       ; Clock enable            ; no     ; --                   ; --               ; --                        ;
; dg_csr_top:u_dualguard|dg_tile_core:core|shifts[105][5]~42                            ; Unassigned ; 6       ; Clock enable            ; no     ; --                   ; --               ; --                        ;
; dg_csr_top:u_dualguard|dg_tile_core:core|shifts[106][4]~58                            ; Unassigned ; 6       ; Clock enable            ; no     ; --                   ; --               ; --                        ;
; dg_csr_top:u_dualguard|dg_tile_core:core|shifts[107][1]~74                            ; Unassigned ; 6       ; Clock enable            ; no     ; --                   ; --               ; --                        ;
; dg_csr_top:u_dualguard|dg_tile_core:core|shifts[108][5]~30                            ; Unassigned ; 6       ; Clock enable            ; no     ; --                   ; --               ; --                        ;
; dg_csr_top:u_dualguard|dg_tile_core:core|shifts[109][5]~46                            ; Unassigned ; 6       ; Clock enable            ; no     ; --                   ; --               ; --                        ;
; dg_csr_top:u_dualguard|dg_tile_core:core|shifts[10][5]~90                             ; Unassigned ; 6       ; Clock enable            ; no     ; --                   ; --               ; --                        ;
; dg_csr_top:u_dualguard|dg_tile_core:core|shifts[110][5]~62                            ; Unassigned ; 6       ; Clock enable            ; no     ; --                   ; --               ; --                        ;
; dg_csr_top:u_dualguard|dg_tile_core:core|shifts[111][5]~78                            ; Unassigned ; 6       ; Clock enable            ; no     ; --                   ; --               ; --                        ;
; dg_csr_top:u_dualguard|dg_tile_core:core|shifts[112][5]~19                            ; Unassigned ; 6       ; Clock enable            ; no     ; --                   ; --               ; --                        ;
; dg_csr_top:u_dualguard|dg_tile_core:core|shifts[113][5]~35                            ; Unassigned ; 6       ; Clock enable            ; no     ; --                   ; --               ; --                        ;
; dg_csr_top:u_dualguard|dg_tile_core:core|shifts[114][5]~51                            ; Unassigned ; 6       ; Clock enable            ; no     ; --                   ; --               ; --                        ;
; dg_csr_top:u_dualguard|dg_tile_core:core|shifts[115][5]~67                            ; Unassigned ; 6       ; Clock enable            ; no     ; --                   ; --               ; --                        ;
; dg_csr_top:u_dualguard|dg_tile_core:core|shifts[116][5]~23                            ; Unassigned ; 6       ; Clock enable            ; no     ; --                   ; --               ; --                        ;
; dg_csr_top:u_dualguard|dg_tile_core:core|shifts[117][3]~39                            ; Unassigned ; 6       ; Clock enable            ; no     ; --                   ; --               ; --                        ;
; dg_csr_top:u_dualguard|dg_tile_core:core|shifts[118][1]~55                            ; Unassigned ; 6       ; Clock enable            ; no     ; --                   ; --               ; --                        ;
; dg_csr_top:u_dualguard|dg_tile_core:core|shifts[119][5]~71                            ; Unassigned ; 6       ; Clock enable            ; no     ; --                   ; --               ; --                        ;
; dg_csr_top:u_dualguard|dg_tile_core:core|shifts[11][5]~91                             ; Unassigned ; 6       ; Clock enable            ; no     ; --                   ; --               ; --                        ;
; dg_csr_top:u_dualguard|dg_tile_core:core|shifts[120][5]~27                            ; Unassigned ; 6       ; Clock enable            ; no     ; --                   ; --               ; --                        ;
; dg_csr_top:u_dualguard|dg_tile_core:core|shifts[121][5]~43                            ; Unassigned ; 6       ; Clock enable            ; no     ; --                   ; --               ; --                        ;
; dg_csr_top:u_dualguard|dg_tile_core:core|shifts[122][5]~59                            ; Unassigned ; 6       ; Clock enable            ; no     ; --                   ; --               ; --                        ;
; dg_csr_top:u_dualguard|dg_tile_core:core|shifts[123][5]~75                            ; Unassigned ; 6       ; Clock enable            ; no     ; --                   ; --               ; --                        ;
; dg_csr_top:u_dualguard|dg_tile_core:core|shifts[124][5]~31                            ; Unassigned ; 6       ; Clock enable            ; no     ; --                   ; --               ; --                        ;
; dg_csr_top:u_dualguard|dg_tile_core:core|shifts[125][5]~47                            ; Unassigned ; 6       ; Clock enable            ; no     ; --                   ; --               ; --                        ;
; dg_csr_top:u_dualguard|dg_tile_core:core|shifts[126][0]~63                            ; Unassigned ; 6       ; Clock enable            ; no     ; --                   ; --               ; --                        ;
; dg_csr_top:u_dualguard|dg_tile_core:core|shifts[127][5]~79                            ; Unassigned ; 6       ; Clock enable            ; no     ; --                   ; --               ; --                        ;
; dg_csr_top:u_dualguard|dg_tile_core:core|shifts[12][5]~92                             ; Unassigned ; 6       ; Clock enable            ; no     ; --                   ; --               ; --                        ;
; dg_csr_top:u_dualguard|dg_tile_core:core|shifts[13][0]~93                             ; Unassigned ; 6       ; Clock enable            ; no     ; --                   ; --               ; --                        ;
; dg_csr_top:u_dualguard|dg_tile_core:core|shifts[14][0]~94                             ; Unassigned ; 6       ; Clock enable            ; no     ; --                   ; --               ; --                        ;
; dg_csr_top:u_dualguard|dg_tile_core:core|shifts[15][5]~95                             ; Unassigned ; 6       ; Clock enable            ; no     ; --                   ; --               ; --                        ;
; dg_csr_top:u_dualguard|dg_tile_core:core|shifts[16][4]~112                            ; Unassigned ; 6       ; Clock enable            ; no     ; --                   ; --               ; --                        ;
; dg_csr_top:u_dualguard|dg_tile_core:core|shifts[17][1]~113                            ; Unassigned ; 6       ; Clock enable            ; no     ; --                   ; --               ; --                        ;
; dg_csr_top:u_dualguard|dg_tile_core:core|shifts[18][5]~114                            ; Unassigned ; 6       ; Clock enable            ; no     ; --                   ; --               ; --                        ;
; dg_csr_top:u_dualguard|dg_tile_core:core|shifts[19][5]~115                            ; Unassigned ; 6       ; Clock enable            ; no     ; --                   ; --               ; --                        ;
; dg_csr_top:u_dualguard|dg_tile_core:core|shifts[1][5]~81                              ; Unassigned ; 6       ; Clock enable            ; no     ; --                   ; --               ; --                        ;
; dg_csr_top:u_dualguard|dg_tile_core:core|shifts[20][5]~116                            ; Unassigned ; 6       ; Clock enable            ; no     ; --                   ; --               ; --                        ;
; dg_csr_top:u_dualguard|dg_tile_core:core|shifts[21][5]~117                            ; Unassigned ; 6       ; Clock enable            ; no     ; --                   ; --               ; --                        ;
; dg_csr_top:u_dualguard|dg_tile_core:core|shifts[22][5]~118                            ; Unassigned ; 6       ; Clock enable            ; no     ; --                   ; --               ; --                        ;
; dg_csr_top:u_dualguard|dg_tile_core:core|shifts[23][5]~119                            ; Unassigned ; 6       ; Clock enable            ; no     ; --                   ; --               ; --                        ;
; dg_csr_top:u_dualguard|dg_tile_core:core|shifts[24][5]~120                            ; Unassigned ; 6       ; Clock enable            ; no     ; --                   ; --               ; --                        ;
; dg_csr_top:u_dualguard|dg_tile_core:core|shifts[25][5]~121                            ; Unassigned ; 6       ; Clock enable            ; no     ; --                   ; --               ; --                        ;
; dg_csr_top:u_dualguard|dg_tile_core:core|shifts[26][5]~122                            ; Unassigned ; 6       ; Clock enable            ; no     ; --                   ; --               ; --                        ;
; dg_csr_top:u_dualguard|dg_tile_core:core|shifts[27][3]~123                            ; Unassigned ; 6       ; Clock enable            ; no     ; --                   ; --               ; --                        ;
; dg_csr_top:u_dualguard|dg_tile_core:core|shifts[28][1]~124                            ; Unassigned ; 6       ; Clock enable            ; no     ; --                   ; --               ; --                        ;
; dg_csr_top:u_dualguard|dg_tile_core:core|shifts[29][5]~125                            ; Unassigned ; 6       ; Clock enable            ; no     ; --                   ; --               ; --                        ;
; dg_csr_top:u_dualguard|dg_tile_core:core|shifts[2][5]~82                              ; Unassigned ; 6       ; Clock enable            ; no     ; --                   ; --               ; --                        ;
; dg_csr_top:u_dualguard|dg_tile_core:core|shifts[30][5]~126                            ; Unassigned ; 6       ; Clock enable            ; no     ; --                   ; --               ; --                        ;
; dg_csr_top:u_dualguard|dg_tile_core:core|shifts[31][5]~127                            ; Unassigned ; 6       ; Clock enable            ; no     ; --                   ; --               ; --                        ;
; dg_csr_top:u_dualguard|dg_tile_core:core|shifts[32][5]~0                              ; Unassigned ; 6       ; Clock enable            ; no     ; --                   ; --               ; --                        ;
; dg_csr_top:u_dualguard|dg_tile_core:core|shifts[33][5]~4                              ; Unassigned ; 6       ; Clock enable            ; no     ; --                   ; --               ; --                        ;
; dg_csr_top:u_dualguard|dg_tile_core:core|shifts[34][5]~8                              ; Unassigned ; 6       ; Clock enable            ; no     ; --                   ; --               ; --                        ;
; dg_csr_top:u_dualguard|dg_tile_core:core|shifts[35][5]~12                             ; Unassigned ; 6       ; Clock enable            ; no     ; --                   ; --               ; --                        ;
; dg_csr_top:u_dualguard|dg_tile_core:core|shifts[36][0]~1                              ; Unassigned ; 6       ; Clock enable            ; no     ; --                   ; --               ; --                        ;
; dg_csr_top:u_dualguard|dg_tile_core:core|shifts[37][5]~5                              ; Unassigned ; 6       ; Clock enable            ; no     ; --                   ; --               ; --                        ;
; dg_csr_top:u_dualguard|dg_tile_core:core|shifts[38][5]~9                              ; Unassigned ; 6       ; Clock enable            ; no     ; --                   ; --               ; --                        ;
; dg_csr_top:u_dualguard|dg_tile_core:core|shifts[39][5]~13                             ; Unassigned ; 6       ; Clock enable            ; no     ; --                   ; --               ; --                        ;
; dg_csr_top:u_dualguard|dg_tile_core:core|shifts[3][5]~83                              ; Unassigned ; 6       ; Clock enable            ; no     ; --                   ; --               ; --                        ;
; dg_csr_top:u_dualguard|dg_tile_core:core|shifts[40][2]~2                              ; Unassigned ; 6       ; Clock enable            ; no     ; --                   ; --               ; --                        ;
; dg_csr_top:u_dualguard|dg_tile_core:core|shifts[41][5]~6                              ; Unassigned ; 6       ; Clock enable            ; no     ; --                   ; --               ; --                        ;
; dg_csr_top:u_dualguard|dg_tile_core:core|shifts[42][5]~10                             ; Unassigned ; 6       ; Clock enable            ; no     ; --                   ; --               ; --                        ;
; dg_csr_top:u_dualguard|dg_tile_core:core|shifts[43][2]~14                             ; Unassigned ; 6       ; Clock enable            ; no     ; --                   ; --               ; --                        ;
; dg_csr_top:u_dualguard|dg_tile_core:core|shifts[44][5]~3                              ; Unassigned ; 6       ; Clock enable            ; no     ; --                   ; --               ; --                        ;
; dg_csr_top:u_dualguard|dg_tile_core:core|shifts[45][5]~7                              ; Unassigned ; 6       ; Clock enable            ; no     ; --                   ; --               ; --                        ;
; dg_csr_top:u_dualguard|dg_tile_core:core|shifts[46][5]~11                             ; Unassigned ; 6       ; Clock enable            ; no     ; --                   ; --               ; --                        ;
; dg_csr_top:u_dualguard|dg_tile_core:core|shifts[47][5]~15                             ; Unassigned ; 6       ; Clock enable            ; no     ; --                   ; --               ; --                        ;
; dg_csr_top:u_dualguard|dg_tile_core:core|shifts[48][5]~96                             ; Unassigned ; 6       ; Clock enable            ; no     ; --                   ; --               ; --                        ;
; dg_csr_top:u_dualguard|dg_tile_core:core|shifts[49][3]~100                            ; Unassigned ; 6       ; Clock enable            ; no     ; --                   ; --               ; --                        ;
; dg_csr_top:u_dualguard|dg_tile_core:core|shifts[4][3]~84                              ; Unassigned ; 6       ; Clock enable            ; no     ; --                   ; --               ; --                        ;
; dg_csr_top:u_dualguard|dg_tile_core:core|shifts[50][1]~104                            ; Unassigned ; 6       ; Clock enable            ; no     ; --                   ; --               ; --                        ;
; dg_csr_top:u_dualguard|dg_tile_core:core|shifts[51][5]~108                            ; Unassigned ; 6       ; Clock enable            ; no     ; --                   ; --               ; --                        ;
; dg_csr_top:u_dualguard|dg_tile_core:core|shifts[52][5]~97                             ; Unassigned ; 6       ; Clock enable            ; no     ; --                   ; --               ; --                        ;
; dg_csr_top:u_dualguard|dg_tile_core:core|shifts[53][5]~101                            ; Unassigned ; 6       ; Clock enable            ; no     ; --                   ; --               ; --                        ;
; dg_csr_top:u_dualguard|dg_tile_core:core|shifts[54][5]~105                            ; Unassigned ; 6       ; Clock enable            ; no     ; --                   ; --               ; --                        ;
; dg_csr_top:u_dualguard|dg_tile_core:core|shifts[55][5]~109                            ; Unassigned ; 6       ; Clock enable            ; no     ; --                   ; --               ; --                        ;
; dg_csr_top:u_dualguard|dg_tile_core:core|shifts[56][5]~98                             ; Unassigned ; 6       ; Clock enable            ; no     ; --                   ; --               ; --                        ;
; dg_csr_top:u_dualguard|dg_tile_core:core|shifts[57][5]~102                            ; Unassigned ; 6       ; Clock enable            ; no     ; --                   ; --               ; --                        ;
; dg_csr_top:u_dualguard|dg_tile_core:core|shifts[58][0]~106                            ; Unassigned ; 6       ; Clock enable            ; no     ; --                   ; --               ; --                        ;
; dg_csr_top:u_dualguard|dg_tile_core:core|shifts[59][0]~110                            ; Unassigned ; 6       ; Clock enable            ; no     ; --                   ; --               ; --                        ;
; dg_csr_top:u_dualguard|dg_tile_core:core|shifts[5][1]~85                              ; Unassigned ; 6       ; Clock enable            ; no     ; --                   ; --               ; --                        ;
; dg_csr_top:u_dualguard|dg_tile_core:core|shifts[60][5]~99                             ; Unassigned ; 6       ; Clock enable            ; no     ; --                   ; --               ; --                        ;
; dg_csr_top:u_dualguard|dg_tile_core:core|shifts[61][4]~103                            ; Unassigned ; 6       ; Clock enable            ; no     ; --                   ; --               ; --                        ;
; dg_csr_top:u_dualguard|dg_tile_core:core|shifts[62][0]~107                            ; Unassigned ; 6       ; Clock enable            ; no     ; --                   ; --               ; --                        ;
; dg_csr_top:u_dualguard|dg_tile_core:core|shifts[63][5]~111                            ; Unassigned ; 6       ; Clock enable            ; no     ; --                   ; --               ; --                        ;
; dg_csr_top:u_dualguard|dg_tile_core:core|shifts[64][5]~16                             ; Unassigned ; 6       ; Clock enable            ; no     ; --                   ; --               ; --                        ;
; dg_csr_top:u_dualguard|dg_tile_core:core|shifts[65][5]~32                             ; Unassigned ; 6       ; Clock enable            ; no     ; --                   ; --               ; --                        ;
; dg_csr_top:u_dualguard|dg_tile_core:core|shifts[66][5]~48                             ; Unassigned ; 6       ; Clock enable            ; no     ; --                   ; --               ; --                        ;
; dg_csr_top:u_dualguard|dg_tile_core:core|shifts[67][5]~64                             ; Unassigned ; 6       ; Clock enable            ; no     ; --                   ; --               ; --                        ;
; dg_csr_top:u_dualguard|dg_tile_core:core|shifts[68][5]~20                             ; Unassigned ; 6       ; Clock enable            ; no     ; --                   ; --               ; --                        ;
; dg_csr_top:u_dualguard|dg_tile_core:core|shifts[69][5]~36                             ; Unassigned ; 6       ; Clock enable            ; no     ; --                   ; --               ; --                        ;
; dg_csr_top:u_dualguard|dg_tile_core:core|shifts[6][5]~86                              ; Unassigned ; 6       ; Clock enable            ; no     ; --                   ; --               ; --                        ;
; dg_csr_top:u_dualguard|dg_tile_core:core|shifts[70][5]~52                             ; Unassigned ; 6       ; Clock enable            ; no     ; --                   ; --               ; --                        ;
; dg_csr_top:u_dualguard|dg_tile_core:core|shifts[71][5]~68                             ; Unassigned ; 6       ; Clock enable            ; no     ; --                   ; --               ; --                        ;
; dg_csr_top:u_dualguard|dg_tile_core:core|shifts[72][2]~24                             ; Unassigned ; 6       ; Clock enable            ; no     ; --                   ; --               ; --                        ;
; dg_csr_top:u_dualguard|dg_tile_core:core|shifts[73][5]~40                             ; Unassigned ; 6       ; Clock enable            ; no     ; --                   ; --               ; --                        ;
; dg_csr_top:u_dualguard|dg_tile_core:core|shifts[74][5]~56                             ; Unassigned ; 6       ; Clock enable            ; no     ; --                   ; --               ; --                        ;
; dg_csr_top:u_dualguard|dg_tile_core:core|shifts[75][5]~72                             ; Unassigned ; 6       ; Clock enable            ; no     ; --                   ; --               ; --                        ;
; dg_csr_top:u_dualguard|dg_tile_core:core|shifts[76][5]~28                             ; Unassigned ; 6       ; Clock enable            ; no     ; --                   ; --               ; --                        ;
; dg_csr_top:u_dualguard|dg_tile_core:core|shifts[77][5]~44                             ; Unassigned ; 6       ; Clock enable            ; no     ; --                   ; --               ; --                        ;
; dg_csr_top:u_dualguard|dg_tile_core:core|shifts[78][5]~60                             ; Unassigned ; 6       ; Clock enable            ; no     ; --                   ; --               ; --                        ;
; dg_csr_top:u_dualguard|dg_tile_core:core|shifts[79][5]~76                             ; Unassigned ; 6       ; Clock enable            ; no     ; --                   ; --               ; --                        ;
; dg_csr_top:u_dualguard|dg_tile_core:core|shifts[7][5]~87                              ; Unassigned ; 6       ; Clock enable            ; no     ; --                   ; --               ; --                        ;
; dg_csr_top:u_dualguard|dg_tile_core:core|shifts[80][5]~17                             ; Unassigned ; 6       ; Clock enable            ; no     ; --                   ; --               ; --                        ;
; dg_csr_top:u_dualguard|dg_tile_core:core|shifts[81][5]~33                             ; Unassigned ; 6       ; Clock enable            ; no     ; --                   ; --               ; --                        ;
; dg_csr_top:u_dualguard|dg_tile_core:core|shifts[82][0]~49                             ; Unassigned ; 6       ; Clock enable            ; no     ; --                   ; --               ; --                        ;
; dg_csr_top:u_dualguard|dg_tile_core:core|shifts[83][4]~65                             ; Unassigned ; 6       ; Clock enable            ; no     ; --                   ; --               ; --                        ;
; dg_csr_top:u_dualguard|dg_tile_core:core|shifts[84][5]~21                             ; Unassigned ; 6       ; Clock enable            ; no     ; --                   ; --               ; --                        ;
; dg_csr_top:u_dualguard|dg_tile_core:core|shifts[85][5]~37                             ; Unassigned ; 6       ; Clock enable            ; no     ; --                   ; --               ; --                        ;
; dg_csr_top:u_dualguard|dg_tile_core:core|shifts[86][2]~53                             ; Unassigned ; 6       ; Clock enable            ; no     ; --                   ; --               ; --                        ;
; dg_csr_top:u_dualguard|dg_tile_core:core|shifts[87][4]~69                             ; Unassigned ; 6       ; Clock enable            ; no     ; --                   ; --               ; --                        ;
; dg_csr_top:u_dualguard|dg_tile_core:core|shifts[88][5]~25                             ; Unassigned ; 6       ; Clock enable            ; no     ; --                   ; --               ; --                        ;
; dg_csr_top:u_dualguard|dg_tile_core:core|shifts[89][3]~41                             ; Unassigned ; 6       ; Clock enable            ; no     ; --                   ; --               ; --                        ;
; dg_csr_top:u_dualguard|dg_tile_core:core|shifts[8][5]~88                              ; Unassigned ; 6       ; Clock enable            ; no     ; --                   ; --               ; --                        ;
; dg_csr_top:u_dualguard|dg_tile_core:core|shifts[90][5]~57                             ; Unassigned ; 6       ; Clock enable            ; no     ; --                   ; --               ; --                        ;
; dg_csr_top:u_dualguard|dg_tile_core:core|shifts[91][5]~73                             ; Unassigned ; 6       ; Clock enable            ; no     ; --                   ; --               ; --                        ;
; dg_csr_top:u_dualguard|dg_tile_core:core|shifts[92][5]~29                             ; Unassigned ; 6       ; Clock enable            ; no     ; --                   ; --               ; --                        ;
; dg_csr_top:u_dualguard|dg_tile_core:core|shifts[93][5]~45                             ; Unassigned ; 6       ; Clock enable            ; no     ; --                   ; --               ; --                        ;
; dg_csr_top:u_dualguard|dg_tile_core:core|shifts[94][5]~61                             ; Unassigned ; 6       ; Clock enable            ; no     ; --                   ; --               ; --                        ;
; dg_csr_top:u_dualguard|dg_tile_core:core|shifts[95][4]~77                             ; Unassigned ; 6       ; Clock enable            ; no     ; --                   ; --               ; --                        ;
; dg_csr_top:u_dualguard|dg_tile_core:core|shifts[96][3]~18                             ; Unassigned ; 6       ; Clock enable            ; no     ; --                   ; --               ; --                        ;
; dg_csr_top:u_dualguard|dg_tile_core:core|shifts[97][5]~34                             ; Unassigned ; 6       ; Clock enable            ; no     ; --                   ; --               ; --                        ;
; dg_csr_top:u_dualguard|dg_tile_core:core|shifts[98][5]~50                             ; Unassigned ; 6       ; Clock enable            ; no     ; --                   ; --               ; --                        ;
; dg_csr_top:u_dualguard|dg_tile_core:core|shifts[99][5]~66                             ; Unassigned ; 6       ; Clock enable            ; no     ; --                   ; --               ; --                        ;
; dg_csr_top:u_dualguard|dg_tile_core:core|shifts[9][5]~89                              ; Unassigned ; 6       ; Clock enable            ; no     ; --                   ; --               ; --                        ;
; dg_csr_top:u_dualguard|dg_tile_core:core|state~10                                     ; Unassigned ; 16      ; Sync. clear             ; no     ; --                   ; --               ; --                        ;
; dg_csr_top:u_dualguard|index_reg[9]~3                                                 ; Unassigned ; 16      ; Clock enable            ; no     ; --                   ; --               ; --                        ;
; dg_csr_top:u_dualguard|lane_reg[1]~1                                                  ; Unassigned ; 16      ; Clock enable            ; no     ; --                   ; --               ; --                        ;
; dg_csr_top:u_dualguard|length[11]~3                                                   ; Unassigned ; 15      ; Clock enable            ; no     ; --                   ; --               ; --                        ;
; dg_csr_top:u_dualguard|relu~0                                                         ; Unassigned ; 2       ; Clock enable            ; no     ; --                   ; --               ; --                        ;
; rst_n                                                                                 ; PIN_AC24   ; 13527   ; Sync. clear, Sync. load ; no     ; --                   ; --               ; --                        ;
+---------------------------------------------------------------------------------------+------------+---------+-------------------------+--------+----------------------+------------------+---------------------------+


+-------------------------------------------------------------------------------------------------+
; Global & Other Fast Signals                                                                     ;
+------+----------+---------+----------------------+------------------+---------------------------+
; Name ; Location ; Fan-Out ; Global Resource Used ; Global Line Name ; Enable Signal Source Name ;
+------+----------+---------+----------------------+------------------+---------------------------+
; clk  ; PIN_Y24  ; 14229   ; Global Clock         ; Not Available    ; --                        ;
+------+----------+---------+----------------------+------------------+---------------------------+


+-------------------------------------------------------------------------------------------------+
; Non-Global High Fan-Out Signals                                                                 ;
+---------------------------------------------------------------------------------------+---------+
; Name                                                                                  ; Fan-Out ;
+---------------------------------------------------------------------------------------+---------+
; rst_n~input                                                                           ; 13527   ;
; dg_csr_top:u_dualguard|dg_tile_core:core|dg_mac_lane:banks[127].mac|acc[0]~0          ; 4096    ;
; dg_csr_top:u_dualguard|dg_tile_core:core|accept_start                                 ; 4096    ;
; dg_csr_top:u_dualguard|dg_tile_core:core|lane[4]                                      ; 1080    ;
; dg_csr_top:u_dualguard|dg_tile_core:core|lane[5]                                      ; 1080    ;
; dg_csr_top:u_dualguard|dg_tile_core:core|k[6]                                         ; 1034    ;
; dg_csr_top:u_dualguard|dg_tile_core:core|k[5]                                         ; 1034    ;
; dg_csr_top:u_dualguard|dg_tile_core:core|k[2]                                         ; 1034    ;
; dg_csr_top:u_dualguard|dg_tile_core:core|k[1]                                         ; 1034    ;
; dg_csr_top:u_dualguard|dg_tile_core:core|k[4]                                         ; 1034    ;
; dg_csr_top:u_dualguard|dg_tile_core:core|k[7]                                         ; 1034    ;
; dg_csr_top:u_dualguard|dg_tile_core:core|k[0]                                         ; 1034    ;
; dg_csr_top:u_dualguard|dg_tile_core:core|k[3]                                         ; 1034    ;
; dg_csr_top:u_dualguard|index_reg[0]                                                   ; 1033    ;
; dg_csr_top:u_dualguard|index_reg[3]                                                   ; 1033    ;
; dg_csr_top:u_dualguard|index_reg[7]                                                   ; 1033    ;
; dg_csr_top:u_dualguard|index_reg[6]                                                   ; 1033    ;
; dg_csr_top:u_dualguard|index_reg[5]                                                   ; 1033    ;
; dg_csr_top:u_dualguard|index_reg[4]                                                   ; 1033    ;
; dg_csr_top:u_dualguard|index_reg[1]                                                   ; 1033    ;
; dg_csr_top:u_dualguard|index_reg[2]                                                   ; 1033    ;
; dg_csr_top:u_dualguard|dg_tile_core:core|dg_tile_ram:banks[127].weight_bank|always0~1 ; 1032    ;
; dg_csr_top:u_dualguard|dg_tile_core:core|lane[1]                                      ; 938     ;
; dg_csr_top:u_dualguard|dg_tile_core:core|lane[0]                                      ; 938     ;
; dg_csr_top:u_dualguard|dg_tile_core:core|lane[3]                                      ; 932     ;
; dg_csr_top:u_dualguard|dg_tile_core:core|lane[2]                                      ; 932     ;
; writedata[0]~input                                                                    ; 524     ;
; writedata[2]~input                                                                    ; 522     ;
; writedata[1]~input                                                                    ; 521     ;
; writedata[5]~input                                                                    ; 518     ;
; writedata[3]~input                                                                    ; 518     ;
; writedata[4]~input                                                                    ; 518     ;
+---------------------------------------------------------------------------------------+---------+


+---------------------------------------------------------------------------------------------------------------------------------------------------------------------------------------------------------------------------------------------------------------------------------------------------------------------------------------------------------------------------------------------------------------------------------------------------------------------------------------------------------------------------------------------------------------------------------------------------------------------------------------------------------------------------+
; Fitter RAM Summary                                                                                                                                                                                                                                                                                                                                                                                                                                                                                                                                                                                                                                                        ;
+--------------------------------------------------------------------------------------------------------------------------------------------+------------+------------------+--------------+--------------+--------------+--------------+--------------+------------------------+-------------------------+------------------------+-------------------------+------+-----------------------------+-----------------------------+-----------------------------+-----------------------------+---------------------+-------------+-------+------+------------+----------------------+-----------------+-----------------+----------+------------------------+---------------+
; Name                                                                                                                                       ; Type       ; Mode             ; Clock Mode   ; Port A Depth ; Port A Width ; Port B Depth ; Port B Width ; Port A Input Registers ; Port A Output Registers ; Port B Input Registers ; Port B Output Registers ; Size ; Implementation Port A Depth ; Implementation Port A Width ; Implementation Port B Depth ; Implementation Port B Width ; Implementation Bits ; M10K blocks ; MLABs ; MIF  ; Location   ; Mixed Width RDW Mode ; Port A RDW Mode ; Port B RDW Mode ; ECC Mode ; ECC Pipeline Registers ; Fits in MLABs ;
+--------------------------------------------------------------------------------------------------------------------------------------------+------------+------------------+--------------+--------------+--------------+--------------+--------------+------------------------+-------------------------+------------------------+-------------------------+------+-----------------------------+-----------------------------+-----------------------------+-----------------------------+---------------------+-------------+-------+------+------------+----------------------+-----------------+-----------------+----------+------------------------+---------------+
; dg_csr_top:u_dualguard|dg_tile_core:core|dg_tile_ram:banks[0].weight_bank|altsyncram:mem_rtl_0|altsyncram_rtr1:auto_generated|ALTSYNCRAM   ; M10K block ; Simple Dual Port ; Single Clock ; 256          ; 8            ; 256          ; 8            ; yes                    ; no                      ; yes                    ; no                      ; 2048 ; 256                         ; 8                           ; 256                         ; 8                           ; 2048                ; 1           ; 0     ; None ; Unassigned ; Old data             ; New data        ; New data        ; Off      ; No                     ; Yes           ;
; dg_csr_top:u_dualguard|dg_tile_core:core|dg_tile_ram:banks[100].weight_bank|altsyncram:mem_rtl_0|altsyncram_rtr1:auto_generated|ALTSYNCRAM ; M10K block ; Simple Dual Port ; Single Clock ; 256          ; 8            ; 256          ; 8            ; yes                    ; no                      ; yes                    ; no                      ; 2048 ; 256                         ; 8                           ; 256                         ; 8                           ; 2048                ; 1           ; 0     ; None ; Unassigned ; Old data             ; New data        ; New data        ; Off      ; No                     ; Yes           ;
; dg_csr_top:u_dualguard|dg_tile_core:core|dg_tile_ram:banks[101].weight_bank|altsyncram:mem_rtl_0|altsyncram_rtr1:auto_generated|ALTSYNCRAM ; M10K block ; Simple Dual Port ; Single Clock ; 256          ; 8            ; 256          ; 8            ; yes                    ; no                      ; yes                    ; no                      ; 2048 ; 256                         ; 8                           ; 256                         ; 8                           ; 2048                ; 1           ; 0     ; None ; Unassigned ; Old data             ; New data        ; New data        ; Off      ; No                     ; Yes           ;
; dg_csr_top:u_dualguard|dg_tile_core:core|dg_tile_ram:banks[102].weight_bank|altsyncram:mem_rtl_0|altsyncram_rtr1:auto_generated|ALTSYNCRAM ; M10K block ; Simple Dual Port ; Single Clock ; 256          ; 8            ; 256          ; 8            ; yes                    ; no                      ; yes                    ; no                      ; 2048 ; 256                         ; 8                           ; 256                         ; 8                           ; 2048                ; 1           ; 0     ; None ; Unassigned ; Old data             ; New data        ; New data        ; Off      ; No                     ; Yes           ;
; dg_csr_top:u_dualguard|dg_tile_core:core|dg_tile_ram:banks[103].weight_bank|altsyncram:mem_rtl_0|altsyncram_rtr1:auto_generated|ALTSYNCRAM ; M10K block ; Simple Dual Port ; Single Clock ; 256          ; 8            ; 256          ; 8            ; yes                    ; no                      ; yes                    ; no                      ; 2048 ; 256                         ; 8                           ; 256                         ; 8                           ; 2048                ; 1           ; 0     ; None ; Unassigned ; Old data             ; New data        ; New data        ; Off      ; No                     ; Yes           ;
; dg_csr_top:u_dualguard|dg_tile_core:core|dg_tile_ram:banks[104].weight_bank|altsyncram:mem_rtl_0|altsyncram_rtr1:auto_generated|ALTSYNCRAM ; M10K block ; Simple Dual Port ; Single Clock ; 256          ; 8            ; 256          ; 8            ; yes                    ; no                      ; yes                    ; no                      ; 2048 ; 256                         ; 8                           ; 256                         ; 8                           ; 2048                ; 1           ; 0     ; None ; Unassigned ; Old data             ; New data        ; New data        ; Off      ; No                     ; Yes           ;
; dg_csr_top:u_dualguard|dg_tile_core:core|dg_tile_ram:banks[105].weight_bank|altsyncram:mem_rtl_0|altsyncram_rtr1:auto_generated|ALTSYNCRAM ; M10K block ; Simple Dual Port ; Single Clock ; 256          ; 8            ; 256          ; 8            ; yes                    ; no                      ; yes                    ; no                      ; 2048 ; 256                         ; 8                           ; 256                         ; 8                           ; 2048                ; 1           ; 0     ; None ; Unassigned ; Old data             ; New data        ; New data        ; Off      ; No                     ; Yes           ;
; dg_csr_top:u_dualguard|dg_tile_core:core|dg_tile_ram:banks[106].weight_bank|altsyncram:mem_rtl_0|altsyncram_rtr1:auto_generated|ALTSYNCRAM ; M10K block ; Simple Dual Port ; Single Clock ; 256          ; 8            ; 256          ; 8            ; yes                    ; no                      ; yes                    ; no                      ; 2048 ; 256                         ; 8                           ; 256                         ; 8                           ; 2048                ; 1           ; 0     ; None ; Unassigned ; Old data             ; New data        ; New data        ; Off      ; No                     ; Yes           ;
; dg_csr_top:u_dualguard|dg_tile_core:core|dg_tile_ram:banks[107].weight_bank|altsyncram:mem_rtl_0|altsyncram_rtr1:auto_generated|ALTSYNCRAM ; M10K block ; Simple Dual Port ; Single Clock ; 256          ; 8            ; 256          ; 8            ; yes                    ; no                      ; yes                    ; no                      ; 2048 ; 256                         ; 8                           ; 256                         ; 8                           ; 2048                ; 1           ; 0     ; None ; Unassigned ; Old data             ; New data        ; New data        ; Off      ; No                     ; Yes           ;
; dg_csr_top:u_dualguard|dg_tile_core:core|dg_tile_ram:banks[108].weight_bank|altsyncram:mem_rtl_0|altsyncram_rtr1:auto_generated|ALTSYNCRAM ; M10K block ; Simple Dual Port ; Single Clock ; 256          ; 8            ; 256          ; 8            ; yes                    ; no                      ; yes                    ; no                      ; 2048 ; 256                         ; 8                           ; 256                         ; 8                           ; 2048                ; 1           ; 0     ; None ; Unassigned ; Old data             ; New data        ; New data        ; Off      ; No                     ; Yes           ;
; dg_csr_top:u_dualguard|dg_tile_core:core|dg_tile_ram:banks[109].weight_bank|altsyncram:mem_rtl_0|altsyncram_rtr1:auto_generated|ALTSYNCRAM ; M10K block ; Simple Dual Port ; Single Clock ; 256          ; 8            ; 256          ; 8            ; yes                    ; no                      ; yes                    ; no                      ; 2048 ; 256                         ; 8                           ; 256                         ; 8                           ; 2048                ; 1           ; 0     ; None ; Unassigned ; Old data             ; New data        ; New data        ; Off      ; No                     ; Yes           ;
; dg_csr_top:u_dualguard|dg_tile_core:core|dg_tile_ram:banks[10].weight_bank|altsyncram:mem_rtl_0|altsyncram_rtr1:auto_generated|ALTSYNCRAM  ; M10K block ; Simple Dual Port ; Single Clock ; 256          ; 8            ; 256          ; 8            ; yes                    ; no                      ; yes                    ; no                      ; 2048 ; 256                         ; 8                           ; 256                         ; 8                           ; 2048                ; 1           ; 0     ; None ; Unassigned ; Old data             ; New data        ; New data        ; Off      ; No                     ; Yes           ;
; dg_csr_top:u_dualguard|dg_tile_core:core|dg_tile_ram:banks[110].weight_bank|altsyncram:mem_rtl_0|altsyncram_rtr1:auto_generated|ALTSYNCRAM ; M10K block ; Simple Dual Port ; Single Clock ; 256          ; 8            ; 256          ; 8            ; yes                    ; no                      ; yes                    ; no                      ; 2048 ; 256                         ; 8                           ; 256                         ; 8                           ; 2048                ; 1           ; 0     ; None ; Unassigned ; Old data             ; New data        ; New data        ; Off      ; No                     ; Yes           ;
; dg_csr_top:u_dualguard|dg_tile_core:core|dg_tile_ram:banks[111].weight_bank|altsyncram:mem_rtl_0|altsyncram_rtr1:auto_generated|ALTSYNCRAM ; M10K block ; Simple Dual Port ; Single Clock ; 256          ; 8            ; 256          ; 8            ; yes                    ; no                      ; yes                    ; no                      ; 2048 ; 256                         ; 8                           ; 256                         ; 8                           ; 2048                ; 1           ; 0     ; None ; Unassigned ; Old data             ; New data        ; New data        ; Off      ; No                     ; Yes           ;
; dg_csr_top:u_dualguard|dg_tile_core:core|dg_tile_ram:banks[112].weight_bank|altsyncram:mem_rtl_0|altsyncram_rtr1:auto_generated|ALTSYNCRAM ; M10K block ; Simple Dual Port ; Single Clock ; 256          ; 8            ; 256          ; 8            ; yes                    ; no                      ; yes                    ; no                      ; 2048 ; 256                         ; 8                           ; 256                         ; 8                           ; 2048                ; 1           ; 0     ; None ; Unassigned ; Old data             ; New data        ; New data        ; Off      ; No                     ; Yes           ;
; dg_csr_top:u_dualguard|dg_tile_core:core|dg_tile_ram:banks[113].weight_bank|altsyncram:mem_rtl_0|altsyncram_rtr1:auto_generated|ALTSYNCRAM ; M10K block ; Simple Dual Port ; Single Clock ; 256          ; 8            ; 256          ; 8            ; yes                    ; no                      ; yes                    ; no                      ; 2048 ; 256                         ; 8                           ; 256                         ; 8                           ; 2048                ; 1           ; 0     ; None ; Unassigned ; Old data             ; New data        ; New data        ; Off      ; No                     ; Yes           ;
; dg_csr_top:u_dualguard|dg_tile_core:core|dg_tile_ram:banks[114].weight_bank|altsyncram:mem_rtl_0|altsyncram_rtr1:auto_generated|ALTSYNCRAM ; M10K block ; Simple Dual Port ; Single Clock ; 256          ; 8            ; 256          ; 8            ; yes                    ; no                      ; yes                    ; no                      ; 2048 ; 256                         ; 8                           ; 256                         ; 8                           ; 2048                ; 1           ; 0     ; None ; Unassigned ; Old data             ; New data        ; New data        ; Off      ; No                     ; Yes           ;
; dg_csr_top:u_dualguard|dg_tile_core:core|dg_tile_ram:banks[115].weight_bank|altsyncram:mem_rtl_0|altsyncram_rtr1:auto_generated|ALTSYNCRAM ; M10K block ; Simple Dual Port ; Single Clock ; 256          ; 8            ; 256          ; 8            ; yes                    ; no                      ; yes                    ; no                      ; 2048 ; 256                         ; 8                           ; 256                         ; 8                           ; 2048                ; 1           ; 0     ; None ; Unassigned ; Old data             ; New data        ; New data        ; Off      ; No                     ; Yes           ;
; dg_csr_top:u_dualguard|dg_tile_core:core|dg_tile_ram:banks[116].weight_bank|altsyncram:mem_rtl_0|altsyncram_rtr1:auto_generated|ALTSYNCRAM ; M10K block ; Simple Dual Port ; Single Clock ; 256          ; 8            ; 256          ; 8            ; yes                    ; no                      ; yes                    ; no                      ; 2048 ; 256                         ; 8                           ; 256                         ; 8                           ; 2048                ; 1           ; 0     ; None ; Unassigned ; Old data             ; New data        ; New data        ; Off      ; No                     ; Yes           ;
; dg_csr_top:u_dualguard|dg_tile_core:core|dg_tile_ram:banks[117].weight_bank|altsyncram:mem_rtl_0|altsyncram_rtr1:auto_generated|ALTSYNCRAM ; M10K block ; Simple Dual Port ; Single Clock ; 256          ; 8            ; 256          ; 8            ; yes                    ; no                      ; yes                    ; no                      ; 2048 ; 256                         ; 8                           ; 256                         ; 8                           ; 2048                ; 1           ; 0     ; None ; Unassigned ; Old data             ; New data        ; New data        ; Off      ; No                     ; Yes           ;
; dg_csr_top:u_dualguard|dg_tile_core:core|dg_tile_ram:banks[118].weight_bank|altsyncram:mem_rtl_0|altsyncram_rtr1:auto_generated|ALTSYNCRAM ; M10K block ; Simple Dual Port ; Single Clock ; 256          ; 8            ; 256          ; 8            ; yes                    ; no                      ; yes                    ; no                      ; 2048 ; 256                         ; 8                           ; 256                         ; 8                           ; 2048                ; 1           ; 0     ; None ; Unassigned ; Old data             ; New data        ; New data        ; Off      ; No                     ; Yes           ;
; dg_csr_top:u_dualguard|dg_tile_core:core|dg_tile_ram:banks[119].weight_bank|altsyncram:mem_rtl_0|altsyncram_rtr1:auto_generated|ALTSYNCRAM ; M10K block ; Simple Dual Port ; Single Clock ; 256          ; 8            ; 256          ; 8            ; yes                    ; no                      ; yes                    ; no                      ; 2048 ; 256                         ; 8                           ; 256                         ; 8                           ; 2048                ; 1           ; 0     ; None ; Unassigned ; Old data             ; New data        ; New data        ; Off      ; No                     ; Yes           ;
; dg_csr_top:u_dualguard|dg_tile_core:core|dg_tile_ram:banks[11].weight_bank|altsyncram:mem_rtl_0|altsyncram_rtr1:auto_generated|ALTSYNCRAM  ; M10K block ; Simple Dual Port ; Single Clock ; 256          ; 8            ; 256          ; 8            ; yes                    ; no                      ; yes                    ; no                      ; 2048 ; 256                         ; 8                           ; 256                         ; 8                           ; 2048                ; 1           ; 0     ; None ; Unassigned ; Old data             ; New data        ; New data        ; Off      ; No                     ; Yes           ;
; dg_csr_top:u_dualguard|dg_tile_core:core|dg_tile_ram:banks[120].weight_bank|altsyncram:mem_rtl_0|altsyncram_rtr1:auto_generated|ALTSYNCRAM ; M10K block ; Simple Dual Port ; Single Clock ; 256          ; 8            ; 256          ; 8            ; yes                    ; no                      ; yes                    ; no                      ; 2048 ; 256                         ; 8                           ; 256                         ; 8                           ; 2048                ; 1           ; 0     ; None ; Unassigned ; Old data             ; New data        ; New data        ; Off      ; No                     ; Yes           ;
; dg_csr_top:u_dualguard|dg_tile_core:core|dg_tile_ram:banks[121].weight_bank|altsyncram:mem_rtl_0|altsyncram_rtr1:auto_generated|ALTSYNCRAM ; M10K block ; Simple Dual Port ; Single Clock ; 256          ; 8            ; 256          ; 8            ; yes                    ; no                      ; yes                    ; no                      ; 2048 ; 256                         ; 8                           ; 256                         ; 8                           ; 2048                ; 1           ; 0     ; None ; Unassigned ; Old data             ; New data        ; New data        ; Off      ; No                     ; Yes           ;
; dg_csr_top:u_dualguard|dg_tile_core:core|dg_tile_ram:banks[122].weight_bank|altsyncram:mem_rtl_0|altsyncram_rtr1:auto_generated|ALTSYNCRAM ; M10K block ; Simple Dual Port ; Single Clock ; 256          ; 8            ; 256          ; 8            ; yes                    ; no                      ; yes                    ; no                      ; 2048 ; 256                         ; 8                           ; 256                         ; 8                           ; 2048                ; 1           ; 0     ; None ; Unassigned ; Old data             ; New data        ; New data        ; Off      ; No                     ; Yes           ;
; dg_csr_top:u_dualguard|dg_tile_core:core|dg_tile_ram:banks[123].weight_bank|altsyncram:mem_rtl_0|altsyncram_rtr1:auto_generated|ALTSYNCRAM ; M10K block ; Simple Dual Port ; Single Clock ; 256          ; 8            ; 256          ; 8            ; yes                    ; no                      ; yes                    ; no                      ; 2048 ; 256                         ; 8                           ; 256                         ; 8                           ; 2048                ; 1           ; 0     ; None ; Unassigned ; Old data             ; New data        ; New data        ; Off      ; No                     ; Yes           ;
; dg_csr_top:u_dualguard|dg_tile_core:core|dg_tile_ram:banks[124].weight_bank|altsyncram:mem_rtl_0|altsyncram_rtr1:auto_generated|ALTSYNCRAM ; M10K block ; Simple Dual Port ; Single Clock ; 256          ; 8            ; 256          ; 8            ; yes                    ; no                      ; yes                    ; no                      ; 2048 ; 256                         ; 8                           ; 256                         ; 8                           ; 2048                ; 1           ; 0     ; None ; Unassigned ; Old data             ; New data        ; New data        ; Off      ; No                     ; Yes           ;
; dg_csr_top:u_dualguard|dg_tile_core:core|dg_tile_ram:banks[125].weight_bank|altsyncram:mem_rtl_0|altsyncram_rtr1:auto_generated|ALTSYNCRAM ; M10K block ; Simple Dual Port ; Single Clock ; 256          ; 8            ; 256          ; 8            ; yes                    ; no                      ; yes                    ; no                      ; 2048 ; 256                         ; 8                           ; 256                         ; 8                           ; 2048                ; 1           ; 0     ; None ; Unassigned ; Old data             ; New data        ; New data        ; Off      ; No                     ; Yes           ;
; dg_csr_top:u_dualguard|dg_tile_core:core|dg_tile_ram:banks[126].weight_bank|altsyncram:mem_rtl_0|altsyncram_rtr1:auto_generated|ALTSYNCRAM ; M10K block ; Simple Dual Port ; Single Clock ; 256          ; 8            ; 256          ; 8            ; yes                    ; no                      ; yes                    ; no                      ; 2048 ; 256                         ; 8                           ; 256                         ; 8                           ; 2048                ; 1           ; 0     ; None ; Unassigned ; Old data             ; New data        ; New data        ; Off      ; No                     ; Yes           ;
; dg_csr_top:u_dualguard|dg_tile_core:core|dg_tile_ram:banks[127].weight_bank|altsyncram:mem_rtl_0|altsyncram_rtr1:auto_generated|ALTSYNCRAM ; M10K block ; Simple Dual Port ; Single Clock ; 256          ; 8            ; 256          ; 8            ; yes                    ; no                      ; yes                    ; no                      ; 2048 ; 256                         ; 8                           ; 256                         ; 8                           ; 2048                ; 1           ; 0     ; None ; Unassigned ; Old data             ; New data        ; New data        ; Off      ; No                     ; Yes           ;
; dg_csr_top:u_dualguard|dg_tile_core:core|dg_tile_ram:banks[12].weight_bank|altsyncram:mem_rtl_0|altsyncram_rtr1:auto_generated|ALTSYNCRAM  ; M10K block ; Simple Dual Port ; Single Clock ; 256          ; 8            ; 256          ; 8            ; yes                    ; no                      ; yes                    ; no                      ; 2048 ; 256                         ; 8                           ; 256                         ; 8                           ; 2048                ; 1           ; 0     ; None ; Unassigned ; Old data             ; New data        ; New data        ; Off      ; No                     ; Yes           ;
; dg_csr_top:u_dualguard|dg_tile_core:core|dg_tile_ram:banks[13].weight_bank|altsyncram:mem_rtl_0|altsyncram_rtr1:auto_generated|ALTSYNCRAM  ; M10K block ; Simple Dual Port ; Single Clock ; 256          ; 8            ; 256          ; 8            ; yes                    ; no                      ; yes                    ; no                      ; 2048 ; 256                         ; 8                           ; 256                         ; 8                           ; 2048                ; 1           ; 0     ; None ; Unassigned ; Old data             ; New data        ; New data        ; Off      ; No                     ; Yes           ;
; dg_csr_top:u_dualguard|dg_tile_core:core|dg_tile_ram:banks[14].weight_bank|altsyncram:mem_rtl_0|altsyncram_rtr1:auto_generated|ALTSYNCRAM  ; M10K block ; Simple Dual Port ; Single Clock ; 256          ; 8            ; 256          ; 8            ; yes                    ; no                      ; yes                    ; no                      ; 2048 ; 256                         ; 8                           ; 256                         ; 8                           ; 2048                ; 1           ; 0     ; None ; Unassigned ; Old data             ; New data        ; New data        ; Off      ; No                     ; Yes           ;
; dg_csr_top:u_dualguard|dg_tile_core:core|dg_tile_ram:banks[15].weight_bank|altsyncram:mem_rtl_0|altsyncram_rtr1:auto_generated|ALTSYNCRAM  ; M10K block ; Simple Dual Port ; Single Clock ; 256          ; 8            ; 256          ; 8            ; yes                    ; no                      ; yes                    ; no                      ; 2048 ; 256                         ; 8                           ; 256                         ; 8                           ; 2048                ; 1           ; 0     ; None ; Unassigned ; Old data             ; New data        ; New data        ; Off      ; No                     ; Yes           ;
; dg_csr_top:u_dualguard|dg_tile_core:core|dg_tile_ram:banks[16].weight_bank|altsyncram:mem_rtl_0|altsyncram_rtr1:auto_generated|ALTSYNCRAM  ; M10K block ; Simple Dual Port ; Single Clock ; 256          ; 8            ; 256          ; 8            ; yes                    ; no                      ; yes                    ; no                      ; 2048 ; 256                         ; 8                           ; 256                         ; 8                           ; 2048                ; 1           ; 0     ; None ; Unassigned ; Old data             ; New data        ; New data        ; Off      ; No                     ; Yes           ;
; dg_csr_top:u_dualguard|dg_tile_core:core|dg_tile_ram:banks[17].weight_bank|altsyncram:mem_rtl_0|altsyncram_rtr1:auto_generated|ALTSYNCRAM  ; M10K block ; Simple Dual Port ; Single Clock ; 256          ; 8            ; 256          ; 8            ; yes                    ; no                      ; yes                    ; no                      ; 2048 ; 256                         ; 8                           ; 256                         ; 8                           ; 2048                ; 1           ; 0     ; None ; Unassigned ; Old data             ; New data        ; New data        ; Off      ; No                     ; Yes           ;
; dg_csr_top:u_dualguard|dg_tile_core:core|dg_tile_ram:banks[18].weight_bank|altsyncram:mem_rtl_0|altsyncram_rtr1:auto_generated|ALTSYNCRAM  ; M10K block ; Simple Dual Port ; Single Clock ; 256          ; 8            ; 256          ; 8            ; yes                    ; no                      ; yes                    ; no                      ; 2048 ; 256                         ; 8                           ; 256                         ; 8                           ; 2048                ; 1           ; 0     ; None ; Unassigned ; Old data             ; New data        ; New data        ; Off      ; No                     ; Yes           ;
; dg_csr_top:u_dualguard|dg_tile_core:core|dg_tile_ram:banks[19].weight_bank|altsyncram:mem_rtl_0|altsyncram_rtr1:auto_generated|ALTSYNCRAM  ; M10K block ; Simple Dual Port ; Single Clock ; 256          ; 8            ; 256          ; 8            ; yes                    ; no                      ; yes                    ; no                      ; 2048 ; 256                         ; 8                           ; 256                         ; 8                           ; 2048                ; 1           ; 0     ; None ; Unassigned ; Old data             ; New data        ; New data        ; Off      ; No                     ; Yes           ;
; dg_csr_top:u_dualguard|dg_tile_core:core|dg_tile_ram:banks[1].weight_bank|altsyncram:mem_rtl_0|altsyncram_rtr1:auto_generated|ALTSYNCRAM   ; M10K block ; Simple Dual Port ; Single Clock ; 256          ; 8            ; 256          ; 8            ; yes                    ; no                      ; yes                    ; no                      ; 2048 ; 256                         ; 8                           ; 256                         ; 8                           ; 2048                ; 1           ; 0     ; None ; Unassigned ; Old data             ; New data        ; New data        ; Off      ; No                     ; Yes           ;
; dg_csr_top:u_dualguard|dg_tile_core:core|dg_tile_ram:banks[20].weight_bank|altsyncram:mem_rtl_0|altsyncram_rtr1:auto_generated|ALTSYNCRAM  ; M10K block ; Simple Dual Port ; Single Clock ; 256          ; 8            ; 256          ; 8            ; yes                    ; no                      ; yes                    ; no                      ; 2048 ; 256                         ; 8                           ; 256                         ; 8                           ; 2048                ; 1           ; 0     ; None ; Unassigned ; Old data             ; New data        ; New data        ; Off      ; No                     ; Yes           ;
; dg_csr_top:u_dualguard|dg_tile_core:core|dg_tile_ram:banks[21].weight_bank|altsyncram:mem_rtl_0|altsyncram_rtr1:auto_generated|ALTSYNCRAM  ; M10K block ; Simple Dual Port ; Single Clock ; 256          ; 8            ; 256          ; 8            ; yes                    ; no                      ; yes                    ; no                      ; 2048 ; 256                         ; 8                           ; 256                         ; 8                           ; 2048                ; 1           ; 0     ; None ; Unassigned ; Old data             ; New data        ; New data        ; Off      ; No                     ; Yes           ;
; dg_csr_top:u_dualguard|dg_tile_core:core|dg_tile_ram:banks[22].weight_bank|altsyncram:mem_rtl_0|altsyncram_rtr1:auto_generated|ALTSYNCRAM  ; M10K block ; Simple Dual Port ; Single Clock ; 256          ; 8            ; 256          ; 8            ; yes                    ; no                      ; yes                    ; no                      ; 2048 ; 256                         ; 8                           ; 256                         ; 8                           ; 2048                ; 1           ; 0     ; None ; Unassigned ; Old data             ; New data        ; New data        ; Off      ; No                     ; Yes           ;
; dg_csr_top:u_dualguard|dg_tile_core:core|dg_tile_ram:banks[23].weight_bank|altsyncram:mem_rtl_0|altsyncram_rtr1:auto_generated|ALTSYNCRAM  ; M10K block ; Simple Dual Port ; Single Clock ; 256          ; 8            ; 256          ; 8            ; yes                    ; no                      ; yes                    ; no                      ; 2048 ; 256                         ; 8                           ; 256                         ; 8                           ; 2048                ; 1           ; 0     ; None ; Unassigned ; Old data             ; New data        ; New data        ; Off      ; No                     ; Yes           ;
; dg_csr_top:u_dualguard|dg_tile_core:core|dg_tile_ram:banks[24].weight_bank|altsyncram:mem_rtl_0|altsyncram_rtr1:auto_generated|ALTSYNCRAM  ; M10K block ; Simple Dual Port ; Single Clock ; 256          ; 8            ; 256          ; 8            ; yes                    ; no                      ; yes                    ; no                      ; 2048 ; 256                         ; 8                           ; 256                         ; 8                           ; 2048                ; 1           ; 0     ; None ; Unassigned ; Old data             ; New data        ; New data        ; Off      ; No                     ; Yes           ;
; dg_csr_top:u_dualguard|dg_tile_core:core|dg_tile_ram:banks[25].weight_bank|altsyncram:mem_rtl_0|altsyncram_rtr1:auto_generated|ALTSYNCRAM  ; M10K block ; Simple Dual Port ; Single Clock ; 256          ; 8            ; 256          ; 8            ; yes                    ; no                      ; yes                    ; no                      ; 2048 ; 256                         ; 8                           ; 256                         ; 8                           ; 2048                ; 1           ; 0     ; None ; Unassigned ; Old data             ; New data        ; New data        ; Off      ; No                     ; Yes           ;
; dg_csr_top:u_dualguard|dg_tile_core:core|dg_tile_ram:banks[26].weight_bank|altsyncram:mem_rtl_0|altsyncram_rtr1:auto_generated|ALTSYNCRAM  ; M10K block ; Simple Dual Port ; Single Clock ; 256          ; 8            ; 256          ; 8            ; yes                    ; no                      ; yes                    ; no                      ; 2048 ; 256                         ; 8                           ; 256                         ; 8                           ; 2048                ; 1           ; 0     ; None ; Unassigned ; Old data             ; New data        ; New data        ; Off      ; No                     ; Yes           ;
; dg_csr_top:u_dualguard|dg_tile_core:core|dg_tile_ram:banks[27].weight_bank|altsyncram:mem_rtl_0|altsyncram_rtr1:auto_generated|ALTSYNCRAM  ; M10K block ; Simple Dual Port ; Single Clock ; 256          ; 8            ; 256          ; 8            ; yes                    ; no                      ; yes                    ; no                      ; 2048 ; 256                         ; 8                           ; 256                         ; 8                           ; 2048                ; 1           ; 0     ; None ; Unassigned ; Old data             ; New data        ; New data        ; Off      ; No                     ; Yes           ;
; dg_csr_top:u_dualguard|dg_tile_core:core|dg_tile_ram:banks[28].weight_bank|altsyncram:mem_rtl_0|altsyncram_rtr1:auto_generated|ALTSYNCRAM  ; M10K block ; Simple Dual Port ; Single Clock ; 256          ; 8            ; 256          ; 8            ; yes                    ; no                      ; yes                    ; no                      ; 2048 ; 256                         ; 8                           ; 256                         ; 8                           ; 2048                ; 1           ; 0     ; None ; Unassigned ; Old data             ; New data        ; New data        ; Off      ; No                     ; Yes           ;
; dg_csr_top:u_dualguard|dg_tile_core:core|dg_tile_ram:banks[29].weight_bank|altsyncram:mem_rtl_0|altsyncram_rtr1:auto_generated|ALTSYNCRAM  ; M10K block ; Simple Dual Port ; Single Clock ; 256          ; 8            ; 256          ; 8            ; yes                    ; no                      ; yes                    ; no                      ; 2048 ; 256                         ; 8                           ; 256                         ; 8                           ; 2048                ; 1           ; 0     ; None ; Unassigned ; Old data             ; New data        ; New data        ; Off      ; No                     ; Yes           ;
; dg_csr_top:u_dualguard|dg_tile_core:core|dg_tile_ram:banks[2].weight_bank|altsyncram:mem_rtl_0|altsyncram_rtr1:auto_generated|ALTSYNCRAM   ; M10K block ; Simple Dual Port ; Single Clock ; 256          ; 8            ; 256          ; 8            ; yes                    ; no                      ; yes                    ; no                      ; 2048 ; 256                         ; 8                           ; 256                         ; 8                           ; 2048                ; 1           ; 0     ; None ; Unassigned ; Old data             ; New data        ; New data        ; Off      ; No                     ; Yes           ;
; dg_csr_top:u_dualguard|dg_tile_core:core|dg_tile_ram:banks[30].weight_bank|altsyncram:mem_rtl_0|altsyncram_rtr1:auto_generated|ALTSYNCRAM  ; M10K block ; Simple Dual Port ; Single Clock ; 256          ; 8            ; 256          ; 8            ; yes                    ; no                      ; yes                    ; no                      ; 2048 ; 256                         ; 8                           ; 256                         ; 8                           ; 2048                ; 1           ; 0     ; None ; Unassigned ; Old data             ; New data        ; New data        ; Off      ; No                     ; Yes           ;
; dg_csr_top:u_dualguard|dg_tile_core:core|dg_tile_ram:banks[31].weight_bank|altsyncram:mem_rtl_0|altsyncram_rtr1:auto_generated|ALTSYNCRAM  ; M10K block ; Simple Dual Port ; Single Clock ; 256          ; 8            ; 256          ; 8            ; yes                    ; no                      ; yes                    ; no                      ; 2048 ; 256                         ; 8                           ; 256                         ; 8                           ; 2048                ; 1           ; 0     ; None ; Unassigned ; Old data             ; New data        ; New data        ; Off      ; No                     ; Yes           ;
; dg_csr_top:u_dualguard|dg_tile_core:core|dg_tile_ram:banks[32].weight_bank|altsyncram:mem_rtl_0|altsyncram_rtr1:auto_generated|ALTSYNCRAM  ; M10K block ; Simple Dual Port ; Single Clock ; 256          ; 8            ; 256          ; 8            ; yes                    ; no                      ; yes                    ; no                      ; 2048 ; 256                         ; 8                           ; 256                         ; 8                           ; 2048                ; 1           ; 0     ; None ; Unassigned ; Old data             ; New data        ; New data        ; Off      ; No                     ; Yes           ;
; dg_csr_top:u_dualguard|dg_tile_core:core|dg_tile_ram:banks[33].weight_bank|altsyncram:mem_rtl_0|altsyncram_rtr1:auto_generated|ALTSYNCRAM  ; M10K block ; Simple Dual Port ; Single Clock ; 256          ; 8            ; 256          ; 8            ; yes                    ; no                      ; yes                    ; no                      ; 2048 ; 256                         ; 8                           ; 256                         ; 8                           ; 2048                ; 1           ; 0     ; None ; Unassigned ; Old data             ; New data        ; New data        ; Off      ; No                     ; Yes           ;
; dg_csr_top:u_dualguard|dg_tile_core:core|dg_tile_ram:banks[34].weight_bank|altsyncram:mem_rtl_0|altsyncram_rtr1:auto_generated|ALTSYNCRAM  ; M10K block ; Simple Dual Port ; Single Clock ; 256          ; 8            ; 256          ; 8            ; yes                    ; no                      ; yes                    ; no                      ; 2048 ; 256                         ; 8                           ; 256                         ; 8                           ; 2048                ; 1           ; 0     ; None ; Unassigned ; Old data             ; New data        ; New data        ; Off      ; No                     ; Yes           ;
; dg_csr_top:u_dualguard|dg_tile_core:core|dg_tile_ram:banks[35].weight_bank|altsyncram:mem_rtl_0|altsyncram_rtr1:auto_generated|ALTSYNCRAM  ; M10K block ; Simple Dual Port ; Single Clock ; 256          ; 8            ; 256          ; 8            ; yes                    ; no                      ; yes                    ; no                      ; 2048 ; 256                         ; 8                           ; 256                         ; 8                           ; 2048                ; 1           ; 0     ; None ; Unassigned ; Old data             ; New data        ; New data        ; Off      ; No                     ; Yes           ;
; dg_csr_top:u_dualguard|dg_tile_core:core|dg_tile_ram:banks[36].weight_bank|altsyncram:mem_rtl_0|altsyncram_rtr1:auto_generated|ALTSYNCRAM  ; M10K block ; Simple Dual Port ; Single Clock ; 256          ; 8            ; 256          ; 8            ; yes                    ; no                      ; yes                    ; no                      ; 2048 ; 256                         ; 8                           ; 256                         ; 8                           ; 2048                ; 1           ; 0     ; None ; Unassigned ; Old data             ; New data        ; New data        ; Off      ; No                     ; Yes           ;
; dg_csr_top:u_dualguard|dg_tile_core:core|dg_tile_ram:banks[37].weight_bank|altsyncram:mem_rtl_0|altsyncram_rtr1:auto_generated|ALTSYNCRAM  ; M10K block ; Simple Dual Port ; Single Clock ; 256          ; 8            ; 256          ; 8            ; yes                    ; no                      ; yes                    ; no                      ; 2048 ; 256                         ; 8                           ; 256                         ; 8                           ; 2048                ; 1           ; 0     ; None ; Unassigned ; Old data             ; New data        ; New data        ; Off      ; No                     ; Yes           ;
; dg_csr_top:u_dualguard|dg_tile_core:core|dg_tile_ram:banks[38].weight_bank|altsyncram:mem_rtl_0|altsyncram_rtr1:auto_generated|ALTSYNCRAM  ; M10K block ; Simple Dual Port ; Single Clock ; 256          ; 8            ; 256          ; 8            ; yes                    ; no                      ; yes                    ; no                      ; 2048 ; 256                         ; 8                           ; 256                         ; 8                           ; 2048                ; 1           ; 0     ; None ; Unassigned ; Old data             ; New data        ; New data        ; Off      ; No                     ; Yes           ;
; dg_csr_top:u_dualguard|dg_tile_core:core|dg_tile_ram:banks[39].weight_bank|altsyncram:mem_rtl_0|altsyncram_rtr1:auto_generated|ALTSYNCRAM  ; M10K block ; Simple Dual Port ; Single Clock ; 256          ; 8            ; 256          ; 8            ; yes                    ; no                      ; yes                    ; no                      ; 2048 ; 256                         ; 8                           ; 256                         ; 8                           ; 2048                ; 1           ; 0     ; None ; Unassigned ; Old data             ; New data        ; New data        ; Off      ; No                     ; Yes           ;
; dg_csr_top:u_dualguard|dg_tile_core:core|dg_tile_ram:banks[3].weight_bank|altsyncram:mem_rtl_0|altsyncram_rtr1:auto_generated|ALTSYNCRAM   ; M10K block ; Simple Dual Port ; Single Clock ; 256          ; 8            ; 256          ; 8            ; yes                    ; no                      ; yes                    ; no                      ; 2048 ; 256                         ; 8                           ; 256                         ; 8                           ; 2048                ; 1           ; 0     ; None ; Unassigned ; Old data             ; New data        ; New data        ; Off      ; No                     ; Yes           ;
; dg_csr_top:u_dualguard|dg_tile_core:core|dg_tile_ram:banks[40].weight_bank|altsyncram:mem_rtl_0|altsyncram_rtr1:auto_generated|ALTSYNCRAM  ; M10K block ; Simple Dual Port ; Single Clock ; 256          ; 8            ; 256          ; 8            ; yes                    ; no                      ; yes                    ; no                      ; 2048 ; 256                         ; 8                           ; 256                         ; 8                           ; 2048                ; 1           ; 0     ; None ; Unassigned ; Old data             ; New data        ; New data        ; Off      ; No                     ; Yes           ;
; dg_csr_top:u_dualguard|dg_tile_core:core|dg_tile_ram:banks[41].weight_bank|altsyncram:mem_rtl_0|altsyncram_rtr1:auto_generated|ALTSYNCRAM  ; M10K block ; Simple Dual Port ; Single Clock ; 256          ; 8            ; 256          ; 8            ; yes                    ; no                      ; yes                    ; no                      ; 2048 ; 256                         ; 8                           ; 256                         ; 8                           ; 2048                ; 1           ; 0     ; None ; Unassigned ; Old data             ; New data        ; New data        ; Off      ; No                     ; Yes           ;
; dg_csr_top:u_dualguard|dg_tile_core:core|dg_tile_ram:banks[42].weight_bank|altsyncram:mem_rtl_0|altsyncram_rtr1:auto_generated|ALTSYNCRAM  ; M10K block ; Simple Dual Port ; Single Clock ; 256          ; 8            ; 256          ; 8            ; yes                    ; no                      ; yes                    ; no                      ; 2048 ; 256                         ; 8                           ; 256                         ; 8                           ; 2048                ; 1           ; 0     ; None ; Unassigned ; Old data             ; New data        ; New data        ; Off      ; No                     ; Yes           ;
; dg_csr_top:u_dualguard|dg_tile_core:core|dg_tile_ram:banks[43].weight_bank|altsyncram:mem_rtl_0|altsyncram_rtr1:auto_generated|ALTSYNCRAM  ; M10K block ; Simple Dual Port ; Single Clock ; 256          ; 8            ; 256          ; 8            ; yes                    ; no                      ; yes                    ; no                      ; 2048 ; 256                         ; 8                           ; 256                         ; 8                           ; 2048                ; 1           ; 0     ; None ; Unassigned ; Old data             ; New data        ; New data        ; Off      ; No                     ; Yes           ;
; dg_csr_top:u_dualguard|dg_tile_core:core|dg_tile_ram:banks[44].weight_bank|altsyncram:mem_rtl_0|altsyncram_rtr1:auto_generated|ALTSYNCRAM  ; M10K block ; Simple Dual Port ; Single Clock ; 256          ; 8            ; 256          ; 8            ; yes                    ; no                      ; yes                    ; no                      ; 2048 ; 256                         ; 8                           ; 256                         ; 8                           ; 2048                ; 1           ; 0     ; None ; Unassigned ; Old data             ; New data        ; New data        ; Off      ; No                     ; Yes           ;
; dg_csr_top:u_dualguard|dg_tile_core:core|dg_tile_ram:banks[45].weight_bank|altsyncram:mem_rtl_0|altsyncram_rtr1:auto_generated|ALTSYNCRAM  ; M10K block ; Simple Dual Port ; Single Clock ; 256          ; 8            ; 256          ; 8            ; yes                    ; no                      ; yes                    ; no                      ; 2048 ; 256                         ; 8                           ; 256                         ; 8                           ; 2048                ; 1           ; 0     ; None ; Unassigned ; Old data             ; New data        ; New data        ; Off      ; No                     ; Yes           ;
; dg_csr_top:u_dualguard|dg_tile_core:core|dg_tile_ram:banks[46].weight_bank|altsyncram:mem_rtl_0|altsyncram_rtr1:auto_generated|ALTSYNCRAM  ; M10K block ; Simple Dual Port ; Single Clock ; 256          ; 8            ; 256          ; 8            ; yes                    ; no                      ; yes                    ; no                      ; 2048 ; 256                         ; 8                           ; 256                         ; 8                           ; 2048                ; 1           ; 0     ; None ; Unassigned ; Old data             ; New data        ; New data        ; Off      ; No                     ; Yes           ;
; dg_csr_top:u_dualguard|dg_tile_core:core|dg_tile_ram:banks[47].weight_bank|altsyncram:mem_rtl_0|altsyncram_rtr1:auto_generated|ALTSYNCRAM  ; M10K block ; Simple Dual Port ; Single Clock ; 256          ; 8            ; 256          ; 8            ; yes                    ; no                      ; yes                    ; no                      ; 2048 ; 256                         ; 8                           ; 256                         ; 8                           ; 2048                ; 1           ; 0     ; None ; Unassigned ; Old data             ; New data        ; New data        ; Off      ; No                     ; Yes           ;
; dg_csr_top:u_dualguard|dg_tile_core:core|dg_tile_ram:banks[48].weight_bank|altsyncram:mem_rtl_0|altsyncram_rtr1:auto_generated|ALTSYNCRAM  ; M10K block ; Simple Dual Port ; Single Clock ; 256          ; 8            ; 256          ; 8            ; yes                    ; no                      ; yes                    ; no                      ; 2048 ; 256                         ; 8                           ; 256                         ; 8                           ; 2048                ; 1           ; 0     ; None ; Unassigned ; Old data             ; New data        ; New data        ; Off      ; No                     ; Yes           ;
; dg_csr_top:u_dualguard|dg_tile_core:core|dg_tile_ram:banks[49].weight_bank|altsyncram:mem_rtl_0|altsyncram_rtr1:auto_generated|ALTSYNCRAM  ; M10K block ; Simple Dual Port ; Single Clock ; 256          ; 8            ; 256          ; 8            ; yes                    ; no                      ; yes                    ; no                      ; 2048 ; 256                         ; 8                           ; 256                         ; 8                           ; 2048                ; 1           ; 0     ; None ; Unassigned ; Old data             ; New data        ; New data        ; Off      ; No                     ; Yes           ;
; dg_csr_top:u_dualguard|dg_tile_core:core|dg_tile_ram:banks[4].weight_bank|altsyncram:mem_rtl_0|altsyncram_rtr1:auto_generated|ALTSYNCRAM   ; M10K block ; Simple Dual Port ; Single Clock ; 256          ; 8            ; 256          ; 8            ; yes                    ; no                      ; yes                    ; no                      ; 2048 ; 256                         ; 8                           ; 256                         ; 8                           ; 2048                ; 1           ; 0     ; None ; Unassigned ; Old data             ; New data        ; New data        ; Off      ; No                     ; Yes           ;
; dg_csr_top:u_dualguard|dg_tile_core:core|dg_tile_ram:banks[50].weight_bank|altsyncram:mem_rtl_0|altsyncram_rtr1:auto_generated|ALTSYNCRAM  ; M10K block ; Simple Dual Port ; Single Clock ; 256          ; 8            ; 256          ; 8            ; yes                    ; no                      ; yes                    ; no                      ; 2048 ; 256                         ; 8                           ; 256                         ; 8                           ; 2048                ; 1           ; 0     ; None ; Unassigned ; Old data             ; New data        ; New data        ; Off      ; No                     ; Yes           ;
; dg_csr_top:u_dualguard|dg_tile_core:core|dg_tile_ram:banks[51].weight_bank|altsyncram:mem_rtl_0|altsyncram_rtr1:auto_generated|ALTSYNCRAM  ; M10K block ; Simple Dual Port ; Single Clock ; 256          ; 8            ; 256          ; 8            ; yes                    ; no                      ; yes                    ; no                      ; 2048 ; 256                         ; 8                           ; 256                         ; 8                           ; 2048                ; 1           ; 0     ; None ; Unassigned ; Old data             ; New data        ; New data        ; Off      ; No                     ; Yes           ;
; dg_csr_top:u_dualguard|dg_tile_core:core|dg_tile_ram:banks[52].weight_bank|altsyncram:mem_rtl_0|altsyncram_rtr1:auto_generated|ALTSYNCRAM  ; M10K block ; Simple Dual Port ; Single Clock ; 256          ; 8            ; 256          ; 8            ; yes                    ; no                      ; yes                    ; no                      ; 2048 ; 256                         ; 8                           ; 256                         ; 8                           ; 2048                ; 1           ; 0     ; None ; Unassigned ; Old data             ; New data        ; New data        ; Off      ; No                     ; Yes           ;
; dg_csr_top:u_dualguard|dg_tile_core:core|dg_tile_ram:banks[53].weight_bank|altsyncram:mem_rtl_0|altsyncram_rtr1:auto_generated|ALTSYNCRAM  ; M10K block ; Simple Dual Port ; Single Clock ; 256          ; 8            ; 256          ; 8            ; yes                    ; no                      ; yes                    ; no                      ; 2048 ; 256                         ; 8                           ; 256                         ; 8                           ; 2048                ; 1           ; 0     ; None ; Unassigned ; Old data             ; New data        ; New data        ; Off      ; No                     ; Yes           ;
; dg_csr_top:u_dualguard|dg_tile_core:core|dg_tile_ram:banks[54].weight_bank|altsyncram:mem_rtl_0|altsyncram_rtr1:auto_generated|ALTSYNCRAM  ; M10K block ; Simple Dual Port ; Single Clock ; 256          ; 8            ; 256          ; 8            ; yes                    ; no                      ; yes                    ; no                      ; 2048 ; 256                         ; 8                           ; 256                         ; 8                           ; 2048                ; 1           ; 0     ; None ; Unassigned ; Old data             ; New data        ; New data        ; Off      ; No                     ; Yes           ;
; dg_csr_top:u_dualguard|dg_tile_core:core|dg_tile_ram:banks[55].weight_bank|altsyncram:mem_rtl_0|altsyncram_rtr1:auto_generated|ALTSYNCRAM  ; M10K block ; Simple Dual Port ; Single Clock ; 256          ; 8            ; 256          ; 8            ; yes                    ; no                      ; yes                    ; no                      ; 2048 ; 256                         ; 8                           ; 256                         ; 8                           ; 2048                ; 1           ; 0     ; None ; Unassigned ; Old data             ; New data        ; New data        ; Off      ; No                     ; Yes           ;
; dg_csr_top:u_dualguard|dg_tile_core:core|dg_tile_ram:banks[56].weight_bank|altsyncram:mem_rtl_0|altsyncram_rtr1:auto_generated|ALTSYNCRAM  ; M10K block ; Simple Dual Port ; Single Clock ; 256          ; 8            ; 256          ; 8            ; yes                    ; no                      ; yes                    ; no                      ; 2048 ; 256                         ; 8                           ; 256                         ; 8                           ; 2048                ; 1           ; 0     ; None ; Unassigned ; Old data             ; New data        ; New data        ; Off      ; No                     ; Yes           ;
; dg_csr_top:u_dualguard|dg_tile_core:core|dg_tile_ram:banks[57].weight_bank|altsyncram:mem_rtl_0|altsyncram_rtr1:auto_generated|ALTSYNCRAM  ; M10K block ; Simple Dual Port ; Single Clock ; 256          ; 8            ; 256          ; 8            ; yes                    ; no                      ; yes                    ; no                      ; 2048 ; 256                         ; 8                           ; 256                         ; 8                           ; 2048                ; 1           ; 0     ; None ; Unassigned ; Old data             ; New data        ; New data        ; Off      ; No                     ; Yes           ;
; dg_csr_top:u_dualguard|dg_tile_core:core|dg_tile_ram:banks[58].weight_bank|altsyncram:mem_rtl_0|altsyncram_rtr1:auto_generated|ALTSYNCRAM  ; M10K block ; Simple Dual Port ; Single Clock ; 256          ; 8            ; 256          ; 8            ; yes                    ; no                      ; yes                    ; no                      ; 2048 ; 256                         ; 8                           ; 256                         ; 8                           ; 2048                ; 1           ; 0     ; None ; Unassigned ; Old data             ; New data        ; New data        ; Off      ; No                     ; Yes           ;
; dg_csr_top:u_dualguard|dg_tile_core:core|dg_tile_ram:banks[59].weight_bank|altsyncram:mem_rtl_0|altsyncram_rtr1:auto_generated|ALTSYNCRAM  ; M10K block ; Simple Dual Port ; Single Clock ; 256          ; 8            ; 256          ; 8            ; yes                    ; no                      ; yes                    ; no                      ; 2048 ; 256                         ; 8                           ; 256                         ; 8                           ; 2048                ; 1           ; 0     ; None ; Unassigned ; Old data             ; New data        ; New data        ; Off      ; No                     ; Yes           ;
; dg_csr_top:u_dualguard|dg_tile_core:core|dg_tile_ram:banks[5].weight_bank|altsyncram:mem_rtl_0|altsyncram_rtr1:auto_generated|ALTSYNCRAM   ; M10K block ; Simple Dual Port ; Single Clock ; 256          ; 8            ; 256          ; 8            ; yes                    ; no                      ; yes                    ; no                      ; 2048 ; 256                         ; 8                           ; 256                         ; 8                           ; 2048                ; 1           ; 0     ; None ; Unassigned ; Old data             ; New data        ; New data        ; Off      ; No                     ; Yes           ;
; dg_csr_top:u_dualguard|dg_tile_core:core|dg_tile_ram:banks[60].weight_bank|altsyncram:mem_rtl_0|altsyncram_rtr1:auto_generated|ALTSYNCRAM  ; M10K block ; Simple Dual Port ; Single Clock ; 256          ; 8            ; 256          ; 8            ; yes                    ; no                      ; yes                    ; no                      ; 2048 ; 256                         ; 8                           ; 256                         ; 8                           ; 2048                ; 1           ; 0     ; None ; Unassigned ; Old data             ; New data        ; New data        ; Off      ; No                     ; Yes           ;
; dg_csr_top:u_dualguard|dg_tile_core:core|dg_tile_ram:banks[61].weight_bank|altsyncram:mem_rtl_0|altsyncram_rtr1:auto_generated|ALTSYNCRAM  ; M10K block ; Simple Dual Port ; Single Clock ; 256          ; 8            ; 256          ; 8            ; yes                    ; no                      ; yes                    ; no                      ; 2048 ; 256                         ; 8                           ; 256                         ; 8                           ; 2048                ; 1           ; 0     ; None ; Unassigned ; Old data             ; New data        ; New data        ; Off      ; No                     ; Yes           ;
; dg_csr_top:u_dualguard|dg_tile_core:core|dg_tile_ram:banks[62].weight_bank|altsyncram:mem_rtl_0|altsyncram_rtr1:auto_generated|ALTSYNCRAM  ; M10K block ; Simple Dual Port ; Single Clock ; 256          ; 8            ; 256          ; 8            ; yes                    ; no                      ; yes                    ; no                      ; 2048 ; 256                         ; 8                           ; 256                         ; 8                           ; 2048                ; 1           ; 0     ; None ; Unassigned ; Old data             ; New data        ; New data        ; Off      ; No                     ; Yes           ;
; dg_csr_top:u_dualguard|dg_tile_core:core|dg_tile_ram:banks[63].weight_bank|altsyncram:mem_rtl_0|altsyncram_rtr1:auto_generated|ALTSYNCRAM  ; M10K block ; Simple Dual Port ; Single Clock ; 256          ; 8            ; 256          ; 8            ; yes                    ; no                      ; yes                    ; no                      ; 2048 ; 256                         ; 8                           ; 256                         ; 8                           ; 2048                ; 1           ; 0     ; None ; Unassigned ; Old data             ; New data        ; New data        ; Off      ; No                     ; Yes           ;
; dg_csr_top:u_dualguard|dg_tile_core:core|dg_tile_ram:banks[64].weight_bank|altsyncram:mem_rtl_0|altsyncram_rtr1:auto_generated|ALTSYNCRAM  ; M10K block ; Simple Dual Port ; Single Clock ; 256          ; 8            ; 256          ; 8            ; yes                    ; no                      ; yes                    ; no                      ; 2048 ; 256                         ; 8                           ; 256                         ; 8                           ; 2048                ; 1           ; 0     ; None ; Unassigned ; Old data             ; New data        ; New data        ; Off      ; No                     ; Yes           ;
; dg_csr_top:u_dualguard|dg_tile_core:core|dg_tile_ram:banks[65].weight_bank|altsyncram:mem_rtl_0|altsyncram_rtr1:auto_generated|ALTSYNCRAM  ; M10K block ; Simple Dual Port ; Single Clock ; 256          ; 8            ; 256          ; 8            ; yes                    ; no                      ; yes                    ; no                      ; 2048 ; 256                         ; 8                           ; 256                         ; 8                           ; 2048                ; 1           ; 0     ; None ; Unassigned ; Old data             ; New data        ; New data        ; Off      ; No                     ; Yes           ;
; dg_csr_top:u_dualguard|dg_tile_core:core|dg_tile_ram:banks[66].weight_bank|altsyncram:mem_rtl_0|altsyncram_rtr1:auto_generated|ALTSYNCRAM  ; M10K block ; Simple Dual Port ; Single Clock ; 256          ; 8            ; 256          ; 8            ; yes                    ; no                      ; yes                    ; no                      ; 2048 ; 256                         ; 8                           ; 256                         ; 8                           ; 2048                ; 1           ; 0     ; None ; Unassigned ; Old data             ; New data        ; New data        ; Off      ; No                     ; Yes           ;
; dg_csr_top:u_dualguard|dg_tile_core:core|dg_tile_ram:banks[67].weight_bank|altsyncram:mem_rtl_0|altsyncram_rtr1:auto_generated|ALTSYNCRAM  ; M10K block ; Simple Dual Port ; Single Clock ; 256          ; 8            ; 256          ; 8            ; yes                    ; no                      ; yes                    ; no                      ; 2048 ; 256                         ; 8                           ; 256                         ; 8                           ; 2048                ; 1           ; 0     ; None ; Unassigned ; Old data             ; New data        ; New data        ; Off      ; No                     ; Yes           ;
; dg_csr_top:u_dualguard|dg_tile_core:core|dg_tile_ram:banks[68].weight_bank|altsyncram:mem_rtl_0|altsyncram_rtr1:auto_generated|ALTSYNCRAM  ; M10K block ; Simple Dual Port ; Single Clock ; 256          ; 8            ; 256          ; 8            ; yes                    ; no                      ; yes                    ; no                      ; 2048 ; 256                         ; 8                           ; 256                         ; 8                           ; 2048                ; 1           ; 0     ; None ; Unassigned ; Old data             ; New data        ; New data        ; Off      ; No                     ; Yes           ;
; dg_csr_top:u_dualguard|dg_tile_core:core|dg_tile_ram:banks[69].weight_bank|altsyncram:mem_rtl_0|altsyncram_rtr1:auto_generated|ALTSYNCRAM  ; M10K block ; Simple Dual Port ; Single Clock ; 256          ; 8            ; 256          ; 8            ; yes                    ; no                      ; yes                    ; no                      ; 2048 ; 256                         ; 8                           ; 256                         ; 8                           ; 2048                ; 1           ; 0     ; None ; Unassigned ; Old data             ; New data        ; New data        ; Off      ; No                     ; Yes           ;
; dg_csr_top:u_dualguard|dg_tile_core:core|dg_tile_ram:banks[6].weight_bank|altsyncram:mem_rtl_0|altsyncram_rtr1:auto_generated|ALTSYNCRAM   ; M10K block ; Simple Dual Port ; Single Clock ; 256          ; 8            ; 256          ; 8            ; yes                    ; no                      ; yes                    ; no                      ; 2048 ; 256                         ; 8                           ; 256                         ; 8                           ; 2048                ; 1           ; 0     ; None ; Unassigned ; Old data             ; New data        ; New data        ; Off      ; No                     ; Yes           ;
; dg_csr_top:u_dualguard|dg_tile_core:core|dg_tile_ram:banks[70].weight_bank|altsyncram:mem_rtl_0|altsyncram_rtr1:auto_generated|ALTSYNCRAM  ; M10K block ; Simple Dual Port ; Single Clock ; 256          ; 8            ; 256          ; 8            ; yes                    ; no                      ; yes                    ; no                      ; 2048 ; 256                         ; 8                           ; 256                         ; 8                           ; 2048                ; 1           ; 0     ; None ; Unassigned ; Old data             ; New data        ; New data        ; Off      ; No                     ; Yes           ;
; dg_csr_top:u_dualguard|dg_tile_core:core|dg_tile_ram:banks[71].weight_bank|altsyncram:mem_rtl_0|altsyncram_rtr1:auto_generated|ALTSYNCRAM  ; M10K block ; Simple Dual Port ; Single Clock ; 256          ; 8            ; 256          ; 8            ; yes                    ; no                      ; yes                    ; no                      ; 2048 ; 256                         ; 8                           ; 256                         ; 8                           ; 2048                ; 1           ; 0     ; None ; Unassigned ; Old data             ; New data        ; New data        ; Off      ; No                     ; Yes           ;
; dg_csr_top:u_dualguard|dg_tile_core:core|dg_tile_ram:banks[72].weight_bank|altsyncram:mem_rtl_0|altsyncram_rtr1:auto_generated|ALTSYNCRAM  ; M10K block ; Simple Dual Port ; Single Clock ; 256          ; 8            ; 256          ; 8            ; yes                    ; no                      ; yes                    ; no                      ; 2048 ; 256                         ; 8                           ; 256                         ; 8                           ; 2048                ; 1           ; 0     ; None ; Unassigned ; Old data             ; New data        ; New data        ; Off      ; No                     ; Yes           ;
; dg_csr_top:u_dualguard|dg_tile_core:core|dg_tile_ram:banks[73].weight_bank|altsyncram:mem_rtl_0|altsyncram_rtr1:auto_generated|ALTSYNCRAM  ; M10K block ; Simple Dual Port ; Single Clock ; 256          ; 8            ; 256          ; 8            ; yes                    ; no                      ; yes                    ; no                      ; 2048 ; 256                         ; 8                           ; 256                         ; 8                           ; 2048                ; 1           ; 0     ; None ; Unassigned ; Old data             ; New data        ; New data        ; Off      ; No                     ; Yes           ;
; dg_csr_top:u_dualguard|dg_tile_core:core|dg_tile_ram:banks[74].weight_bank|altsyncram:mem_rtl_0|altsyncram_rtr1:auto_generated|ALTSYNCRAM  ; M10K block ; Simple Dual Port ; Single Clock ; 256          ; 8            ; 256          ; 8            ; yes                    ; no                      ; yes                    ; no                      ; 2048 ; 256                         ; 8                           ; 256                         ; 8                           ; 2048                ; 1           ; 0     ; None ; Unassigned ; Old data             ; New data        ; New data        ; Off      ; No                     ; Yes           ;
; dg_csr_top:u_dualguard|dg_tile_core:core|dg_tile_ram:banks[75].weight_bank|altsyncram:mem_rtl_0|altsyncram_rtr1:auto_generated|ALTSYNCRAM  ; M10K block ; Simple Dual Port ; Single Clock ; 256          ; 8            ; 256          ; 8            ; yes                    ; no                      ; yes                    ; no                      ; 2048 ; 256                         ; 8                           ; 256                         ; 8                           ; 2048                ; 1           ; 0     ; None ; Unassigned ; Old data             ; New data        ; New data        ; Off      ; No                     ; Yes           ;
; dg_csr_top:u_dualguard|dg_tile_core:core|dg_tile_ram:banks[76].weight_bank|altsyncram:mem_rtl_0|altsyncram_rtr1:auto_generated|ALTSYNCRAM  ; M10K block ; Simple Dual Port ; Single Clock ; 256          ; 8            ; 256          ; 8            ; yes                    ; no                      ; yes                    ; no                      ; 2048 ; 256                         ; 8                           ; 256                         ; 8                           ; 2048                ; 1           ; 0     ; None ; Unassigned ; Old data             ; New data        ; New data        ; Off      ; No                     ; Yes           ;
; dg_csr_top:u_dualguard|dg_tile_core:core|dg_tile_ram:banks[77].weight_bank|altsyncram:mem_rtl_0|altsyncram_rtr1:auto_generated|ALTSYNCRAM  ; M10K block ; Simple Dual Port ; Single Clock ; 256          ; 8            ; 256          ; 8            ; yes                    ; no                      ; yes                    ; no                      ; 2048 ; 256                         ; 8                           ; 256                         ; 8                           ; 2048                ; 1           ; 0     ; None ; Unassigned ; Old data             ; New data        ; New data        ; Off      ; No                     ; Yes           ;
; dg_csr_top:u_dualguard|dg_tile_core:core|dg_tile_ram:banks[78].weight_bank|altsyncram:mem_rtl_0|altsyncram_rtr1:auto_generated|ALTSYNCRAM  ; M10K block ; Simple Dual Port ; Single Clock ; 256          ; 8            ; 256          ; 8            ; yes                    ; no                      ; yes                    ; no                      ; 2048 ; 256                         ; 8                           ; 256                         ; 8                           ; 2048                ; 1           ; 0     ; None ; Unassigned ; Old data             ; New data        ; New data        ; Off      ; No                     ; Yes           ;
; dg_csr_top:u_dualguard|dg_tile_core:core|dg_tile_ram:banks[79].weight_bank|altsyncram:mem_rtl_0|altsyncram_rtr1:auto_generated|ALTSYNCRAM  ; M10K block ; Simple Dual Port ; Single Clock ; 256          ; 8            ; 256          ; 8            ; yes                    ; no                      ; yes                    ; no                      ; 2048 ; 256                         ; 8                           ; 256                         ; 8                           ; 2048                ; 1           ; 0     ; None ; Unassigned ; Old data             ; New data        ; New data        ; Off      ; No                     ; Yes           ;
; dg_csr_top:u_dualguard|dg_tile_core:core|dg_tile_ram:banks[7].weight_bank|altsyncram:mem_rtl_0|altsyncram_rtr1:auto_generated|ALTSYNCRAM   ; M10K block ; Simple Dual Port ; Single Clock ; 256          ; 8            ; 256          ; 8            ; yes                    ; no                      ; yes                    ; no                      ; 2048 ; 256                         ; 8                           ; 256                         ; 8                           ; 2048                ; 1           ; 0     ; None ; Unassigned ; Old data             ; New data        ; New data        ; Off      ; No                     ; Yes           ;
; dg_csr_top:u_dualguard|dg_tile_core:core|dg_tile_ram:banks[80].weight_bank|altsyncram:mem_rtl_0|altsyncram_rtr1:auto_generated|ALTSYNCRAM  ; M10K block ; Simple Dual Port ; Single Clock ; 256          ; 8            ; 256          ; 8            ; yes                    ; no                      ; yes                    ; no                      ; 2048 ; 256                         ; 8                           ; 256                         ; 8                           ; 2048                ; 1           ; 0     ; None ; Unassigned ; Old data             ; New data        ; New data        ; Off      ; No                     ; Yes           ;
; dg_csr_top:u_dualguard|dg_tile_core:core|dg_tile_ram:banks[81].weight_bank|altsyncram:mem_rtl_0|altsyncram_rtr1:auto_generated|ALTSYNCRAM  ; M10K block ; Simple Dual Port ; Single Clock ; 256          ; 8            ; 256          ; 8            ; yes                    ; no                      ; yes                    ; no                      ; 2048 ; 256                         ; 8                           ; 256                         ; 8                           ; 2048                ; 1           ; 0     ; None ; Unassigned ; Old data             ; New data        ; New data        ; Off      ; No                     ; Yes           ;
; dg_csr_top:u_dualguard|dg_tile_core:core|dg_tile_ram:banks[82].weight_bank|altsyncram:mem_rtl_0|altsyncram_rtr1:auto_generated|ALTSYNCRAM  ; M10K block ; Simple Dual Port ; Single Clock ; 256          ; 8            ; 256          ; 8            ; yes                    ; no                      ; yes                    ; no                      ; 2048 ; 256                         ; 8                           ; 256                         ; 8                           ; 2048                ; 1           ; 0     ; None ; Unassigned ; Old data             ; New data        ; New data        ; Off      ; No                     ; Yes           ;
; dg_csr_top:u_dualguard|dg_tile_core:core|dg_tile_ram:banks[83].weight_bank|altsyncram:mem_rtl_0|altsyncram_rtr1:auto_generated|ALTSYNCRAM  ; M10K block ; Simple Dual Port ; Single Clock ; 256          ; 8            ; 256          ; 8            ; yes                    ; no                      ; yes                    ; no                      ; 2048 ; 256                         ; 8                           ; 256                         ; 8                           ; 2048                ; 1           ; 0     ; None ; Unassigned ; Old data             ; New data        ; New data        ; Off      ; No                     ; Yes           ;
; dg_csr_top:u_dualguard|dg_tile_core:core|dg_tile_ram:banks[84].weight_bank|altsyncram:mem_rtl_0|altsyncram_rtr1:auto_generated|ALTSYNCRAM  ; M10K block ; Simple Dual Port ; Single Clock ; 256          ; 8            ; 256          ; 8            ; yes                    ; no                      ; yes                    ; no                      ; 2048 ; 256                         ; 8                           ; 256                         ; 8                           ; 2048                ; 1           ; 0     ; None ; Unassigned ; Old data             ; New data        ; New data        ; Off      ; No                     ; Yes           ;
; dg_csr_top:u_dualguard|dg_tile_core:core|dg_tile_ram:banks[85].weight_bank|altsyncram:mem_rtl_0|altsyncram_rtr1:auto_generated|ALTSYNCRAM  ; M10K block ; Simple Dual Port ; Single Clock ; 256          ; 8            ; 256          ; 8            ; yes                    ; no                      ; yes                    ; no                      ; 2048 ; 256                         ; 8                           ; 256                         ; 8                           ; 2048                ; 1           ; 0     ; None ; Unassigned ; Old data             ; New data        ; New data        ; Off      ; No                     ; Yes           ;
; dg_csr_top:u_dualguard|dg_tile_core:core|dg_tile_ram:banks[86].weight_bank|altsyncram:mem_rtl_0|altsyncram_rtr1:auto_generated|ALTSYNCRAM  ; M10K block ; Simple Dual Port ; Single Clock ; 256          ; 8            ; 256          ; 8            ; yes                    ; no                      ; yes                    ; no                      ; 2048 ; 256                         ; 8                           ; 256                         ; 8                           ; 2048                ; 1           ; 0     ; None ; Unassigned ; Old data             ; New data        ; New data        ; Off      ; No                     ; Yes           ;
; dg_csr_top:u_dualguard|dg_tile_core:core|dg_tile_ram:banks[87].weight_bank|altsyncram:mem_rtl_0|altsyncram_rtr1:auto_generated|ALTSYNCRAM  ; M10K block ; Simple Dual Port ; Single Clock ; 256          ; 8            ; 256          ; 8            ; yes                    ; no                      ; yes                    ; no                      ; 2048 ; 256                         ; 8                           ; 256                         ; 8                           ; 2048                ; 1           ; 0     ; None ; Unassigned ; Old data             ; New data        ; New data        ; Off      ; No                     ; Yes           ;
; dg_csr_top:u_dualguard|dg_tile_core:core|dg_tile_ram:banks[88].weight_bank|altsyncram:mem_rtl_0|altsyncram_rtr1:auto_generated|ALTSYNCRAM  ; M10K block ; Simple Dual Port ; Single Clock ; 256          ; 8            ; 256          ; 8            ; yes                    ; no                      ; yes                    ; no                      ; 2048 ; 256                         ; 8                           ; 256                         ; 8                           ; 2048                ; 1           ; 0     ; None ; Unassigned ; Old data             ; New data        ; New data        ; Off      ; No                     ; Yes           ;
; dg_csr_top:u_dualguard|dg_tile_core:core|dg_tile_ram:banks[89].weight_bank|altsyncram:mem_rtl_0|altsyncram_rtr1:auto_generated|ALTSYNCRAM  ; M10K block ; Simple Dual Port ; Single Clock ; 256          ; 8            ; 256          ; 8            ; yes                    ; no                      ; yes                    ; no                      ; 2048 ; 256                         ; 8                           ; 256                         ; 8                           ; 2048                ; 1           ; 0     ; None ; Unassigned ; Old data             ; New data        ; New data        ; Off      ; No                     ; Yes           ;
; dg_csr_top:u_dualguard|dg_tile_core:core|dg_tile_ram:banks[8].weight_bank|altsyncram:mem_rtl_0|altsyncram_rtr1:auto_generated|ALTSYNCRAM   ; M10K block ; Simple Dual Port ; Single Clock ; 256          ; 8            ; 256          ; 8            ; yes                    ; no                      ; yes                    ; no                      ; 2048 ; 256                         ; 8                           ; 256                         ; 8                           ; 2048                ; 1           ; 0     ; None ; Unassigned ; Old data             ; New data        ; New data        ; Off      ; No                     ; Yes           ;
; dg_csr_top:u_dualguard|dg_tile_core:core|dg_tile_ram:banks[90].weight_bank|altsyncram:mem_rtl_0|altsyncram_rtr1:auto_generated|ALTSYNCRAM  ; M10K block ; Simple Dual Port ; Single Clock ; 256          ; 8            ; 256          ; 8            ; yes                    ; no                      ; yes                    ; no                      ; 2048 ; 256                         ; 8                           ; 256                         ; 8                           ; 2048                ; 1           ; 0     ; None ; Unassigned ; Old data             ; New data        ; New data        ; Off      ; No                     ; Yes           ;
; dg_csr_top:u_dualguard|dg_tile_core:core|dg_tile_ram:banks[91].weight_bank|altsyncram:mem_rtl_0|altsyncram_rtr1:auto_generated|ALTSYNCRAM  ; M10K block ; Simple Dual Port ; Single Clock ; 256          ; 8            ; 256          ; 8            ; yes                    ; no                      ; yes                    ; no                      ; 2048 ; 256                         ; 8                           ; 256                         ; 8                           ; 2048                ; 1           ; 0     ; None ; Unassigned ; Old data             ; New data        ; New data        ; Off      ; No                     ; Yes           ;
; dg_csr_top:u_dualguard|dg_tile_core:core|dg_tile_ram:banks[92].weight_bank|altsyncram:mem_rtl_0|altsyncram_rtr1:auto_generated|ALTSYNCRAM  ; M10K block ; Simple Dual Port ; Single Clock ; 256          ; 8            ; 256          ; 8            ; yes                    ; no                      ; yes                    ; no                      ; 2048 ; 256                         ; 8                           ; 256                         ; 8                           ; 2048                ; 1           ; 0     ; None ; Unassigned ; Old data             ; New data        ; New data        ; Off      ; No                     ; Yes           ;
; dg_csr_top:u_dualguard|dg_tile_core:core|dg_tile_ram:banks[93].weight_bank|altsyncram:mem_rtl_0|altsyncram_rtr1:auto_generated|ALTSYNCRAM  ; M10K block ; Simple Dual Port ; Single Clock ; 256          ; 8            ; 256          ; 8            ; yes                    ; no                      ; yes                    ; no                      ; 2048 ; 256                         ; 8                           ; 256                         ; 8                           ; 2048                ; 1           ; 0     ; None ; Unassigned ; Old data             ; New data        ; New data        ; Off      ; No                     ; Yes           ;
; dg_csr_top:u_dualguard|dg_tile_core:core|dg_tile_ram:banks[94].weight_bank|altsyncram:mem_rtl_0|altsyncram_rtr1:auto_generated|ALTSYNCRAM  ; M10K block ; Simple Dual Port ; Single Clock ; 256          ; 8            ; 256          ; 8            ; yes                    ; no                      ; yes                    ; no                      ; 2048 ; 256                         ; 8                           ; 256                         ; 8                           ; 2048                ; 1           ; 0     ; None ; Unassigned ; Old data             ; New data        ; New data        ; Off      ; No                     ; Yes           ;
; dg_csr_top:u_dualguard|dg_tile_core:core|dg_tile_ram:banks[95].weight_bank|altsyncram:mem_rtl_0|altsyncram_rtr1:auto_generated|ALTSYNCRAM  ; M10K block ; Simple Dual Port ; Single Clock ; 256          ; 8            ; 256          ; 8            ; yes                    ; no                      ; yes                    ; no                      ; 2048 ; 256                         ; 8                           ; 256                         ; 8                           ; 2048                ; 1           ; 0     ; None ; Unassigned ; Old data             ; New data        ; New data        ; Off      ; No                     ; Yes           ;
; dg_csr_top:u_dualguard|dg_tile_core:core|dg_tile_ram:banks[96].weight_bank|altsyncram:mem_rtl_0|altsyncram_rtr1:auto_generated|ALTSYNCRAM  ; M10K block ; Simple Dual Port ; Single Clock ; 256          ; 8            ; 256          ; 8            ; yes                    ; no                      ; yes                    ; no                      ; 2048 ; 256                         ; 8                           ; 256                         ; 8                           ; 2048                ; 1           ; 0     ; None ; Unassigned ; Old data             ; New data        ; New data        ; Off      ; No                     ; Yes           ;
; dg_csr_top:u_dualguard|dg_tile_core:core|dg_tile_ram:banks[97].weight_bank|altsyncram:mem_rtl_0|altsyncram_rtr1:auto_generated|ALTSYNCRAM  ; M10K block ; Simple Dual Port ; Single Clock ; 256          ; 8            ; 256          ; 8            ; yes                    ; no                      ; yes                    ; no                      ; 2048 ; 256                         ; 8                           ; 256                         ; 8                           ; 2048                ; 1           ; 0     ; None ; Unassigned ; Old data             ; New data        ; New data        ; Off      ; No                     ; Yes           ;
; dg_csr_top:u_dualguard|dg_tile_core:core|dg_tile_ram:banks[98].weight_bank|altsyncram:mem_rtl_0|altsyncram_rtr1:auto_generated|ALTSYNCRAM  ; M10K block ; Simple Dual Port ; Single Clock ; 256          ; 8            ; 256          ; 8            ; yes                    ; no                      ; yes                    ; no                      ; 2048 ; 256                         ; 8                           ; 256                         ; 8                           ; 2048                ; 1           ; 0     ; None ; Unassigned ; Old data             ; New data        ; New data        ; Off      ; No                     ; Yes           ;
; dg_csr_top:u_dualguard|dg_tile_core:core|dg_tile_ram:banks[99].weight_bank|altsyncram:mem_rtl_0|altsyncram_rtr1:auto_generated|ALTSYNCRAM  ; M10K block ; Simple Dual Port ; Single Clock ; 256          ; 8            ; 256          ; 8            ; yes                    ; no                      ; yes                    ; no                      ; 2048 ; 256                         ; 8                           ; 256                         ; 8                           ; 2048                ; 1           ; 0     ; None ; Unassigned ; Old data             ; New data        ; New data        ; Off      ; No                     ; Yes           ;
; dg_csr_top:u_dualguard|dg_tile_core:core|dg_tile_ram:banks[9].weight_bank|altsyncram:mem_rtl_0|altsyncram_rtr1:auto_generated|ALTSYNCRAM   ; M10K block ; Simple Dual Port ; Single Clock ; 256          ; 8            ; 256          ; 8            ; yes                    ; no                      ; yes                    ; no                      ; 2048 ; 256                         ; 8                           ; 256                         ; 8                           ; 2048                ; 1           ; 0     ; None ; Unassigned ; Old data             ; New data        ; New data        ; Off      ; No                     ; Yes           ;
; dg_csr_top:u_dualguard|dg_tile_core:core|dg_tile_ram:input_bank|altsyncram:mem_rtl_0|altsyncram_rtr1:auto_generated|ALTSYNCRAM             ; M10K block ; Simple Dual Port ; Single Clock ; 256          ; 8            ; 256          ; 8            ; yes                    ; no                      ; yes                    ; no                      ; 2048 ; 256                         ; 8                           ; 256                         ; 8                           ; 2048                ; 1           ; 0     ; None ; Unassigned ; Old data             ; New data        ; New data        ; Off      ; No                     ; Yes           ;
+--------------------------------------------------------------------------------------------------------------------------------------------+------------+------------------+--------------+--------------+--------------+--------------+--------------+------------------------+-------------------------+------------------------+-------------------------+------+-----------------------------+-----------------------------+-----------------------------+-----------------------------+---------------------+-------------+-------+------+------------+----------------------+-----------------+-----------------+----------+------------------------+---------------+
Note: Fitter may spread logical memories into multiple blocks to improve timing. The actual required RAM blocks can be found in the Fitter Resource Usage section.


+-------------------------------------------------+
; Fitter DSP Block Usage Summary                  ;
+-----------------------------------+-------------+
; Statistic                         ; Number Used ;
+-----------------------------------+-------------+
; Two Independent 18x18             ; 2           ;
; Independent 18x18 plus 36         ; 128         ;
; Sum of two 18x18                  ; 1           ;
; Total number of DSP blocks        ; 131         ;
;                                   ;             ;
; Fixed Point Signed Multiplier     ; 129         ;
; Fixed Point Unsigned Multiplier   ; 1           ;
; Fixed Point Mixed Sign Multiplier ; 2           ;
+-----------------------------------+-------------+


+---------------------------------------------------------------------------------------------------------------------------------------------------------------------------------------------------------------------------------------------------------------------------------------------------------------------------------------------------------------------------------------------------------------------------------------------------------------------------+
; DSP Block Details                                                                                                                                                                                                                                                                                                                                                                                                                                                         ;
+-------------------------------------------------------------------------------+---------------------------+------------+---------------------+------------------------+------------------------+------------------------+------------------------+------------------------+------------------------+-----------------+--------------------------------+---------------------+-------------------------------+------------------------------+------------------------------+
; Name                                                                          ; Mode                      ; Location   ; Sign Representation ; Data AX Input Register ; Data AY Input Register ; Data AZ Input Register ; Data BX Input Register ; Data BY Input Register ; Data BZ Input Register ; Output Register ; Dedicated Shift Register Chain ; Dedicated Pre-Adder ; Dedicated Coefficient Storage ; Dedicated Output Adder Chain ; Dedicated Output Accumulator ;
+-------------------------------------------------------------------------------+---------------------------+------------+---------------------+------------------------+------------------------+------------------------+------------------------+------------------------+------------------------+-----------------+--------------------------------+---------------------+-------------------------------+------------------------------+------------------------------+
; dg_csr_top:u_dualguard|dg_tile_core:core|dg_mac_lane:banks[64].mac|Mult0~mac  ; Independent 18x18 plus 36 ; Unassigned ; Mixed               ; no                     ; no                     ; --                     ; no                     ; no                     ; --                     ; no              ; no                             ; no                  ; no                            ; no                           ; no                           ;
; dg_csr_top:u_dualguard|dg_tile_core:core|dg_mac_lane:banks[80].mac|Mult0~mac  ; Independent 18x18 plus 36 ; Unassigned ; Mixed               ; no                     ; no                     ; --                     ; no                     ; no                     ; --                     ; no              ; no                             ; no                  ; no                            ; no                           ; no                           ;
; dg_csr_top:u_dualguard|dg_tile_core:core|dg_mac_lane:banks[96].mac|Mult0~mac  ; Independent 18x18 plus 36 ; Unassigned ; Mixed               ; no                     ; no                     ; --                     ; no                     ; no                     ; --                     ; no              ; no                             ; no                  ; no                            ; no                           ; no                           ;
; dg_csr_top:u_dualguard|dg_tile_core:core|dg_mac_lane:banks[112].mac|Mult0~mac ; Independent 18x18 plus 36 ; Unassigned ; Mixed               ; no                     ; no                     ; --                     ; no                     ; no                     ; --                     ; no              ; no                             ; no                  ; no                            ; no                           ; no                           ;
; dg_csr_top:u_dualguard|dg_tile_core:core|dg_mac_lane:banks[68].mac|Mult0~mac  ; Independent 18x18 plus 36 ; Unassigned ; Mixed               ; no                     ; no                     ; --                     ; no                     ; no                     ; --                     ; no              ; no                             ; no                  ; no                            ; no                           ; no                           ;
; dg_csr_top:u_dualguard|dg_tile_core:core|dg_mac_lane:banks[84].mac|Mult0~mac  ; Independent 18x18 plus 36 ; Unassigned ; Mixed               ; no                     ; no                     ; --                     ; no                     ; no                     ; --                     ; no              ; no                             ; no                  ; no                            ; no                           ; no                           ;
; dg_csr_top:u_dualguard|dg_tile_core:core|dg_mac_lane:banks[100].mac|Mult0~mac ; Independent 18x18 plus 36 ; Unassigned ; Mixed               ; no                     ; no                     ; --                     ; no                     ; no                     ; --                     ; no              ; no                             ; no                  ; no                            ; no                           ; no                           ;
; dg_csr_top:u_dualguard|dg_tile_core:core|dg_mac_lane:banks[116].mac|Mult0~mac ; Independent 18x18 plus 36 ; Unassigned ; Mixed               ; no                     ; no                     ; --                     ; no                     ; no                     ; --                     ; no              ; no                             ; no                  ; no                            ; no                           ; no                           ;
; dg_csr_top:u_dualguard|dg_tile_core:core|dg_mac_lane:banks[72].mac|Mult0~mac  ; Independent 18x18 plus 36 ; Unassigned ; Mixed               ; no                     ; no                     ; --                     ; no                     ; no                     ; --                     ; no              ; no                             ; no                  ; no                            ; no                           ; no                           ;
; dg_csr_top:u_dualguard|dg_tile_core:core|dg_mac_lane:banks[88].mac|Mult0~mac  ; Independent 18x18 plus 36 ; Unassigned ; Mixed               ; no                     ; no                     ; --                     ; no                     ; no                     ; --                     ; no              ; no                             ; no                  ; no                            ; no                           ; no                           ;
; dg_csr_top:u_dualguard|dg_tile_core:core|dg_mac_lane:banks[104].mac|Mult0~mac ; Independent 18x18 plus 36 ; Unassigned ; Mixed               ; no                     ; no                     ; --                     ; no                     ; no                     ; --                     ; no              ; no                             ; no                  ; no                            ; no                           ; no                           ;
; dg_csr_top:u_dualguard|dg_tile_core:core|dg_mac_lane:banks[120].mac|Mult0~mac ; Independent 18x18 plus 36 ; Unassigned ; Mixed               ; no                     ; no                     ; --                     ; no                     ; no                     ; --                     ; no              ; no                             ; no                  ; no                            ; no                           ; no                           ;
; dg_csr_top:u_dualguard|dg_tile_core:core|dg_mac_lane:banks[76].mac|Mult0~mac  ; Independent 18x18 plus 36 ; Unassigned ; Mixed               ; no                     ; no                     ; --                     ; no                     ; no                     ; --                     ; no              ; no                             ; no                  ; no                            ; no                           ; no                           ;
; dg_csr_top:u_dualguard|dg_tile_core:core|dg_mac_lane:banks[92].mac|Mult0~mac  ; Independent 18x18 plus 36 ; Unassigned ; Mixed               ; no                     ; no                     ; --                     ; no                     ; no                     ; --                     ; no              ; no                             ; no                  ; no                            ; no                           ; no                           ;
; dg_csr_top:u_dualguard|dg_tile_core:core|dg_mac_lane:banks[108].mac|Mult0~mac ; Independent 18x18 plus 36 ; Unassigned ; Mixed               ; no                     ; no                     ; --                     ; no                     ; no                     ; --                     ; no              ; no                             ; no                  ; no                            ; no                           ; no                           ;
; dg_csr_top:u_dualguard|dg_tile_core:core|dg_mac_lane:banks[124].mac|Mult0~mac ; Independent 18x18 plus 36 ; Unassigned ; Mixed               ; no                     ; no                     ; --                     ; no                     ; no                     ; --                     ; no              ; no                             ; no                  ; no                            ; no                           ; no                           ;
; dg_csr_top:u_dualguard|dg_tile_core:core|dg_mac_lane:banks[65].mac|Mult0~mac  ; Independent 18x18 plus 36 ; Unassigned ; Mixed               ; no                     ; no                     ; --                     ; no                     ; no                     ; --                     ; no              ; no                             ; no                  ; no                            ; no                           ; no                           ;
; dg_csr_top:u_dualguard|dg_tile_core:core|dg_mac_lane:banks[81].mac|Mult0~mac  ; Independent 18x18 plus 36 ; Unassigned ; Mixed               ; no                     ; no                     ; --                     ; no                     ; no                     ; --                     ; no              ; no                             ; no                  ; no                            ; no                           ; no                           ;
; dg_csr_top:u_dualguard|dg_tile_core:core|dg_mac_lane:banks[97].mac|Mult0~mac  ; Independent 18x18 plus 36 ; Unassigned ; Mixed               ; no                     ; no                     ; --                     ; no                     ; no                     ; --                     ; no              ; no                             ; no                  ; no                            ; no                           ; no                           ;
; dg_csr_top:u_dualguard|dg_tile_core:core|dg_mac_lane:banks[113].mac|Mult0~mac ; Independent 18x18 plus 36 ; Unassigned ; Mixed               ; no                     ; no                     ; --                     ; no                     ; no                     ; --                     ; no              ; no                             ; no                  ; no                            ; no                           ; no                           ;
; dg_csr_top:u_dualguard|dg_tile_core:core|dg_mac_lane:banks[69].mac|Mult0~mac  ; Independent 18x18 plus 36 ; Unassigned ; Mixed               ; no                     ; no                     ; --                     ; no                     ; no                     ; --                     ; no              ; no                             ; no                  ; no                            ; no                           ; no                           ;
; dg_csr_top:u_dualguard|dg_tile_core:core|dg_mac_lane:banks[85].mac|Mult0~mac  ; Independent 18x18 plus 36 ; Unassigned ; Mixed               ; no                     ; no                     ; --                     ; no                     ; no                     ; --                     ; no              ; no                             ; no                  ; no                            ; no                           ; no                           ;
; dg_csr_top:u_dualguard|dg_tile_core:core|dg_mac_lane:banks[101].mac|Mult0~mac ; Independent 18x18 plus 36 ; Unassigned ; Mixed               ; no                     ; no                     ; --                     ; no                     ; no                     ; --                     ; no              ; no                             ; no                  ; no                            ; no                           ; no                           ;
; dg_csr_top:u_dualguard|dg_tile_core:core|dg_mac_lane:banks[117].mac|Mult0~mac ; Independent 18x18 plus 36 ; Unassigned ; Mixed               ; no                     ; no                     ; --                     ; no                     ; no                     ; --                     ; no              ; no                             ; no                  ; no                            ; no                           ; no                           ;
; dg_csr_top:u_dualguard|dg_tile_core:core|dg_mac_lane:banks[73].mac|Mult0~mac  ; Independent 18x18 plus 36 ; Unassigned ; Mixed               ; no                     ; no                     ; --                     ; no                     ; no                     ; --                     ; no              ; no                             ; no                  ; no                            ; no                           ; no                           ;
; dg_csr_top:u_dualguard|dg_tile_core:core|dg_mac_lane:banks[89].mac|Mult0~mac  ; Independent 18x18 plus 36 ; Unassigned ; Mixed               ; no                     ; no                     ; --                     ; no                     ; no                     ; --                     ; no              ; no                             ; no                  ; no                            ; no                           ; no                           ;
; dg_csr_top:u_dualguard|dg_tile_core:core|dg_mac_lane:banks[105].mac|Mult0~mac ; Independent 18x18 plus 36 ; Unassigned ; Mixed               ; no                     ; no                     ; --                     ; no                     ; no                     ; --                     ; no              ; no                             ; no                  ; no                            ; no                           ; no                           ;
; dg_csr_top:u_dualguard|dg_tile_core:core|dg_mac_lane:banks[121].mac|Mult0~mac ; Independent 18x18 plus 36 ; Unassigned ; Mixed               ; no                     ; no                     ; --                     ; no                     ; no                     ; --                     ; no              ; no                             ; no                  ; no                            ; no                           ; no                           ;
; dg_csr_top:u_dualguard|dg_tile_core:core|dg_mac_lane:banks[77].mac|Mult0~mac  ; Independent 18x18 plus 36 ; Unassigned ; Mixed               ; no                     ; no                     ; --                     ; no                     ; no                     ; --                     ; no              ; no                             ; no                  ; no                            ; no                           ; no                           ;
; dg_csr_top:u_dualguard|dg_tile_core:core|dg_mac_lane:banks[93].mac|Mult0~mac  ; Independent 18x18 plus 36 ; Unassigned ; Mixed               ; no                     ; no                     ; --                     ; no                     ; no                     ; --                     ; no              ; no                             ; no                  ; no                            ; no                           ; no                           ;
; dg_csr_top:u_dualguard|dg_tile_core:core|dg_mac_lane:banks[109].mac|Mult0~mac ; Independent 18x18 plus 36 ; Unassigned ; Mixed               ; no                     ; no                     ; --                     ; no                     ; no                     ; --                     ; no              ; no                             ; no                  ; no                            ; no                           ; no                           ;
; dg_csr_top:u_dualguard|dg_tile_core:core|dg_mac_lane:banks[125].mac|Mult0~mac ; Independent 18x18 plus 36 ; Unassigned ; Mixed               ; no                     ; no                     ; --                     ; no                     ; no                     ; --                     ; no              ; no                             ; no                  ; no                            ; no                           ; no                           ;
; dg_csr_top:u_dualguard|dg_tile_core:core|dg_mac_lane:banks[66].mac|Mult0~mac  ; Independent 18x18 plus 36 ; Unassigned ; Mixed               ; no                     ; no                     ; --                     ; no                     ; no                     ; --                     ; no              ; no                             ; no                  ; no                            ; no                           ; no                           ;
; dg_csr_top:u_dualguard|dg_tile_core:core|dg_mac_lane:banks[82].mac|Mult0~mac  ; Independent 18x18 plus 36 ; Unassigned ; Mixed               ; no                     ; no                     ; --                     ; no                     ; no                     ; --                     ; no              ; no                             ; no                  ; no                            ; no                           ; no                           ;
; dg_csr_top:u_dualguard|dg_tile_core:core|dg_mac_lane:banks[98].mac|Mult0~mac  ; Independent 18x18 plus 36 ; Unassigned ; Mixed               ; no                     ; no                     ; --                     ; no                     ; no                     ; --                     ; no              ; no                             ; no                  ; no                            ; no                           ; no                           ;
; dg_csr_top:u_dualguard|dg_tile_core:core|dg_mac_lane:banks[114].mac|Mult0~mac ; Independent 18x18 plus 36 ; Unassigned ; Mixed               ; no                     ; no                     ; --                     ; no                     ; no                     ; --                     ; no              ; no                             ; no                  ; no                            ; no                           ; no                           ;
; dg_csr_top:u_dualguard|dg_tile_core:core|dg_mac_lane:banks[70].mac|Mult0~mac  ; Independent 18x18 plus 36 ; Unassigned ; Mixed               ; no                     ; no                     ; --                     ; no                     ; no                     ; --                     ; no              ; no                             ; no                  ; no                            ; no                           ; no                           ;
; dg_csr_top:u_dualguard|dg_tile_core:core|dg_mac_lane:banks[86].mac|Mult0~mac  ; Independent 18x18 plus 36 ; Unassigned ; Mixed               ; no                     ; no                     ; --                     ; no                     ; no                     ; --                     ; no              ; no                             ; no                  ; no                            ; no                           ; no                           ;
; dg_csr_top:u_dualguard|dg_tile_core:core|dg_mac_lane:banks[102].mac|Mult0~mac ; Independent 18x18 plus 36 ; Unassigned ; Mixed               ; no                     ; no                     ; --                     ; no                     ; no                     ; --                     ; no              ; no                             ; no                  ; no                            ; no                           ; no                           ;
; dg_csr_top:u_dualguard|dg_tile_core:core|dg_mac_lane:banks[118].mac|Mult0~mac ; Independent 18x18 plus 36 ; Unassigned ; Mixed               ; no                     ; no                     ; --                     ; no                     ; no                     ; --                     ; no              ; no                             ; no                  ; no                            ; no                           ; no                           ;
; dg_csr_top:u_dualguard|dg_tile_core:core|dg_mac_lane:banks[74].mac|Mult0~mac  ; Independent 18x18 plus 36 ; Unassigned ; Mixed               ; no                     ; no                     ; --                     ; no                     ; no                     ; --                     ; no              ; no                             ; no                  ; no                            ; no                           ; no                           ;
; dg_csr_top:u_dualguard|dg_tile_core:core|dg_mac_lane:banks[90].mac|Mult0~mac  ; Independent 18x18 plus 36 ; Unassigned ; Mixed               ; no                     ; no                     ; --                     ; no                     ; no                     ; --                     ; no              ; no                             ; no                  ; no                            ; no                           ; no                           ;
; dg_csr_top:u_dualguard|dg_tile_core:core|dg_mac_lane:banks[106].mac|Mult0~mac ; Independent 18x18 plus 36 ; Unassigned ; Mixed               ; no                     ; no                     ; --                     ; no                     ; no                     ; --                     ; no              ; no                             ; no                  ; no                            ; no                           ; no                           ;
; dg_csr_top:u_dualguard|dg_tile_core:core|dg_mac_lane:banks[122].mac|Mult0~mac ; Independent 18x18 plus 36 ; Unassigned ; Mixed               ; no                     ; no                     ; --                     ; no                     ; no                     ; --                     ; no              ; no                             ; no                  ; no                            ; no                           ; no                           ;
; dg_csr_top:u_dualguard|dg_tile_core:core|dg_mac_lane:banks[78].mac|Mult0~mac  ; Independent 18x18 plus 36 ; Unassigned ; Mixed               ; no                     ; no                     ; --                     ; no                     ; no                     ; --                     ; no              ; no                             ; no                  ; no                            ; no                           ; no                           ;
; dg_csr_top:u_dualguard|dg_tile_core:core|dg_mac_lane:banks[94].mac|Mult0~mac  ; Independent 18x18 plus 36 ; Unassigned ; Mixed               ; no                     ; no                     ; --                     ; no                     ; no                     ; --                     ; no              ; no                             ; no                  ; no                            ; no                           ; no                           ;
; dg_csr_top:u_dualguard|dg_tile_core:core|dg_mac_lane:banks[110].mac|Mult0~mac ; Independent 18x18 plus 36 ; Unassigned ; Mixed               ; no                     ; no                     ; --                     ; no                     ; no                     ; --                     ; no              ; no                             ; no                  ; no                            ; no                           ; no                           ;
; dg_csr_top:u_dualguard|dg_tile_core:core|dg_mac_lane:banks[126].mac|Mult0~mac ; Independent 18x18 plus 36 ; Unassigned ; Mixed               ; no                     ; no                     ; --                     ; no                     ; no                     ; --                     ; no              ; no                             ; no                  ; no                            ; no                           ; no                           ;
; dg_csr_top:u_dualguard|dg_tile_core:core|dg_mac_lane:banks[67].mac|Mult0~mac  ; Independent 18x18 plus 36 ; Unassigned ; Mixed               ; no                     ; no                     ; --                     ; no                     ; no                     ; --                     ; no              ; no                             ; no                  ; no                            ; no                           ; no                           ;
; dg_csr_top:u_dualguard|dg_tile_core:core|dg_mac_lane:banks[83].mac|Mult0~mac  ; Independent 18x18 plus 36 ; Unassigned ; Mixed               ; no                     ; no                     ; --                     ; no                     ; no                     ; --                     ; no              ; no                             ; no                  ; no                            ; no                           ; no                           ;
; dg_csr_top:u_dualguard|dg_tile_core:core|dg_mac_lane:banks[99].mac|Mult0~mac  ; Independent 18x18 plus 36 ; Unassigned ; Mixed               ; no                     ; no                     ; --                     ; no                     ; no                     ; --                     ; no              ; no                             ; no                  ; no                            ; no                           ; no                           ;
; dg_csr_top:u_dualguard|dg_tile_core:core|dg_mac_lane:banks[115].mac|Mult0~mac ; Independent 18x18 plus 36 ; Unassigned ; Mixed               ; no                     ; no                     ; --                     ; no                     ; no                     ; --                     ; no              ; no                             ; no                  ; no                            ; no                           ; no                           ;
; dg_csr_top:u_dualguard|dg_tile_core:core|dg_mac_lane:banks[71].mac|Mult0~mac  ; Independent 18x18 plus 36 ; Unassigned ; Mixed               ; no                     ; no                     ; --                     ; no                     ; no                     ; --                     ; no              ; no                             ; no                  ; no                            ; no                           ; no                           ;
; dg_csr_top:u_dualguard|dg_tile_core:core|dg_mac_lane:banks[87].mac|Mult0~mac  ; Independent 18x18 plus 36 ; Unassigned ; Mixed               ; no                     ; no                     ; --                     ; no                     ; no                     ; --                     ; no              ; no                             ; no                  ; no                            ; no                           ; no                           ;
; dg_csr_top:u_dualguard|dg_tile_core:core|dg_mac_lane:banks[103].mac|Mult0~mac ; Independent 18x18 plus 36 ; Unassigned ; Mixed               ; no                     ; no                     ; --                     ; no                     ; no                     ; --                     ; no              ; no                             ; no                  ; no                            ; no                           ; no                           ;
; dg_csr_top:u_dualguard|dg_tile_core:core|dg_mac_lane:banks[119].mac|Mult0~mac ; Independent 18x18 plus 36 ; Unassigned ; Mixed               ; no                     ; no                     ; --                     ; no                     ; no                     ; --                     ; no              ; no                             ; no                  ; no                            ; no                           ; no                           ;
; dg_csr_top:u_dualguard|dg_tile_core:core|dg_mac_lane:banks[75].mac|Mult0~mac  ; Independent 18x18 plus 36 ; Unassigned ; Mixed               ; no                     ; no                     ; --                     ; no                     ; no                     ; --                     ; no              ; no                             ; no                  ; no                            ; no                           ; no                           ;
; dg_csr_top:u_dualguard|dg_tile_core:core|dg_mac_lane:banks[91].mac|Mult0~mac  ; Independent 18x18 plus 36 ; Unassigned ; Mixed               ; no                     ; no                     ; --                     ; no                     ; no                     ; --                     ; no              ; no                             ; no                  ; no                            ; no                           ; no                           ;
; dg_csr_top:u_dualguard|dg_tile_core:core|dg_mac_lane:banks[107].mac|Mult0~mac ; Independent 18x18 plus 36 ; Unassigned ; Mixed               ; no                     ; no                     ; --                     ; no                     ; no                     ; --                     ; no              ; no                             ; no                  ; no                            ; no                           ; no                           ;
; dg_csr_top:u_dualguard|dg_tile_core:core|dg_mac_lane:banks[123].mac|Mult0~mac ; Independent 18x18 plus 36 ; Unassigned ; Mixed               ; no                     ; no                     ; --                     ; no                     ; no                     ; --                     ; no              ; no                             ; no                  ; no                            ; no                           ; no                           ;
; dg_csr_top:u_dualguard|dg_tile_core:core|dg_mac_lane:banks[79].mac|Mult0~mac  ; Independent 18x18 plus 36 ; Unassigned ; Mixed               ; no                     ; no                     ; --                     ; no                     ; no                     ; --                     ; no              ; no                             ; no                  ; no                            ; no                           ; no                           ;
; dg_csr_top:u_dualguard|dg_tile_core:core|dg_mac_lane:banks[95].mac|Mult0~mac  ; Independent 18x18 plus 36 ; Unassigned ; Mixed               ; no                     ; no                     ; --                     ; no                     ; no                     ; --                     ; no              ; no                             ; no                  ; no                            ; no                           ; no                           ;
; dg_csr_top:u_dualguard|dg_tile_core:core|dg_mac_lane:banks[111].mac|Mult0~mac ; Independent 18x18 plus 36 ; Unassigned ; Mixed               ; no                     ; no                     ; --                     ; no                     ; no                     ; --                     ; no              ; no                             ; no                  ; no                            ; no                           ; no                           ;
; dg_csr_top:u_dualguard|dg_tile_core:core|dg_mac_lane:banks[127].mac|Mult0~mac ; Independent 18x18 plus 36 ; Unassigned ; Mixed               ; no                     ; no                     ; --                     ; no                     ; no                     ; --                     ; no              ; no                             ; no                  ; no                            ; no                           ; no                           ;
; dg_csr_top:u_dualguard|dg_tile_core:core|dg_mac_lane:banks[32].mac|Mult0~mac  ; Independent 18x18 plus 36 ; Unassigned ; Mixed               ; no                     ; no                     ; --                     ; no                     ; no                     ; --                     ; no              ; no                             ; no                  ; no                            ; no                           ; no                           ;
; dg_csr_top:u_dualguard|dg_tile_core:core|dg_mac_lane:banks[36].mac|Mult0~mac  ; Independent 18x18 plus 36 ; Unassigned ; Mixed               ; no                     ; no                     ; --                     ; no                     ; no                     ; --                     ; no              ; no                             ; no                  ; no                            ; no                           ; no                           ;
; dg_csr_top:u_dualguard|dg_tile_core:core|dg_mac_lane:banks[40].mac|Mult0~mac  ; Independent 18x18 plus 36 ; Unassigned ; Mixed               ; no                     ; no                     ; --                     ; no                     ; no                     ; --                     ; no              ; no                             ; no                  ; no                            ; no                           ; no                           ;
; dg_csr_top:u_dualguard|dg_tile_core:core|dg_mac_lane:banks[44].mac|Mult0~mac  ; Independent 18x18 plus 36 ; Unassigned ; Mixed               ; no                     ; no                     ; --                     ; no                     ; no                     ; --                     ; no              ; no                             ; no                  ; no                            ; no                           ; no                           ;
; dg_csr_top:u_dualguard|dg_tile_core:core|dg_mac_lane:banks[33].mac|Mult0~mac  ; Independent 18x18 plus 36 ; Unassigned ; Mixed               ; no                     ; no                     ; --                     ; no                     ; no                     ; --                     ; no              ; no                             ; no                  ; no                            ; no                           ; no                           ;
; dg_csr_top:u_dualguard|dg_tile_core:core|dg_mac_lane:banks[37].mac|Mult0~mac  ; Independent 18x18 plus 36 ; Unassigned ; Mixed               ; no                     ; no                     ; --                     ; no                     ; no                     ; --                     ; no              ; no                             ; no                  ; no                            ; no                           ; no                           ;
; dg_csr_top:u_dualguard|dg_tile_core:core|dg_mac_lane:banks[41].mac|Mult0~mac  ; Independent 18x18 plus 36 ; Unassigned ; Mixed               ; no                     ; no                     ; --                     ; no                     ; no                     ; --                     ; no              ; no                             ; no                  ; no                            ; no                           ; no                           ;
; dg_csr_top:u_dualguard|dg_tile_core:core|dg_mac_lane:banks[45].mac|Mult0~mac  ; Independent 18x18 plus 36 ; Unassigned ; Mixed               ; no                     ; no                     ; --                     ; no                     ; no                     ; --                     ; no              ; no                             ; no                  ; no                            ; no                           ; no                           ;
; dg_csr_top:u_dualguard|dg_tile_core:core|dg_mac_lane:banks[34].mac|Mult0~mac  ; Independent 18x18 plus 36 ; Unassigned ; Mixed               ; no                     ; no                     ; --                     ; no                     ; no                     ; --                     ; no              ; no                             ; no                  ; no                            ; no                           ; no                           ;
; dg_csr_top:u_dualguard|dg_tile_core:core|dg_mac_lane:banks[38].mac|Mult0~mac  ; Independent 18x18 plus 36 ; Unassigned ; Mixed               ; no                     ; no                     ; --                     ; no                     ; no                     ; --                     ; no              ; no                             ; no                  ; no                            ; no                           ; no                           ;
; dg_csr_top:u_dualguard|dg_tile_core:core|dg_mac_lane:banks[42].mac|Mult0~mac  ; Independent 18x18 plus 36 ; Unassigned ; Mixed               ; no                     ; no                     ; --                     ; no                     ; no                     ; --                     ; no              ; no                             ; no                  ; no                            ; no                           ; no                           ;
; dg_csr_top:u_dualguard|dg_tile_core:core|dg_mac_lane:banks[46].mac|Mult0~mac  ; Independent 18x18 plus 36 ; Unassigned ; Mixed               ; no                     ; no                     ; --                     ; no                     ; no                     ; --                     ; no              ; no                             ; no                  ; no                            ; no                           ; no                           ;
; dg_csr_top:u_dualguard|dg_tile_core:core|dg_mac_lane:banks[35].mac|Mult0~mac  ; Independent 18x18 plus 36 ; Unassigned ; Mixed               ; no                     ; no                     ; --                     ; no                     ; no                     ; --                     ; no              ; no                             ; no                  ; no                            ; no                           ; no                           ;
; dg_csr_top:u_dualguard|dg_tile_core:core|dg_mac_lane:banks[39].mac|Mult0~mac  ; Independent 18x18 plus 36 ; Unassigned ; Mixed               ; no                     ; no                     ; --                     ; no                     ; no                     ; --                     ; no              ; no                             ; no                  ; no                            ; no                           ; no                           ;
; dg_csr_top:u_dualguard|dg_tile_core:core|dg_mac_lane:banks[43].mac|Mult0~mac  ; Independent 18x18 plus 36 ; Unassigned ; Mixed               ; no                     ; no                     ; --                     ; no                     ; no                     ; --                     ; no              ; no                             ; no                  ; no                            ; no                           ; no                           ;
; dg_csr_top:u_dualguard|dg_tile_core:core|dg_mac_lane:banks[47].mac|Mult0~mac  ; Independent 18x18 plus 36 ; Unassigned ; Mixed               ; no                     ; no                     ; --                     ; no                     ; no                     ; --                     ; no              ; no                             ; no                  ; no                            ; no                           ; no                           ;
; dg_csr_top:u_dualguard|dg_tile_core:core|dg_mac_lane:banks[0].mac|Mult0~mac   ; Independent 18x18 plus 36 ; Unassigned ; Mixed               ; no                     ; no                     ; --                     ; no                     ; no                     ; --                     ; no              ; no                             ; no                  ; no                            ; no                           ; no                           ;
; dg_csr_top:u_dualguard|dg_tile_core:core|dg_mac_lane:banks[1].mac|Mult0~mac   ; Independent 18x18 plus 36 ; Unassigned ; Mixed               ; no                     ; no                     ; --                     ; no                     ; no                     ; --                     ; no              ; no                             ; no                  ; no                            ; no                           ; no                           ;
; dg_csr_top:u_dualguard|dg_tile_core:core|dg_mac_lane:banks[2].mac|Mult0~mac   ; Independent 18x18 plus 36 ; Unassigned ; Mixed               ; no                     ; no                     ; --                     ; no                     ; no                     ; --                     ; no              ; no                             ; no                  ; no                            ; no                           ; no                           ;
; dg_csr_top:u_dualguard|dg_tile_core:core|dg_mac_lane:banks[3].mac|Mult0~mac   ; Independent 18x18 plus 36 ; Unassigned ; Mixed               ; no                     ; no                     ; --                     ; no                     ; no                     ; --                     ; no              ; no                             ; no                  ; no                            ; no                           ; no                           ;
; dg_csr_top:u_dualguard|dg_tile_core:core|dg_mac_lane:banks[4].mac|Mult0~mac   ; Independent 18x18 plus 36 ; Unassigned ; Mixed               ; no                     ; no                     ; --                     ; no                     ; no                     ; --                     ; no              ; no                             ; no                  ; no                            ; no                           ; no                           ;
; dg_csr_top:u_dualguard|dg_tile_core:core|dg_mac_lane:banks[5].mac|Mult0~mac   ; Independent 18x18 plus 36 ; Unassigned ; Mixed               ; no                     ; no                     ; --                     ; no                     ; no                     ; --                     ; no              ; no                             ; no                  ; no                            ; no                           ; no                           ;
; dg_csr_top:u_dualguard|dg_tile_core:core|dg_mac_lane:banks[6].mac|Mult0~mac   ; Independent 18x18 plus 36 ; Unassigned ; Mixed               ; no                     ; no                     ; --                     ; no                     ; no                     ; --                     ; no              ; no                             ; no                  ; no                            ; no                           ; no                           ;
; dg_csr_top:u_dualguard|dg_tile_core:core|dg_mac_lane:banks[7].mac|Mult0~mac   ; Independent 18x18 plus 36 ; Unassigned ; Mixed               ; no                     ; no                     ; --                     ; no                     ; no                     ; --                     ; no              ; no                             ; no                  ; no                            ; no                           ; no                           ;
; dg_csr_top:u_dualguard|dg_tile_core:core|dg_mac_lane:banks[8].mac|Mult0~mac   ; Independent 18x18 plus 36 ; Unassigned ; Mixed               ; no                     ; no                     ; --                     ; no                     ; no                     ; --                     ; no              ; no                             ; no                  ; no                            ; no                           ; no                           ;
; dg_csr_top:u_dualguard|dg_tile_core:core|dg_mac_lane:banks[9].mac|Mult0~mac   ; Independent 18x18 plus 36 ; Unassigned ; Mixed               ; no                     ; no                     ; --                     ; no                     ; no                     ; --                     ; no              ; no                             ; no                  ; no                            ; no                           ; no                           ;
; dg_csr_top:u_dualguard|dg_tile_core:core|dg_mac_lane:banks[10].mac|Mult0~mac  ; Independent 18x18 plus 36 ; Unassigned ; Mixed               ; no                     ; no                     ; --                     ; no                     ; no                     ; --                     ; no              ; no                             ; no                  ; no                            ; no                           ; no                           ;
; dg_csr_top:u_dualguard|dg_tile_core:core|dg_mac_lane:banks[11].mac|Mult0~mac  ; Independent 18x18 plus 36 ; Unassigned ; Mixed               ; no                     ; no                     ; --                     ; no                     ; no                     ; --                     ; no              ; no                             ; no                  ; no                            ; no                           ; no                           ;
; dg_csr_top:u_dualguard|dg_tile_core:core|dg_mac_lane:banks[12].mac|Mult0~mac  ; Independent 18x18 plus 36 ; Unassigned ; Mixed               ; no                     ; no                     ; --                     ; no                     ; no                     ; --                     ; no              ; no                             ; no                  ; no                            ; no                           ; no                           ;
; dg_csr_top:u_dualguard|dg_tile_core:core|dg_mac_lane:banks[13].mac|Mult0~mac  ; Independent 18x18 plus 36 ; Unassigned ; Mixed               ; no                     ; no                     ; --                     ; no                     ; no                     ; --                     ; no              ; no                             ; no                  ; no                            ; no                           ; no                           ;
; dg_csr_top:u_dualguard|dg_tile_core:core|dg_mac_lane:banks[14].mac|Mult0~mac  ; Independent 18x18 plus 36 ; Unassigned ; Mixed               ; no                     ; no                     ; --                     ; no                     ; no                     ; --                     ; no              ; no                             ; no                  ; no                            ; no                           ; no                           ;
; dg_csr_top:u_dualguard|dg_tile_core:core|dg_mac_lane:banks[15].mac|Mult0~mac  ; Independent 18x18 plus 36 ; Unassigned ; Mixed               ; no                     ; no                     ; --                     ; no                     ; no                     ; --                     ; no              ; no                             ; no                  ; no                            ; no                           ; no                           ;
; dg_csr_top:u_dualguard|dg_tile_core:core|dg_mac_lane:banks[48].mac|Mult0~mac  ; Independent 18x18 plus 36 ; Unassigned ; Mixed               ; no                     ; no                     ; --                     ; no                     ; no                     ; --                     ; no              ; no                             ; no                  ; no                            ; no                           ; no                           ;
; dg_csr_top:u_dualguard|dg_tile_core:core|dg_mac_lane:banks[52].mac|Mult0~mac  ; Independent 18x18 plus 36 ; Unassigned ; Mixed               ; no                     ; no                     ; --                     ; no                     ; no                     ; --                     ; no              ; no                             ; no                  ; no                            ; no                           ; no                           ;
; dg_csr_top:u_dualguard|dg_tile_core:core|dg_mac_lane:banks[56].mac|Mult0~mac  ; Independent 18x18 plus 36 ; Unassigned ; Mixed               ; no                     ; no                     ; --                     ; no                     ; no                     ; --                     ; no              ; no                             ; no                  ; no                            ; no                           ; no                           ;
; dg_csr_top:u_dualguard|dg_tile_core:core|dg_mac_lane:banks[60].mac|Mult0~mac  ; Independent 18x18 plus 36 ; Unassigned ; Mixed               ; no                     ; no                     ; --                     ; no                     ; no                     ; --                     ; no              ; no                             ; no                  ; no                            ; no                           ; no                           ;
; dg_csr_top:u_dualguard|dg_tile_core:core|dg_mac_lane:banks[49].mac|Mult0~mac  ; Independent 18x18 plus 36 ; Unassigned ; Mixed               ; no                     ; no                     ; --                     ; no                     ; no                     ; --                     ; no              ; no                             ; no                  ; no                            ; no                           ; no                           ;
; dg_csr_top:u_dualguard|dg_tile_core:core|dg_mac_lane:banks[53].mac|Mult0~mac  ; Independent 18x18 plus 36 ; Unassigned ; Mixed               ; no                     ; no                     ; --                     ; no                     ; no                     ; --                     ; no              ; no                             ; no                  ; no                            ; no                           ; no                           ;
; dg_csr_top:u_dualguard|dg_tile_core:core|dg_mac_lane:banks[57].mac|Mult0~mac  ; Independent 18x18 plus 36 ; Unassigned ; Mixed               ; no                     ; no                     ; --                     ; no                     ; no                     ; --                     ; no              ; no                             ; no                  ; no                            ; no                           ; no                           ;
; dg_csr_top:u_dualguard|dg_tile_core:core|dg_mac_lane:banks[61].mac|Mult0~mac  ; Independent 18x18 plus 36 ; Unassigned ; Mixed               ; no                     ; no                     ; --                     ; no                     ; no                     ; --                     ; no              ; no                             ; no                  ; no                            ; no                           ; no                           ;
; dg_csr_top:u_dualguard|dg_tile_core:core|dg_mac_lane:banks[50].mac|Mult0~mac  ; Independent 18x18 plus 36 ; Unassigned ; Mixed               ; no                     ; no                     ; --                     ; no                     ; no                     ; --                     ; no              ; no                             ; no                  ; no                            ; no                           ; no                           ;
; dg_csr_top:u_dualguard|dg_tile_core:core|dg_mac_lane:banks[54].mac|Mult0~mac  ; Independent 18x18 plus 36 ; Unassigned ; Mixed               ; no                     ; no                     ; --                     ; no                     ; no                     ; --                     ; no              ; no                             ; no                  ; no                            ; no                           ; no                           ;
; dg_csr_top:u_dualguard|dg_tile_core:core|dg_mac_lane:banks[58].mac|Mult0~mac  ; Independent 18x18 plus 36 ; Unassigned ; Mixed               ; no                     ; no                     ; --                     ; no                     ; no                     ; --                     ; no              ; no                             ; no                  ; no                            ; no                           ; no                           ;
; dg_csr_top:u_dualguard|dg_tile_core:core|dg_mac_lane:banks[62].mac|Mult0~mac  ; Independent 18x18 plus 36 ; Unassigned ; Mixed               ; no                     ; no                     ; --                     ; no                     ; no                     ; --                     ; no              ; no                             ; no                  ; no                            ; no                           ; no                           ;
; dg_csr_top:u_dualguard|dg_tile_core:core|dg_mac_lane:banks[51].mac|Mult0~mac  ; Independent 18x18 plus 36 ; Unassigned ; Mixed               ; no                     ; no                     ; --                     ; no                     ; no                     ; --                     ; no              ; no                             ; no                  ; no                            ; no                           ; no                           ;
; dg_csr_top:u_dualguard|dg_tile_core:core|dg_mac_lane:banks[55].mac|Mult0~mac  ; Independent 18x18 plus 36 ; Unassigned ; Mixed               ; no                     ; no                     ; --                     ; no                     ; no                     ; --                     ; no              ; no                             ; no                  ; no                            ; no                           ; no                           ;
; dg_csr_top:u_dualguard|dg_tile_core:core|dg_mac_lane:banks[59].mac|Mult0~mac  ; Independent 18x18 plus 36 ; Unassigned ; Mixed               ; no                     ; no                     ; --                     ; no                     ; no                     ; --                     ; no              ; no                             ; no                  ; no                            ; no                           ; no                           ;
; dg_csr_top:u_dualguard|dg_tile_core:core|dg_mac_lane:banks[63].mac|Mult0~mac  ; Independent 18x18 plus 36 ; Unassigned ; Mixed               ; no                     ; no                     ; --                     ; no                     ; no                     ; --                     ; no              ; no                             ; no                  ; no                            ; no                           ; no                           ;
; dg_csr_top:u_dualguard|dg_tile_core:core|dg_mac_lane:banks[16].mac|Mult0~mac  ; Independent 18x18 plus 36 ; Unassigned ; Mixed               ; no                     ; no                     ; --                     ; no                     ; no                     ; --                     ; no              ; no                             ; no                  ; no                            ; no                           ; no                           ;
; dg_csr_top:u_dualguard|dg_tile_core:core|dg_mac_lane:banks[17].mac|Mult0~mac  ; Independent 18x18 plus 36 ; Unassigned ; Mixed               ; no                     ; no                     ; --                     ; no                     ; no                     ; --                     ; no              ; no                             ; no                  ; no                            ; no                           ; no                           ;
; dg_csr_top:u_dualguard|dg_tile_core:core|dg_mac_lane:banks[18].mac|Mult0~mac  ; Independent 18x18 plus 36 ; Unassigned ; Mixed               ; no                     ; no                     ; --                     ; no                     ; no                     ; --                     ; no              ; no                             ; no                  ; no                            ; no                           ; no                           ;
; dg_csr_top:u_dualguard|dg_tile_core:core|dg_mac_lane:banks[19].mac|Mult0~mac  ; Independent 18x18 plus 36 ; Unassigned ; Mixed               ; no                     ; no                     ; --                     ; no                     ; no                     ; --                     ; no              ; no                             ; no                  ; no                            ; no                           ; no                           ;
; dg_csr_top:u_dualguard|dg_tile_core:core|dg_mac_lane:banks[20].mac|Mult0~mac  ; Independent 18x18 plus 36 ; Unassigned ; Mixed               ; no                     ; no                     ; --                     ; no                     ; no                     ; --                     ; no              ; no                             ; no                  ; no                            ; no                           ; no                           ;
; dg_csr_top:u_dualguard|dg_tile_core:core|dg_mac_lane:banks[21].mac|Mult0~mac  ; Independent 18x18 plus 36 ; Unassigned ; Mixed               ; no                     ; no                     ; --                     ; no                     ; no                     ; --                     ; no              ; no                             ; no                  ; no                            ; no                           ; no                           ;
; dg_csr_top:u_dualguard|dg_tile_core:core|dg_mac_lane:banks[22].mac|Mult0~mac  ; Independent 18x18 plus 36 ; Unassigned ; Mixed               ; no                     ; no                     ; --                     ; no                     ; no                     ; --                     ; no              ; no                             ; no                  ; no                            ; no                           ; no                           ;
; dg_csr_top:u_dualguard|dg_tile_core:core|dg_mac_lane:banks[23].mac|Mult0~mac  ; Independent 18x18 plus 36 ; Unassigned ; Mixed               ; no                     ; no                     ; --                     ; no                     ; no                     ; --                     ; no              ; no                             ; no                  ; no                            ; no                           ; no                           ;
; dg_csr_top:u_dualguard|dg_tile_core:core|dg_mac_lane:banks[24].mac|Mult0~mac  ; Independent 18x18 plus 36 ; Unassigned ; Mixed               ; no                     ; no                     ; --                     ; no                     ; no                     ; --                     ; no              ; no                             ; no                  ; no                            ; no                           ; no                           ;
; dg_csr_top:u_dualguard|dg_tile_core:core|dg_mac_lane:banks[25].mac|Mult0~mac  ; Independent 18x18 plus 36 ; Unassigned ; Mixed               ; no                     ; no                     ; --                     ; no                     ; no                     ; --                     ; no              ; no                             ; no                  ; no                            ; no                           ; no                           ;
; dg_csr_top:u_dualguard|dg_tile_core:core|dg_mac_lane:banks[26].mac|Mult0~mac  ; Independent 18x18 plus 36 ; Unassigned ; Mixed               ; no                     ; no                     ; --                     ; no                     ; no                     ; --                     ; no              ; no                             ; no                  ; no                            ; no                           ; no                           ;
; dg_csr_top:u_dualguard|dg_tile_core:core|dg_mac_lane:banks[27].mac|Mult0~mac  ; Independent 18x18 plus 36 ; Unassigned ; Mixed               ; no                     ; no                     ; --                     ; no                     ; no                     ; --                     ; no              ; no                             ; no                  ; no                            ; no                           ; no                           ;
; dg_csr_top:u_dualguard|dg_tile_core:core|dg_mac_lane:banks[28].mac|Mult0~mac  ; Independent 18x18 plus 36 ; Unassigned ; Mixed               ; no                     ; no                     ; --                     ; no                     ; no                     ; --                     ; no              ; no                             ; no                  ; no                            ; no                           ; no                           ;
; dg_csr_top:u_dualguard|dg_tile_core:core|dg_mac_lane:banks[29].mac|Mult0~mac  ; Independent 18x18 plus 36 ; Unassigned ; Mixed               ; no                     ; no                     ; --                     ; no                     ; no                     ; --                     ; no              ; no                             ; no                  ; no                            ; no                           ; no                           ;
; dg_csr_top:u_dualguard|dg_tile_core:core|dg_mac_lane:banks[30].mac|Mult0~mac  ; Independent 18x18 plus 36 ; Unassigned ; Mixed               ; no                     ; no                     ; --                     ; no                     ; no                     ; --                     ; no              ; no                             ; no                  ; no                            ; no                           ; no                           ;
; dg_csr_top:u_dualguard|dg_tile_core:core|dg_mac_lane:banks[31].mac|Mult0~mac  ; Independent 18x18 plus 36 ; Unassigned ; Mixed               ; no                     ; no                     ; --                     ; no                     ; no                     ; --                     ; no              ; no                             ; no                  ; no                            ; no                           ; no                           ;
; dg_csr_top:u_dualguard|dg_tile_core:core|dg_requant:quant|Mult0~mult_llmac    ; Two Independent 18x18     ; Unassigned ; Unsigned            ; no                     ; no                     ; --                     ; --                     ; --                     ; --                     ; no              ; no                             ; no                  ; no                            ; no                           ; no                           ;
; dg_csr_top:u_dualguard|dg_tile_core:core|dg_requant:quant|Mult0~515           ; Sum of two 18x18          ; Unassigned ; Mixed               ; no                     ; no                     ; --                     ; no                     ; no                     ; --                     ; no              ; no                             ; no                  ; no                            ; no                           ; no                           ;
; dg_csr_top:u_dualguard|dg_tile_core:core|dg_requant:quant|Mult0~856           ; Two Independent 18x18     ; Unassigned ; Mixed               ; no                     ; no                     ; --                     ; --                     ; --                     ; --                     ; no              ; no                             ; no                  ; no                            ; no                           ; no                           ;
+-------------------------------------------------------------------------------+---------------------------+------------+---------------------+------------------------+------------------------+------------------------+------------------------+------------------------+------------------------+-----------------+--------------------------------+---------------------+-------------------------------+------------------------------+------------------------------+


+------------------------------------------+
; I/O Rules Summary                        ;
+----------------------------------+-------+
; I/O Rules Statistic              ; Total ;
+----------------------------------+-------+
; Total I/O Rules                  ; 28    ;
; Number of I/O Rules Passed       ; 6     ;
; Number of I/O Rules Failed       ; 0     ;
; Number of I/O Rules Unchecked    ; 0     ;
; Number of I/O Rules Inapplicable ; 22    ;
+----------------------------------+-------+


+-----------------------------------------------------------------------------------------------------------------------------------------------------------------------------------------------------------------------------------------------------------------------------------+
; I/O Rules Details                                                                                                                                                                                                                                                                 ;
+--------------+-----------+-----------------------------------+------------------------------------------------------------------------------------+----------+--------------------------------------------------------------------------+---------------------+-------------------+
; Status       ; ID        ; Category                          ; Rule Description                                                                   ; Severity ; Information                                                              ; Area                ; Extra Information ;
+--------------+-----------+-----------------------------------+------------------------------------------------------------------------------------+----------+--------------------------------------------------------------------------+---------------------+-------------------+
; Inapplicable ; IO_000001 ; Capacity Checks                   ; Number of pins in an I/O bank should not exceed the number of locations available. ; Critical ; No Location assignments found.                                           ; I/O                 ;                   ;
; Inapplicable ; IO_000002 ; Capacity Checks                   ; Number of clocks in an I/O bank should not exceed the number of clocks available.  ; Critical ; No Global Signal assignments found.                                      ; I/O                 ;                   ;
; Inapplicable ; IO_000003 ; Capacity Checks                   ; Number of pins in a Vrefgroup should not exceed the number of locations available. ; Critical ; No Location assignments found.                                           ; I/O                 ;                   ;
; Inapplicable ; IO_000004 ; Voltage Compatibility Checks      ; The I/O bank should support the requested VCCIO.                                   ; Critical ; No IOBANK_VCCIO assignments found.                                       ; I/O                 ;                   ;
; Inapplicable ; IO_000005 ; Voltage Compatibility Checks      ; The I/O bank should not have competing VREF values.                                ; Critical ; No VREF I/O Standard assignments found.                                  ; I/O                 ;                   ;
; Pass         ; IO_000006 ; Voltage Compatibility Checks      ; The I/O bank should not have competing VCCIO values.                               ; Critical ; 0 such failures found.                                                   ; I/O                 ;                   ;
; Inapplicable ; IO_000007 ; Valid Location Checks             ; Checks for unavailable locations.                                                  ; Critical ; No Location assignments found.                                           ; I/O                 ;                   ;
; Inapplicable ; IO_000008 ; Valid Location Checks             ; Checks for reserved locations.                                                     ; Critical ; No reserved LogicLock region found.                                      ; I/O                 ;                   ;
; Pass         ; IO_000009 ; I/O Properties Checks for One I/O ; The location should support the requested I/O standard.                            ; Critical ; 0 such failures found.                                                   ; I/O                 ;                   ;
; Pass         ; IO_000010 ; I/O Properties Checks for One I/O ; The location should support the requested I/O direction.                           ; Critical ; 0 such failures found.                                                   ; I/O                 ;                   ;
; Inapplicable ; IO_000011 ; I/O Properties Checks for One I/O ; The location should support the requested Current Strength.                        ; Critical ; No Current Strength assignments found.                                   ; I/O                 ;                   ;
; Pass         ; IO_000012 ; I/O Properties Checks for One I/O ; The location should support the requested On Chip Termination value.               ; Critical ; 0 such failures found.                                                   ; I/O                 ;                   ;
; Inapplicable ; IO_000013 ; I/O Properties Checks for One I/O ; The location should support the requested Bus Hold value.                          ; Critical ; No Enable Bus-Hold Circuitry assignments found.                          ; I/O                 ;                   ;
; Inapplicable ; IO_000014 ; I/O Properties Checks for One I/O ; The location should support the requested Weak Pull Up value.                      ; Critical ; No Weak Pull-Up Resistor assignments found.                              ; I/O                 ;                   ;
; Inapplicable ; IO_000015 ; I/O Properties Checks for One I/O ; The location should support the requested PCI Clamp Diode.                         ; Critical ; No Clamping Diode assignments found.                                     ; I/O                 ;                   ;
; Inapplicable ; IO_000018 ; I/O Properties Checks for One I/O ; The I/O standard should support the requested Current Strength.                    ; Critical ; No Current Strength assignments found.                                   ; I/O                 ;                   ;
; Pass         ; IO_000019 ; I/O Properties Checks for One I/O ; The I/O standard should support the requested On Chip Termination value.           ; Critical ; 0 such failures found.                                                   ; I/O                 ;                   ;
; Inapplicable ; IO_000020 ; I/O Properties Checks for One I/O ; The I/O standard should support the requested PCI Clamp Diode.                     ; Critical ; No Clamping Diode assignments found.                                     ; I/O                 ;                   ;
; Inapplicable ; IO_000021 ; I/O Properties Checks for One I/O ; The I/O standard should support the requested Weak Pull Up value.                  ; Critical ; No Weak Pull-Up Resistor assignments found.                              ; I/O                 ;                   ;
; Inapplicable ; IO_000022 ; I/O Properties Checks for One I/O ; The I/O standard should support the requested Bus Hold value.                      ; Critical ; No Enable Bus-Hold Circuitry assignments found.                          ; I/O                 ;                   ;
; Inapplicable ; IO_000023 ; I/O Properties Checks for One I/O ; The I/O standard should support the Open Drain value.                              ; Critical ; No open drain assignments found.                                         ; I/O                 ;                   ;
; Pass         ; IO_000024 ; I/O Properties Checks for One I/O ; The I/O direction should support the On Chip Termination value.                    ; Critical ; 0 such failures found.                                                   ; I/O                 ;                   ;
; Inapplicable ; IO_000026 ; I/O Properties Checks for One I/O ; On Chip Termination and Current Strength should not be used at the same time.      ; Critical ; No Current Strength assignments found.                                   ; I/O                 ;                   ;
; Inapplicable ; IO_000027 ; I/O Properties Checks for One I/O ; Weak Pull Up and Bus Hold should not be used at the same time.                     ; Critical ; No Enable Bus-Hold Circuitry or Weak Pull-Up Resistor assignments found. ; I/O                 ;                   ;
; Inapplicable ; IO_000045 ; I/O Properties Checks for One I/O ; The I/O standard should support the requested Slew Rate value.                     ; Critical ; No Slew Rate assignments found.                                          ; I/O                 ;                   ;
; Inapplicable ; IO_000046 ; I/O Properties Checks for One I/O ; The location should support the requested Slew Rate value.                         ; Critical ; No Slew Rate assignments found.                                          ; I/O                 ;                   ;
; Inapplicable ; IO_000047 ; I/O Properties Checks for One I/O ; On Chip Termination and Slew Rate should not be used at the same time.             ; Critical ; No Slew Rate assignments found.                                          ; I/O                 ;                   ;
; Inapplicable ; IO_000034 ; SI Related Distance Checks        ; Single-ended outputs should be 0 LAB row(s) away from a differential I/O.          ; High     ; No Differential I/O Standard assignments found.                          ; I/O                 ;                   ;
; ----         ; ----      ; Disclaimer                        ; OCT rules are checked but not reported.                                            ; None     ; ----                                                                     ; On Chip Termination ;                   ;
+--------------+-----------+-----------------------------------+------------------------------------------------------------------------------------+----------+--------------------------------------------------------------------------+---------------------+-------------------+


+-----------------------------------------------------------------------------------------------------------------------------------------------------------------------------------------------------------------------------------------------------------------------------------------------------------------------------------------------------------------------------------------------------------------------------------------------+
; I/O Rules Matrix                                                                                                                                                                                                                                                                                                                                                                                                                              ;
+--------------------+--------------+--------------+--------------+--------------+--------------+-----------+--------------+--------------+-----------+-----------+--------------+--------------+--------------+--------------+--------------+--------------+--------------+--------------+--------------+--------------+--------------+--------------+--------------+--------------+--------------+--------------+--------------+--------------+
; Pin/Rules          ; IO_000001    ; IO_000002    ; IO_000003    ; IO_000004    ; IO_000005    ; IO_000006 ; IO_000007    ; IO_000008    ; IO_000009 ; IO_000010 ; IO_000011    ; IO_000012    ; IO_000013    ; IO_000014    ; IO_000015    ; IO_000018    ; IO_000019    ; IO_000020    ; IO_000021    ; IO_000022    ; IO_000023    ; IO_000024    ; IO_000026    ; IO_000027    ; IO_000045    ; IO_000046    ; IO_000047    ; IO_000034    ;
+--------------------+--------------+--------------+--------------+--------------+--------------+-----------+--------------+--------------+-----------+-----------+--------------+--------------+--------------+--------------+--------------+--------------+--------------+--------------+--------------+--------------+--------------+--------------+--------------+--------------+--------------+--------------+--------------+--------------+
; Total Pass         ; 0            ; 0            ; 0            ; 0            ; 0            ; 82        ; 0            ; 0            ; 82        ; 82        ; 0            ; 34           ; 0            ; 0            ; 0            ; 0            ; 34           ; 0            ; 0            ; 0            ; 0            ; 34           ; 0            ; 0            ; 0            ; 0            ; 0            ; 0            ;
; Total Unchecked    ; 0            ; 0            ; 0            ; 0            ; 0            ; 0         ; 0            ; 0            ; 0         ; 0         ; 0            ; 0            ; 0            ; 0            ; 0            ; 0            ; 0            ; 0            ; 0            ; 0            ; 0            ; 0            ; 0            ; 0            ; 0            ; 0            ; 0            ; 0            ;
; Total Inapplicable ; 82           ; 82           ; 82           ; 82           ; 82           ; 0         ; 82           ; 82           ; 0         ; 0         ; 82           ; 48           ; 82           ; 82           ; 82           ; 82           ; 48           ; 82           ; 82           ; 82           ; 82           ; 48           ; 82           ; 82           ; 82           ; 82           ; 82           ; 82           ;
; Total Fail         ; 0            ; 0            ; 0            ; 0            ; 0            ; 0         ; 0            ; 0            ; 0         ; 0         ; 0            ; 0            ; 0            ; 0            ; 0            ; 0            ; 0            ; 0            ; 0            ; 0            ; 0            ; 0            ; 0            ; 0            ; 0            ; 0            ; 0            ; 0            ;
; readdata[0]        ; Inapplicable ; Inapplicable ; Inapplicable ; Inapplicable ; Inapplicable ; Pass      ; Inapplicable ; Inapplicable ; Pass      ; Pass      ; Inapplicable ; Pass         ; Inapplicable ; Inapplicable ; Inapplicable ; Inapplicable ; Pass         ; Inapplicable ; Inapplicable ; Inapplicable ; Inapplicable ; Pass         ; Inapplicable ; Inapplicable ; Inapplicable ; Inapplicable ; Inapplicable ; Inapplicable ;
; readdata[1]        ; Inapplicable ; Inapplicable ; Inapplicable ; Inapplicable ; Inapplicable ; Pass      ; Inapplicable ; Inapplicable ; Pass      ; Pass      ; Inapplicable ; Pass         ; Inapplicable ; Inapplicable ; Inapplicable ; Inapplicable ; Pass         ; Inapplicable ; Inapplicable ; Inapplicable ; Inapplicable ; Pass         ; Inapplicable ; Inapplicable ; Inapplicable ; Inapplicable ; Inapplicable ; Inapplicable ;
; readdata[2]        ; Inapplicable ; Inapplicable ; Inapplicable ; Inapplicable ; Inapplicable ; Pass      ; Inapplicable ; Inapplicable ; Pass      ; Pass      ; Inapplicable ; Pass         ; Inapplicable ; Inapplicable ; Inapplicable ; Inapplicable ; Pass         ; Inapplicable ; Inapplicable ; Inapplicable ; Inapplicable ; Pass         ; Inapplicable ; Inapplicable ; Inapplicable ; Inapplicable ; Inapplicable ; Inapplicable ;
; readdata[3]        ; Inapplicable ; Inapplicable ; Inapplicable ; Inapplicable ; Inapplicable ; Pass      ; Inapplicable ; Inapplicable ; Pass      ; Pass      ; Inapplicable ; Pass         ; Inapplicable ; Inapplicable ; Inapplicable ; Inapplicable ; Pass         ; Inapplicable ; Inapplicable ; Inapplicable ; Inapplicable ; Pass         ; Inapplicable ; Inapplicable ; Inapplicable ; Inapplicable ; Inapplicable ; Inapplicable ;
; readdata[4]        ; Inapplicable ; Inapplicable ; Inapplicable ; Inapplicable ; Inapplicable ; Pass      ; Inapplicable ; Inapplicable ; Pass      ; Pass      ; Inapplicable ; Pass         ; Inapplicable ; Inapplicable ; Inapplicable ; Inapplicable ; Pass         ; Inapplicable ; Inapplicable ; Inapplicable ; Inapplicable ; Pass         ; Inapplicable ; Inapplicable ; Inapplicable ; Inapplicable ; Inapplicable ; Inapplicable ;
; readdata[5]        ; Inapplicable ; Inapplicable ; Inapplicable ; Inapplicable ; Inapplicable ; Pass      ; Inapplicable ; Inapplicable ; Pass      ; Pass      ; Inapplicable ; Pass         ; Inapplicable ; Inapplicable ; Inapplicable ; Inapplicable ; Pass         ; Inapplicable ; Inapplicable ; Inapplicable ; Inapplicable ; Pass         ; Inapplicable ; Inapplicable ; Inapplicable ; Inapplicable ; Inapplicable ; Inapplicable ;
; readdata[6]        ; Inapplicable ; Inapplicable ; Inapplicable ; Inapplicable ; Inapplicable ; Pass      ; Inapplicable ; Inapplicable ; Pass      ; Pass      ; Inapplicable ; Pass         ; Inapplicable ; Inapplicable ; Inapplicable ; Inapplicable ; Pass         ; Inapplicable ; Inapplicable ; Inapplicable ; Inapplicable ; Pass         ; Inapplicable ; Inapplicable ; Inapplicable ; Inapplicable ; Inapplicable ; Inapplicable ;
; readdata[7]        ; Inapplicable ; Inapplicable ; Inapplicable ; Inapplicable ; Inapplicable ; Pass      ; Inapplicable ; Inapplicable ; Pass      ; Pass      ; Inapplicable ; Pass         ; Inapplicable ; Inapplicable ; Inapplicable ; Inapplicable ; Pass         ; Inapplicable ; Inapplicable ; Inapplicable ; Inapplicable ; Pass         ; Inapplicable ; Inapplicable ; Inapplicable ; Inapplicable ; Inapplicable ; Inapplicable ;
; readdata[8]        ; Inapplicable ; Inapplicable ; Inapplicable ; Inapplicable ; Inapplicable ; Pass      ; Inapplicable ; Inapplicable ; Pass      ; Pass      ; Inapplicable ; Pass         ; Inapplicable ; Inapplicable ; Inapplicable ; Inapplicable ; Pass         ; Inapplicable ; Inapplicable ; Inapplicable ; Inapplicable ; Pass         ; Inapplicable ; Inapplicable ; Inapplicable ; Inapplicable ; Inapplicable ; Inapplicable ;
; readdata[9]        ; Inapplicable ; Inapplicable ; Inapplicable ; Inapplicable ; Inapplicable ; Pass      ; Inapplicable ; Inapplicable ; Pass      ; Pass      ; Inapplicable ; Pass         ; Inapplicable ; Inapplicable ; Inapplicable ; Inapplicable ; Pass         ; Inapplicable ; Inapplicable ; Inapplicable ; Inapplicable ; Pass         ; Inapplicable ; Inapplicable ; Inapplicable ; Inapplicable ; Inapplicable ; Inapplicable ;
; readdata[10]       ; Inapplicable ; Inapplicable ; Inapplicable ; Inapplicable ; Inapplicable ; Pass      ; Inapplicable ; Inapplicable ; Pass      ; Pass      ; Inapplicable ; Pass         ; Inapplicable ; Inapplicable ; Inapplicable ; Inapplicable ; Pass         ; Inapplicable ; Inapplicable ; Inapplicable ; Inapplicable ; Pass         ; Inapplicable ; Inapplicable ; Inapplicable ; Inapplicable ; Inapplicable ; Inapplicable ;
; readdata[11]       ; Inapplicable ; Inapplicable ; Inapplicable ; Inapplicable ; Inapplicable ; Pass      ; Inapplicable ; Inapplicable ; Pass      ; Pass      ; Inapplicable ; Pass         ; Inapplicable ; Inapplicable ; Inapplicable ; Inapplicable ; Pass         ; Inapplicable ; Inapplicable ; Inapplicable ; Inapplicable ; Pass         ; Inapplicable ; Inapplicable ; Inapplicable ; Inapplicable ; Inapplicable ; Inapplicable ;
; readdata[12]       ; Inapplicable ; Inapplicable ; Inapplicable ; Inapplicable ; Inapplicable ; Pass      ; Inapplicable ; Inapplicable ; Pass      ; Pass      ; Inapplicable ; Pass         ; Inapplicable ; Inapplicable ; Inapplicable ; Inapplicable ; Pass         ; Inapplicable ; Inapplicable ; Inapplicable ; Inapplicable ; Pass         ; Inapplicable ; Inapplicable ; Inapplicable ; Inapplicable ; Inapplicable ; Inapplicable ;
; readdata[13]       ; Inapplicable ; Inapplicable ; Inapplicable ; Inapplicable ; Inapplicable ; Pass      ; Inapplicable ; Inapplicable ; Pass      ; Pass      ; Inapplicable ; Pass         ; Inapplicable ; Inapplicable ; Inapplicable ; Inapplicable ; Pass         ; Inapplicable ; Inapplicable ; Inapplicable ; Inapplicable ; Pass         ; Inapplicable ; Inapplicable ; Inapplicable ; Inapplicable ; Inapplicable ; Inapplicable ;
; readdata[14]       ; Inapplicable ; Inapplicable ; Inapplicable ; Inapplicable ; Inapplicable ; Pass      ; Inapplicable ; Inapplicable ; Pass      ; Pass      ; Inapplicable ; Pass         ; Inapplicable ; Inapplicable ; Inapplicable ; Inapplicable ; Pass         ; Inapplicable ; Inapplicable ; Inapplicable ; Inapplicable ; Pass         ; Inapplicable ; Inapplicable ; Inapplicable ; Inapplicable ; Inapplicable ; Inapplicable ;
; readdata[15]       ; Inapplicable ; Inapplicable ; Inapplicable ; Inapplicable ; Inapplicable ; Pass      ; Inapplicable ; Inapplicable ; Pass      ; Pass      ; Inapplicable ; Pass         ; Inapplicable ; Inapplicable ; Inapplicable ; Inapplicable ; Pass         ; Inapplicable ; Inapplicable ; Inapplicable ; Inapplicable ; Pass         ; Inapplicable ; Inapplicable ; Inapplicable ; Inapplicable ; Inapplicable ; Inapplicable ;
; readdata[16]       ; Inapplicable ; Inapplicable ; Inapplicable ; Inapplicable ; Inapplicable ; Pass      ; Inapplicable ; Inapplicable ; Pass      ; Pass      ; Inapplicable ; Pass         ; Inapplicable ; Inapplicable ; Inapplicable ; Inapplicable ; Pass         ; Inapplicable ; Inapplicable ; Inapplicable ; Inapplicable ; Pass         ; Inapplicable ; Inapplicable ; Inapplicable ; Inapplicable ; Inapplicable ; Inapplicable ;
; readdata[17]       ; Inapplicable ; Inapplicable ; Inapplicable ; Inapplicable ; Inapplicable ; Pass      ; Inapplicable ; Inapplicable ; Pass      ; Pass      ; Inapplicable ; Pass         ; Inapplicable ; Inapplicable ; Inapplicable ; Inapplicable ; Pass         ; Inapplicable ; Inapplicable ; Inapplicable ; Inapplicable ; Pass         ; Inapplicable ; Inapplicable ; Inapplicable ; Inapplicable ; Inapplicable ; Inapplicable ;
; readdata[18]       ; Inapplicable ; Inapplicable ; Inapplicable ; Inapplicable ; Inapplicable ; Pass      ; Inapplicable ; Inapplicable ; Pass      ; Pass      ; Inapplicable ; Pass         ; Inapplicable ; Inapplicable ; Inapplicable ; Inapplicable ; Pass         ; Inapplicable ; Inapplicable ; Inapplicable ; Inapplicable ; Pass         ; Inapplicable ; Inapplicable ; Inapplicable ; Inapplicable ; Inapplicable ; Inapplicable ;
; readdata[19]       ; Inapplicable ; Inapplicable ; Inapplicable ; Inapplicable ; Inapplicable ; Pass      ; Inapplicable ; Inapplicable ; Pass      ; Pass      ; Inapplicable ; Pass         ; Inapplicable ; Inapplicable ; Inapplicable ; Inapplicable ; Pass         ; Inapplicable ; Inapplicable ; Inapplicable ; Inapplicable ; Pass         ; Inapplicable ; Inapplicable ; Inapplicable ; Inapplicable ; Inapplicable ; Inapplicable ;
; readdata[20]       ; Inapplicable ; Inapplicable ; Inapplicable ; Inapplicable ; Inapplicable ; Pass      ; Inapplicable ; Inapplicable ; Pass      ; Pass      ; Inapplicable ; Pass         ; Inapplicable ; Inapplicable ; Inapplicable ; Inapplicable ; Pass         ; Inapplicable ; Inapplicable ; Inapplicable ; Inapplicable ; Pass         ; Inapplicable ; Inapplicable ; Inapplicable ; Inapplicable ; Inapplicable ; Inapplicable ;
; readdata[21]       ; Inapplicable ; Inapplicable ; Inapplicable ; Inapplicable ; Inapplicable ; Pass      ; Inapplicable ; Inapplicable ; Pass      ; Pass      ; Inapplicable ; Pass         ; Inapplicable ; Inapplicable ; Inapplicable ; Inapplicable ; Pass         ; Inapplicable ; Inapplicable ; Inapplicable ; Inapplicable ; Pass         ; Inapplicable ; Inapplicable ; Inapplicable ; Inapplicable ; Inapplicable ; Inapplicable ;
; readdata[22]       ; Inapplicable ; Inapplicable ; Inapplicable ; Inapplicable ; Inapplicable ; Pass      ; Inapplicable ; Inapplicable ; Pass      ; Pass      ; Inapplicable ; Pass         ; Inapplicable ; Inapplicable ; Inapplicable ; Inapplicable ; Pass         ; Inapplicable ; Inapplicable ; Inapplicable ; Inapplicable ; Pass         ; Inapplicable ; Inapplicable ; Inapplicable ; Inapplicable ; Inapplicable ; Inapplicable ;
; readdata[23]       ; Inapplicable ; Inapplicable ; Inapplicable ; Inapplicable ; Inapplicable ; Pass      ; Inapplicable ; Inapplicable ; Pass      ; Pass      ; Inapplicable ; Pass         ; Inapplicable ; Inapplicable ; Inapplicable ; Inapplicable ; Pass         ; Inapplicable ; Inapplicable ; Inapplicable ; Inapplicable ; Pass         ; Inapplicable ; Inapplicable ; Inapplicable ; Inapplicable ; Inapplicable ; Inapplicable ;
; readdata[24]       ; Inapplicable ; Inapplicable ; Inapplicable ; Inapplicable ; Inapplicable ; Pass      ; Inapplicable ; Inapplicable ; Pass      ; Pass      ; Inapplicable ; Pass         ; Inapplicable ; Inapplicable ; Inapplicable ; Inapplicable ; Pass         ; Inapplicable ; Inapplicable ; Inapplicable ; Inapplicable ; Pass         ; Inapplicable ; Inapplicable ; Inapplicable ; Inapplicable ; Inapplicable ; Inapplicable ;
; readdata[25]       ; Inapplicable ; Inapplicable ; Inapplicable ; Inapplicable ; Inapplicable ; Pass      ; Inapplicable ; Inapplicable ; Pass      ; Pass      ; Inapplicable ; Pass         ; Inapplicable ; Inapplicable ; Inapplicable ; Inapplicable ; Pass         ; Inapplicable ; Inapplicable ; Inapplicable ; Inapplicable ; Pass         ; Inapplicable ; Inapplicable ; Inapplicable ; Inapplicable ; Inapplicable ; Inapplicable ;
; readdata[26]       ; Inapplicable ; Inapplicable ; Inapplicable ; Inapplicable ; Inapplicable ; Pass      ; Inapplicable ; Inapplicable ; Pass      ; Pass      ; Inapplicable ; Pass         ; Inapplicable ; Inapplicable ; Inapplicable ; Inapplicable ; Pass         ; Inapplicable ; Inapplicable ; Inapplicable ; Inapplicable ; Pass         ; Inapplicable ; Inapplicable ; Inapplicable ; Inapplicable ; Inapplicable ; Inapplicable ;
; readdata[27]       ; Inapplicable ; Inapplicable ; Inapplicable ; Inapplicable ; Inapplicable ; Pass      ; Inapplicable ; Inapplicable ; Pass      ; Pass      ; Inapplicable ; Pass         ; Inapplicable ; Inapplicable ; Inapplicable ; Inapplicable ; Pass         ; Inapplicable ; Inapplicable ; Inapplicable ; Inapplicable ; Pass         ; Inapplicable ; Inapplicable ; Inapplicable ; Inapplicable ; Inapplicable ; Inapplicable ;
; readdata[28]       ; Inapplicable ; Inapplicable ; Inapplicable ; Inapplicable ; Inapplicable ; Pass      ; Inapplicable ; Inapplicable ; Pass      ; Pass      ; Inapplicable ; Pass         ; Inapplicable ; Inapplicable ; Inapplicable ; Inapplicable ; Pass         ; Inapplicable ; Inapplicable ; Inapplicable ; Inapplicable ; Pass         ; Inapplicable ; Inapplicable ; Inapplicable ; Inapplicable ; Inapplicable ; Inapplicable ;
; readdata[29]       ; Inapplicable ; Inapplicable ; Inapplicable ; Inapplicable ; Inapplicable ; Pass      ; Inapplicable ; Inapplicable ; Pass      ; Pass      ; Inapplicable ; Pass         ; Inapplicable ; Inapplicable ; Inapplicable ; Inapplicable ; Pass         ; Inapplicable ; Inapplicable ; Inapplicable ; Inapplicable ; Pass         ; Inapplicable ; Inapplicable ; Inapplicable ; Inapplicable ; Inapplicable ; Inapplicable ;
; readdata[30]       ; Inapplicable ; Inapplicable ; Inapplicable ; Inapplicable ; Inapplicable ; Pass      ; Inapplicable ; Inapplicable ; Pass      ; Pass      ; Inapplicable ; Pass         ; Inapplicable ; Inapplicable ; Inapplicable ; Inapplicable ; Pass         ; Inapplicable ; Inapplicable ; Inapplicable ; Inapplicable ; Pass         ; Inapplicable ; Inapplicable ; Inapplicable ; Inapplicable ; Inapplicable ; Inapplicable ;
; readdata[31]       ; Inapplicable ; Inapplicable ; Inapplicable ; Inapplicable ; Inapplicable ; Pass      ; Inapplicable ; Inapplicable ; Pass      ; Pass      ; Inapplicable ; Pass         ; Inapplicable ; Inapplicable ; Inapplicable ; Inapplicable ; Pass         ; Inapplicable ; Inapplicable ; Inapplicable ; Inapplicable ; Pass         ; Inapplicable ; Inapplicable ; Inapplicable ; Inapplicable ; Inapplicable ; Inapplicable ;
; irq                ; Inapplicable ; Inapplicable ; Inapplicable ; Inapplicable ; Inapplicable ; Pass      ; Inapplicable ; Inapplicable ; Pass      ; Pass      ; Inapplicable ; Pass         ; Inapplicable ; Inapplicable ; Inapplicable ; Inapplicable ; Pass         ; Inapplicable ; Inapplicable ; Inapplicable ; Inapplicable ; Pass         ; Inapplicable ; Inapplicable ; Inapplicable ; Inapplicable ; Inapplicable ; Inapplicable ;
; waitrequest        ; Inapplicable ; Inapplicable ; Inapplicable ; Inapplicable ; Inapplicable ; Pass      ; Inapplicable ; Inapplicable ; Pass      ; Pass      ; Inapplicable ; Pass         ; Inapplicable ; Inapplicable ; Inapplicable ; Inapplicable ; Pass         ; Inapplicable ; Inapplicable ; Inapplicable ; Inapplicable ; Pass         ; Inapplicable ; Inapplicable ; Inapplicable ; Inapplicable ; Inapplicable ; Inapplicable ;
; address[3]         ; Inapplicable ; Inapplicable ; Inapplicable ; Inapplicable ; Inapplicable ; Pass      ; Inapplicable ; Inapplicable ; Pass      ; Pass      ; Inapplicable ; Inapplicable ; Inapplicable ; Inapplicable ; Inapplicable ; Inapplicable ; Inapplicable ; Inapplicable ; Inapplicable ; Inapplicable ; Inapplicable ; Inapplicable ; Inapplicable ; Inapplicable ; Inapplicable ; Inapplicable ; Inapplicable ; Inapplicable ;
; address[2]         ; Inapplicable ; Inapplicable ; Inapplicable ; Inapplicable ; Inapplicable ; Pass      ; Inapplicable ; Inapplicable ; Pass      ; Pass      ; Inapplicable ; Inapplicable ; Inapplicable ; Inapplicable ; Inapplicable ; Inapplicable ; Inapplicable ; Inapplicable ; Inapplicable ; Inapplicable ; Inapplicable ; Inapplicable ; Inapplicable ; Inapplicable ; Inapplicable ; Inapplicable ; Inapplicable ; Inapplicable ;
; address[4]         ; Inapplicable ; Inapplicable ; Inapplicable ; Inapplicable ; Inapplicable ; Pass      ; Inapplicable ; Inapplicable ; Pass      ; Pass      ; Inapplicable ; Inapplicable ; Inapplicable ; Inapplicable ; Inapplicable ; Inapplicable ; Inapplicable ; Inapplicable ; Inapplicable ; Inapplicable ; Inapplicable ; Inapplicable ; Inapplicable ; Inapplicable ; Inapplicable ; Inapplicable ; Inapplicable ; Inapplicable ;
; address[5]         ; Inapplicable ; Inapplicable ; Inapplicable ; Inapplicable ; Inapplicable ; Pass      ; Inapplicable ; Inapplicable ; Pass      ; Pass      ; Inapplicable ; Inapplicable ; Inapplicable ; Inapplicable ; Inapplicable ; Inapplicable ; Inapplicable ; Inapplicable ; Inapplicable ; Inapplicable ; Inapplicable ; Inapplicable ; Inapplicable ; Inapplicable ; Inapplicable ; Inapplicable ; Inapplicable ; Inapplicable ;
; address[6]         ; Inapplicable ; Inapplicable ; Inapplicable ; Inapplicable ; Inapplicable ; Pass      ; Inapplicable ; Inapplicable ; Pass      ; Pass      ; Inapplicable ; Inapplicable ; Inapplicable ; Inapplicable ; Inapplicable ; Inapplicable ; Inapplicable ; Inapplicable ; Inapplicable ; Inapplicable ; Inapplicable ; Inapplicable ; Inapplicable ; Inapplicable ; Inapplicable ; Inapplicable ; Inapplicable ; Inapplicable ;
; address[7]         ; Inapplicable ; Inapplicable ; Inapplicable ; Inapplicable ; Inapplicable ; Pass      ; Inapplicable ; Inapplicable ; Pass      ; Pass      ; Inapplicable ; Inapplicable ; Inapplicable ; Inapplicable ; Inapplicable ; Inapplicable ; Inapplicable ; Inapplicable ; Inapplicable ; Inapplicable ; Inapplicable ; Inapplicable ; Inapplicable ; Inapplicable ; Inapplicable ; Inapplicable ; Inapplicable ; Inapplicable ;
; address[0]         ; Inapplicable ; Inapplicable ; Inapplicable ; Inapplicable ; Inapplicable ; Pass      ; Inapplicable ; Inapplicable ; Pass      ; Pass      ; Inapplicable ; Inapplicable ; Inapplicable ; Inapplicable ; Inapplicable ; Inapplicable ; Inapplicable ; Inapplicable ; Inapplicable ; Inapplicable ; Inapplicable ; Inapplicable ; Inapplicable ; Inapplicable ; Inapplicable ; Inapplicable ; Inapplicable ; Inapplicable ;
; address[1]         ; Inapplicable ; Inapplicable ; Inapplicable ; Inapplicable ; Inapplicable ; Pass      ; Inapplicable ; Inapplicable ; Pass      ; Pass      ; Inapplicable ; Inapplicable ; Inapplicable ; Inapplicable ; Inapplicable ; Inapplicable ; Inapplicable ; Inapplicable ; Inapplicable ; Inapplicable ; Inapplicable ; Inapplicable ; Inapplicable ; Inapplicable ; Inapplicable ; Inapplicable ; Inapplicable ; Inapplicable ;
; read               ; Inapplicable ; Inapplicable ; Inapplicable ; Inapplicable ; Inapplicable ; Pass      ; Inapplicable ; Inapplicable ; Pass      ; Pass      ; Inapplicable ; Inapplicable ; Inapplicable ; Inapplicable ; Inapplicable ; Inapplicable ; Inapplicable ; Inapplicable ; Inapplicable ; Inapplicable ; Inapplicable ; Inapplicable ; Inapplicable ; Inapplicable ; Inapplicable ; Inapplicable ; Inapplicable ; Inapplicable ;
; clk                ; Inapplicable ; Inapplicable ; Inapplicable ; Inapplicable ; Inapplicable ; Pass      ; Inapplicable ; Inapplicable ; Pass      ; Pass      ; Inapplicable ; Inapplicable ; Inapplicable ; Inapplicable ; Inapplicable ; Inapplicable ; Inapplicable ; Inapplicable ; Inapplicable ; Inapplicable ; Inapplicable ; Inapplicable ; Inapplicable ; Inapplicable ; Inapplicable ; Inapplicable ; Inapplicable ; Inapplicable ;
; rst_n              ; Inapplicable ; Inapplicable ; Inapplicable ; Inapplicable ; Inapplicable ; Pass      ; Inapplicable ; Inapplicable ; Pass      ; Pass      ; Inapplicable ; Inapplicable ; Inapplicable ; Inapplicable ; Inapplicable ; Inapplicable ; Inapplicable ; Inapplicable ; Inapplicable ; Inapplicable ; Inapplicable ; Inapplicable ; Inapplicable ; Inapplicable ; Inapplicable ; Inapplicable ; Inapplicable ; Inapplicable ;
; writedata[0]       ; Inapplicable ; Inapplicable ; Inapplicable ; Inapplicable ; Inapplicable ; Pass      ; Inapplicable ; Inapplicable ; Pass      ; Pass      ; Inapplicable ; Inapplicable ; Inapplicable ; Inapplicable ; Inapplicable ; Inapplicable ; Inapplicable ; Inapplicable ; Inapplicable ; Inapplicable ; Inapplicable ; Inapplicable ; Inapplicable ; Inapplicable ; Inapplicable ; Inapplicable ; Inapplicable ; Inapplicable ;
; write              ; Inapplicable ; Inapplicable ; Inapplicable ; Inapplicable ; Inapplicable ; Pass      ; Inapplicable ; Inapplicable ; Pass      ; Pass      ; Inapplicable ; Inapplicable ; Inapplicable ; Inapplicable ; Inapplicable ; Inapplicable ; Inapplicable ; Inapplicable ; Inapplicable ; Inapplicable ; Inapplicable ; Inapplicable ; Inapplicable ; Inapplicable ; Inapplicable ; Inapplicable ; Inapplicable ; Inapplicable ;
; byteenable[3]      ; Inapplicable ; Inapplicable ; Inapplicable ; Inapplicable ; Inapplicable ; Pass      ; Inapplicable ; Inapplicable ; Pass      ; Pass      ; Inapplicable ; Inapplicable ; Inapplicable ; Inapplicable ; Inapplicable ; Inapplicable ; Inapplicable ; Inapplicable ; Inapplicable ; Inapplicable ; Inapplicable ; Inapplicable ; Inapplicable ; Inapplicable ; Inapplicable ; Inapplicable ; Inapplicable ; Inapplicable ;
; byteenable[2]      ; Inapplicable ; Inapplicable ; Inapplicable ; Inapplicable ; Inapplicable ; Pass      ; Inapplicable ; Inapplicable ; Pass      ; Pass      ; Inapplicable ; Inapplicable ; Inapplicable ; Inapplicable ; Inapplicable ; Inapplicable ; Inapplicable ; Inapplicable ; Inapplicable ; Inapplicable ; Inapplicable ; Inapplicable ; Inapplicable ; Inapplicable ; Inapplicable ; Inapplicable ; Inapplicable ; Inapplicable ;
; byteenable[0]      ; Inapplicable ; Inapplicable ; Inapplicable ; Inapplicable ; Inapplicable ; Pass      ; Inapplicable ; Inapplicable ; Pass      ; Pass      ; Inapplicable ; Inapplicable ; Inapplicable ; Inapplicable ; Inapplicable ; Inapplicable ; Inapplicable ; Inapplicable ; Inapplicable ; Inapplicable ; Inapplicable ; Inapplicable ; Inapplicable ; Inapplicable ; Inapplicable ; Inapplicable ; Inapplicable ; Inapplicable ;
; byteenable[1]      ; Inapplicable ; Inapplicable ; Inapplicable ; Inapplicable ; Inapplicable ; Pass      ; Inapplicable ; Inapplicable ; Pass      ; Pass      ; Inapplicable ; Inapplicable ; Inapplicable ; Inapplicable ; Inapplicable ; Inapplicable ; Inapplicable ; Inapplicable ; Inapplicable ; Inapplicable ; Inapplicable ; Inapplicable ; Inapplicable ; Inapplicable ; Inapplicable ; Inapplicable ; Inapplicable ; Inapplicable ;
; writedata[2]       ; Inapplicable ; Inapplicable ; Inapplicable ; Inapplicable ; Inapplicable ; Pass      ; Inapplicable ; Inapplicable ; Pass      ; Pass      ; Inapplicable ; Inapplicable ; Inapplicable ; Inapplicable ; Inapplicable ; Inapplicable ; Inapplicable ; Inapplicable ; Inapplicable ; Inapplicable ; Inapplicable ; Inapplicable ; Inapplicable ; Inapplicable ; Inapplicable ; Inapplicable ; Inapplicable ; Inapplicable ;
; writedata[1]       ; Inapplicable ; Inapplicable ; Inapplicable ; Inapplicable ; Inapplicable ; Pass      ; Inapplicable ; Inapplicable ; Pass      ; Pass      ; Inapplicable ; Inapplicable ; Inapplicable ; Inapplicable ; Inapplicable ; Inapplicable ; Inapplicable ; Inapplicable ; Inapplicable ; Inapplicable ; Inapplicable ; Inapplicable ; Inapplicable ; Inapplicable ; Inapplicable ; Inapplicable ; Inapplicable ; Inapplicable ;
; writedata[8]       ; Inapplicable ; Inapplicable ; Inapplicable ; Inapplicable ; Inapplicable ; Pass      ; Inapplicable ; Inapplicable ; Pass      ; Pass      ; Inapplicable ; Inapplicable ; Inapplicable ; Inapplicable ; Inapplicable ; Inapplicable ; Inapplicable ; Inapplicable ; Inapplicable ; Inapplicable ; Inapplicable ; Inapplicable ; Inapplicable ; Inapplicable ; Inapplicable ; Inapplicable ; Inapplicable ; Inapplicable ;
; writedata[14]      ; Inapplicable ; Inapplicable ; Inapplicable ; Inapplicable ; Inapplicable ; Pass      ; Inapplicable ; Inapplicable ; Pass      ; Pass      ; Inapplicable ; Inapplicable ; Inapplicable ; Inapplicable ; Inapplicable ; Inapplicable ; Inapplicable ; Inapplicable ; Inapplicable ; Inapplicable ; Inapplicable ; Inapplicable ; Inapplicable ; Inapplicable ; Inapplicable ; Inapplicable ; Inapplicable ; Inapplicable ;
; writedata[13]      ; Inapplicable ; Inapplicable ; Inapplicable ; Inapplicable ; Inapplicable ; Pass      ; Inapplicable ; Inapplicable ; Pass      ; Pass      ; Inapplicable ; Inapplicable ; Inapplicable ; Inapplicable ; Inapplicable ; Inapplicable ; Inapplicable ; Inapplicable ; Inapplicable ; Inapplicable ; Inapplicable ; Inapplicable ; Inapplicable ; Inapplicable ; Inapplicable ; Inapplicable ; Inapplicable ; Inapplicable ;
; writedata[12]      ; Inapplicable ; Inapplicable ; Inapplicable ; Inapplicable ; Inapplicable ; Pass      ; Inapplicable ; Inapplicable ; Pass      ; Pass      ; Inapplicable ; Inapplicable ; Inapplicable ; Inapplicable ; Inapplicable ; Inapplicable ; Inapplicable ; Inapplicable ; Inapplicable ; Inapplicable ; Inapplicable ; Inapplicable ; Inapplicable ; Inapplicable ; Inapplicable ; Inapplicable ; Inapplicable ; Inapplicable ;
; writedata[11]      ; Inapplicable ; Inapplicable ; Inapplicable ; Inapplicable ; Inapplicable ; Pass      ; Inapplicable ; Inapplicable ; Pass      ; Pass      ; Inapplicable ; Inapplicable ; Inapplicable ; Inapplicable ; Inapplicable ; Inapplicable ; Inapplicable ; Inapplicable ; Inapplicable ; Inapplicable ; Inapplicable ; Inapplicable ; Inapplicable ; Inapplicable ; Inapplicable ; Inapplicable ; Inapplicable ; Inapplicable ;
; writedata[9]       ; Inapplicable ; Inapplicable ; Inapplicable ; Inapplicable ; Inapplicable ; Pass      ; Inapplicable ; Inapplicable ; Pass      ; Pass      ; Inapplicable ; Inapplicable ; Inapplicable ; Inapplicable ; Inapplicable ; Inapplicable ; Inapplicable ; Inapplicable ; Inapplicable ; Inapplicable ; Inapplicable ; Inapplicable ; Inapplicable ; Inapplicable ; Inapplicable ; Inapplicable ; Inapplicable ; Inapplicable ;
; writedata[10]      ; Inapplicable ; Inapplicable ; Inapplicable ; Inapplicable ; Inapplicable ; Pass      ; Inapplicable ; Inapplicable ; Pass      ; Pass      ; Inapplicable ; Inapplicable ; Inapplicable ; Inapplicable ; Inapplicable ; Inapplicable ; Inapplicable ; Inapplicable ; Inapplicable ; Inapplicable ; Inapplicable ; Inapplicable ; Inapplicable ; Inapplicable ; Inapplicable ; Inapplicable ; Inapplicable ; Inapplicable ;
; writedata[20]      ; Inapplicable ; Inapplicable ; Inapplicable ; Inapplicable ; Inapplicable ; Pass      ; Inapplicable ; Inapplicable ; Pass      ; Pass      ; Inapplicable ; Inapplicable ; Inapplicable ; Inapplicable ; Inapplicable ; Inapplicable ; Inapplicable ; Inapplicable ; Inapplicable ; Inapplicable ; Inapplicable ; Inapplicable ; Inapplicable ; Inapplicable ; Inapplicable ; Inapplicable ; Inapplicable ; Inapplicable ;
; writedata[19]      ; Inapplicable ; Inapplicable ; Inapplicable ; Inapplicable ; Inapplicable ; Pass      ; Inapplicable ; Inapplicable ; Pass      ; Pass      ; Inapplicable ; Inapplicable ; Inapplicable ; Inapplicable ; Inapplicable ; Inapplicable ; Inapplicable ; Inapplicable ; Inapplicable ; Inapplicable ; Inapplicable ; Inapplicable ; Inapplicable ; Inapplicable ; Inapplicable ; Inapplicable ; Inapplicable ; Inapplicable ;
; writedata[18]      ; Inapplicable ; Inapplicable ; Inapplicable ; Inapplicable ; Inapplicable ; Pass      ; Inapplicable ; Inapplicable ; Pass      ; Pass      ; Inapplicable ; Inapplicable ; Inapplicable ; Inapplicable ; Inapplicable ; Inapplicable ; Inapplicable ; Inapplicable ; Inapplicable ; Inapplicable ; Inapplicable ; Inapplicable ; Inapplicable ; Inapplicable ; Inapplicable ; Inapplicable ; Inapplicable ; Inapplicable ;
; writedata[17]      ; Inapplicable ; Inapplicable ; Inapplicable ; Inapplicable ; Inapplicable ; Pass      ; Inapplicable ; Inapplicable ; Pass      ; Pass      ; Inapplicable ; Inapplicable ; Inapplicable ; Inapplicable ; Inapplicable ; Inapplicable ; Inapplicable ; Inapplicable ; Inapplicable ; Inapplicable ; Inapplicable ; Inapplicable ; Inapplicable ; Inapplicable ; Inapplicable ; Inapplicable ; Inapplicable ; Inapplicable ;
; writedata[15]      ; Inapplicable ; Inapplicable ; Inapplicable ; Inapplicable ; Inapplicable ; Pass      ; Inapplicable ; Inapplicable ; Pass      ; Pass      ; Inapplicable ; Inapplicable ; Inapplicable ; Inapplicable ; Inapplicable ; Inapplicable ; Inapplicable ; Inapplicable ; Inapplicable ; Inapplicable ; Inapplicable ; Inapplicable ; Inapplicable ; Inapplicable ; Inapplicable ; Inapplicable ; Inapplicable ; Inapplicable ;
; writedata[16]      ; Inapplicable ; Inapplicable ; Inapplicable ; Inapplicable ; Inapplicable ; Pass      ; Inapplicable ; Inapplicable ; Pass      ; Pass      ; Inapplicable ; Inapplicable ; Inapplicable ; Inapplicable ; Inapplicable ; Inapplicable ; Inapplicable ; Inapplicable ; Inapplicable ; Inapplicable ; Inapplicable ; Inapplicable ; Inapplicable ; Inapplicable ; Inapplicable ; Inapplicable ; Inapplicable ; Inapplicable ;
; writedata[26]      ; Inapplicable ; Inapplicable ; Inapplicable ; Inapplicable ; Inapplicable ; Pass      ; Inapplicable ; Inapplicable ; Pass      ; Pass      ; Inapplicable ; Inapplicable ; Inapplicable ; Inapplicable ; Inapplicable ; Inapplicable ; Inapplicable ; Inapplicable ; Inapplicable ; Inapplicable ; Inapplicable ; Inapplicable ; Inapplicable ; Inapplicable ; Inapplicable ; Inapplicable ; Inapplicable ; Inapplicable ;
; writedata[25]      ; Inapplicable ; Inapplicable ; Inapplicable ; Inapplicable ; Inapplicable ; Pass      ; Inapplicable ; Inapplicable ; Pass      ; Pass      ; Inapplicable ; Inapplicable ; Inapplicable ; Inapplicable ; Inapplicable ; Inapplicable ; Inapplicable ; Inapplicable ; Inapplicable ; Inapplicable ; Inapplicable ; Inapplicable ; Inapplicable ; Inapplicable ; Inapplicable ; Inapplicable ; Inapplicable ; Inapplicable ;
; writedata[24]      ; Inapplicable ; Inapplicable ; Inapplicable ; Inapplicable ; Inapplicable ; Pass      ; Inapplicable ; Inapplicable ; Pass      ; Pass      ; Inapplicable ; Inapplicable ; Inapplicable ; Inapplicable ; Inapplicable ; Inapplicable ; Inapplicable ; Inapplicable ; Inapplicable ; Inapplicable ; Inapplicable ; Inapplicable ; Inapplicable ; Inapplicable ; Inapplicable ; Inapplicable ; Inapplicable ; Inapplicable ;
; writedata[23]      ; Inapplicable ; Inapplicable ; Inapplicable ; Inapplicable ; Inapplicable ; Pass      ; Inapplicable ; Inapplicable ; Pass      ; Pass      ; Inapplicable ; Inapplicable ; Inapplicable ; Inapplicable ; Inapplicable ; Inapplicable ; Inapplicable ; Inapplicable ; Inapplicable ; Inapplicable ; Inapplicable ; Inapplicable ; Inapplicable ; Inapplicable ; Inapplicable ; Inapplicable ; Inapplicable ; Inapplicable ;
; writedata[21]      ; Inapplicable ; Inapplicable ; Inapplicable ; Inapplicable ; Inapplicable ; Pass      ; Inapplicable ; Inapplicable ; Pass      ; Pass      ; Inapplicable ; Inapplicable ; Inapplicable ; Inapplicable ; Inapplicable ; Inapplicable ; Inapplicable ; Inapplicable ; Inapplicable ; Inapplicable ; Inapplicable ; Inapplicable ; Inapplicable ; Inapplicable ; Inapplicable ; Inapplicable ; Inapplicable ; Inapplicable ;
; writedata[22]      ; Inapplicable ; Inapplicable ; Inapplicable ; Inapplicable ; Inapplicable ; Pass      ; Inapplicable ; Inapplicable ; Pass      ; Pass      ; Inapplicable ; Inapplicable ; Inapplicable ; Inapplicable ; Inapplicable ; Inapplicable ; Inapplicable ; Inapplicable ; Inapplicable ; Inapplicable ; Inapplicable ; Inapplicable ; Inapplicable ; Inapplicable ; Inapplicable ; Inapplicable ; Inapplicable ; Inapplicable ;
; writedata[31]      ; Inapplicable ; Inapplicable ; Inapplicable ; Inapplicable ; Inapplicable ; Pass      ; Inapplicable ; Inapplicable ; Pass      ; Pass      ; Inapplicable ; Inapplicable ; Inapplicable ; Inapplicable ; Inapplicable ; Inapplicable ; Inapplicable ; Inapplicable ; Inapplicable ; Inapplicable ; Inapplicable ; Inapplicable ; Inapplicable ; Inapplicable ; Inapplicable ; Inapplicable ; Inapplicable ; Inapplicable ;
; writedata[30]      ; Inapplicable ; Inapplicable ; Inapplicable ; Inapplicable ; Inapplicable ; Pass      ; Inapplicable ; Inapplicable ; Pass      ; Pass      ; Inapplicable ; Inapplicable ; Inapplicable ; Inapplicable ; Inapplicable ; Inapplicable ; Inapplicable ; Inapplicable ; Inapplicable ; Inapplicable ; Inapplicable ; Inapplicable ; Inapplicable ; Inapplicable ; Inapplicable ; Inapplicable ; Inapplicable ; Inapplicable ;
; writedata[29]      ; Inapplicable ; Inapplicable ; Inapplicable ; Inapplicable ; Inapplicable ; Pass      ; Inapplicable ; Inapplicable ; Pass      ; Pass      ; Inapplicable ; Inapplicable ; Inapplicable ; Inapplicable ; Inapplicable ; Inapplicable ; Inapplicable ; Inapplicable ; Inapplicable ; Inapplicable ; Inapplicable ; Inapplicable ; Inapplicable ; Inapplicable ; Inapplicable ; Inapplicable ; Inapplicable ; Inapplicable ;
; writedata[27]      ; Inapplicable ; Inapplicable ; Inapplicable ; Inapplicable ; Inapplicable ; Pass      ; Inapplicable ; Inapplicable ; Pass      ; Pass      ; Inapplicable ; Inapplicable ; Inapplicable ; Inapplicable ; Inapplicable ; Inapplicable ; Inapplicable ; Inapplicable ; Inapplicable ; Inapplicable ; Inapplicable ; Inapplicable ; Inapplicable ; Inapplicable ; Inapplicable ; Inapplicable ; Inapplicable ; Inapplicable ;
; writedata[28]      ; Inapplicable ; Inapplicable ; Inapplicable ; Inapplicable ; Inapplicable ; Pass      ; Inapplicable ; Inapplicable ; Pass      ; Pass      ; Inapplicable ; Inapplicable ; Inapplicable ; Inapplicable ; Inapplicable ; Inapplicable ; Inapplicable ; Inapplicable ; Inapplicable ; Inapplicable ; Inapplicable ; Inapplicable ; Inapplicable ; Inapplicable ; Inapplicable ; Inapplicable ; Inapplicable ; Inapplicable ;
; writedata[6]       ; Inapplicable ; Inapplicable ; Inapplicable ; Inapplicable ; Inapplicable ; Pass      ; Inapplicable ; Inapplicable ; Pass      ; Pass      ; Inapplicable ; Inapplicable ; Inapplicable ; Inapplicable ; Inapplicable ; Inapplicable ; Inapplicable ; Inapplicable ; Inapplicable ; Inapplicable ; Inapplicable ; Inapplicable ; Inapplicable ; Inapplicable ; Inapplicable ; Inapplicable ; Inapplicable ; Inapplicable ;
; writedata[7]       ; Inapplicable ; Inapplicable ; Inapplicable ; Inapplicable ; Inapplicable ; Pass      ; Inapplicable ; Inapplicable ; Pass      ; Pass      ; Inapplicable ; Inapplicable ; Inapplicable ; Inapplicable ; Inapplicable ; Inapplicable ; Inapplicable ; Inapplicable ; Inapplicable ; Inapplicable ; Inapplicable ; Inapplicable ; Inapplicable ; Inapplicable ; Inapplicable ; Inapplicable ; Inapplicable ; Inapplicable ;
; writedata[5]       ; Inapplicable ; Inapplicable ; Inapplicable ; Inapplicable ; Inapplicable ; Pass      ; Inapplicable ; Inapplicable ; Pass      ; Pass      ; Inapplicable ; Inapplicable ; Inapplicable ; Inapplicable ; Inapplicable ; Inapplicable ; Inapplicable ; Inapplicable ; Inapplicable ; Inapplicable ; Inapplicable ; Inapplicable ; Inapplicable ; Inapplicable ; Inapplicable ; Inapplicable ; Inapplicable ; Inapplicable ;
; writedata[4]       ; Inapplicable ; Inapplicable ; Inapplicable ; Inapplicable ; Inapplicable ; Pass      ; Inapplicable ; Inapplicable ; Pass      ; Pass      ; Inapplicable ; Inapplicable ; Inapplicable ; Inapplicable ; Inapplicable ; Inapplicable ; Inapplicable ; Inapplicable ; Inapplicable ; Inapplicable ; Inapplicable ; Inapplicable ; Inapplicable ; Inapplicable ; Inapplicable ; Inapplicable ; Inapplicable ; Inapplicable ;
; writedata[3]       ; Inapplicable ; Inapplicable ; Inapplicable ; Inapplicable ; Inapplicable ; Pass      ; Inapplicable ; Inapplicable ; Pass      ; Pass      ; Inapplicable ; Inapplicable ; Inapplicable ; Inapplicable ; Inapplicable ; Inapplicable ; Inapplicable ; Inapplicable ; Inapplicable ; Inapplicable ; Inapplicable ; Inapplicable ; Inapplicable ; Inapplicable ; Inapplicable ; Inapplicable ; Inapplicable ; Inapplicable ;
+--------------------+--------------+--------------+--------------+--------------+--------------+-----------+--------------+--------------+-----------+-----------+--------------+--------------+--------------+--------------+--------------+--------------+--------------+--------------+--------------+--------------+--------------+--------------+--------------+--------------+--------------+--------------+--------------+--------------+


+------------------------------------------------------------------------------------------------+
; Fitter Device Options                                                                          ;
+------------------------------------------------------------------+-----------------------------+
; Option                                                           ; Setting                     ;
+------------------------------------------------------------------+-----------------------------+
; Enable user-supplied start-up clock (CLKUSR)                     ; Off                         ;
; Enable device-wide reset (DEV_CLRn)                              ; Off                         ;
; Enable device-wide output enable (DEV_OE)                        ; Off                         ;
; Enable INIT_DONE output                                          ; Off                         ;
; Configuration scheme                                             ; Passive Serial              ;
; Enable Error Detection CRC_ERROR pin                             ; Off                         ;
; Enable CvP_CONFDONE pin                                          ; Off                         ;
; Enable open drain on CRC_ERROR pin                               ; On                          ;
; Enable open drain on CvP_CONFDONE pin                            ; On                          ;
; Enable open drain on INIT_DONE pin                               ; On                          ;
; Enable open drain on Partial Reconfiguration pins                ; Off                         ;
; Enable open drain on nCEO pin                                    ; On                          ;
; Enable Partial Reconfiguration pins                              ; Off                         ;
; Enable input tri-state on active configuration pins in user mode ; Off                         ;
; Enable internal scrubbing                                        ; Off                         ;
; Active Serial clock source                                       ; 100 MHz Internal Oscillator ;
; Device initialization clock source                               ; Internal Oscillator         ;
; Configuration via Protocol                                       ; Off                         ;
; Configuration Voltage Level                                      ; Auto                        ;
; Force Configuration Voltage Level                                ; Off                         ;
; Enable nCEO output                                               ; Off                         ;
; Data[15..8]                                                      ; Unreserved                  ;
; Data[7..5]                                                       ; Unreserved                  ;
; Base pin-out file on sameframe device                            ; Off                         ;
+------------------------------------------------------------------+-----------------------------+


+------------------------------------+
; Operating Settings and Conditions  ;
+---------------------------+--------+
; Setting                   ; Value  ;
+---------------------------+--------+
; Nominal Core Voltage      ; 1.10 V ;
; Low Junction Temperature  ; -40 °C ;
; High Junction Temperature ; 100 °C ;
+---------------------------+--------+


+-----------------+
; Fitter Messages ;
+-----------------+
Warning (18236): Number of processors has not been specified which may cause overloading on shared machines.  Set the global assignment NUM_PARALLEL_PROCESSORS in your QSF to an appropriate value for best performance.
Info (20030): Parallel compilation is enabled and will use 12 of the 12 processors detected
Info (119006): Selected device 5CSEBA6U23I7 for design "dualguard_128"
Info (21077): Low junction temperature is -40 degrees C
Info (21077): High junction temperature is 100 degrees C
Info (171003): Fitter is performing an Auto Fit compilation, which may decrease Fitter effort to reduce compilation time
Warning (292013): Feature LogicLock is only available with a valid subscription license. You can purchase a software subscription to gain full access to this feature.
Warning (15714): Some pins have incomplete I/O assignments. Refer to the I/O Assignment Warnings report for details
Info (176045): Design uses memory blocks. Violating setup or hold times of memory block address registers for either read or write operations could cause memory contents to be corrupted. Make sure that all memory block address registers meet the setup and hold time requirements.
Critical Warning (169085): No exact pin location assignment(s) for 82 pins of 82 total pins. For the list of pins please refer to the I/O Assignment Warnings table in the fitter report.
Info (184020): Starting Fitter periphery placement operations
Info (11191): Automatically promoted 1 clock (1 global)
    Info (11162): clk~inputCLKENA0 with 14229 fanout uses global clock CLKCTRL_G14
        Info (12525): This signal is driven by core routing -- it may be moved during placement to reduce routing delays
Warning (16406): 1 global input pin(s) will use non-dedicated clock routing
    Warning (16469): Source REFCLK I/O cannot be routed using dedicated clock routing for global clock driver clk~inputCLKENA0, placed at CLKCTRL_G14
        Info (179012): Refclk input I/O pad clk is placed onto PIN_Y24
Info (184021): Fitter periphery placement operations ending: elapsed time is 00:00:01
Info (176233): Starting register packing
Info (332104): Reading SDC File: 'dualguard.sdc'
Info (332143): No user constrained clock uncertainty found in the design. Calling "derive_clock_uncertainty"
Info (332123): Deriving Clock Uncertainty. Please refer to report_sdc in the Timing Analyzer to see clock uncertainties.
Info (332129): Detected timing requirements -- optimizing circuit to achieve only the specified requirements
Info (332111): Found 1 clocks
    Info (332111):   Period   Clock Name
    Info (332111): ======== ============
    Info (332111):   10.000          clk
Info (176235): Finished register packing
    Extra Info (176219): No registers were packed into other blocks
Error (184036): Cannot place the following 19 DSP cells -- a legal placement which satisfies all the DSP requirements could not be found
    Info (184037): Node "dg_csr_top:u_dualguard|dg_tile_core:core|dg_mac_lane:banks[16].mac|Mult0~mac"
    Info (184037): Node "dg_csr_top:u_dualguard|dg_tile_core:core|dg_mac_lane:banks[17].mac|Mult0~mac"
    Info (184037): Node "dg_csr_top:u_dualguard|dg_tile_core:core|dg_mac_lane:banks[18].mac|Mult0~mac"
    Info (184037): Node "dg_csr_top:u_dualguard|dg_tile_core:core|dg_mac_lane:banks[19].mac|Mult0~mac"
    Info (184037): Node "dg_csr_top:u_dualguard|dg_tile_core:core|dg_mac_lane:banks[20].mac|Mult0~mac"
    Info (184037): Node "dg_csr_top:u_dualguard|dg_tile_core:core|dg_mac_lane:banks[21].mac|Mult0~mac"
    Info (184037): Node "dg_csr_top:u_dualguard|dg_tile_core:core|dg_mac_lane:banks[22].mac|Mult0~mac"
    Info (184037): Node "dg_csr_top:u_dualguard|dg_tile_core:core|dg_mac_lane:banks[23].mac|Mult0~mac"
    Info (184037): Node "dg_csr_top:u_dualguard|dg_tile_core:core|dg_mac_lane:banks[24].mac|Mult0~mac"
    Info (184037): Node "dg_csr_top:u_dualguard|dg_tile_core:core|dg_mac_lane:banks[25].mac|Mult0~mac"
    Info (18798): And 9 more similar nodes (full list omitted for brevity)
Info (11798): Fitter preparation operations ending: elapsed time is 00:00:19
Warning (171167): Found invalid Fitter assignments. See the Ignored Assignments panel in the Fitter Compilation Report for more information.
Error (11802): Can't fit design in device. Modify your design to reduce resources, or choose a larger device. The Intel FPGA Knowledge Database contains many articles with specific details on how to resolve this error. Visit the Knowledge Database at https://www.altera.com/support/support-resources/knowledge-base/search.html and search for this specific error message number.
Info (144001): Generated suppressed messages file D:/LOMBA/HACKATOWN-PERURI/DualGuard/quartus/dualguard_8/output_files/dualguard_128.fit.smsg
Error: Quartus Prime Fitter was unsuccessful. 2 errors, 7 warnings
    Error: Peak virtual memory: 6194 megabytes
    Error: Processing ended: Thu Oct  8 13:12:23 2026
    Error: Elapsed time: 00:00:44
    Error: Total CPU time (on all processors): 00:00:42


+----------------------------+
; Fitter Suppressed Messages ;
+----------------------------+
The suppressed messages can be found in D:/LOMBA/HACKATOWN-PERURI/DualGuard/quartus/dualguard_8/output_files/dualguard_128.fit.smsg.


